# mdx2fbx bind-pose preview
o Geoset_00
g Geoset_00
v -3.234970 123.059998 10.608900
v -4.946580 121.100998 8.712070
v -2.889730 122.170998 14.014400
v -2.889730 122.170998 14.014400
v -0.192720 124.122002 13.951600
v -3.234970 123.059998 10.608900
v -0.192720 124.122002 13.951600
v -0.192720 123.872002 8.790760
v -3.234970 123.059998 10.608900
v -0.192720 124.122002 13.951600
v 2.849490 123.059998 10.608900
v -0.192720 123.872002 8.790760
v 2.849490 123.059998 10.608900
v -0.192720 121.306000 4.635010
v -0.192720 123.872002 8.790760
v 4.561120 121.100998 8.712070
v -0.192720 121.306000 4.635010
v 2.849490 123.059998 10.608900
v 4.561120 121.100998 8.712070
v 5.527930 114.345001 4.054060
v -0.192720 121.306000 4.635010
v 5.527930 114.345001 4.054060
v 4.561120 121.100998 8.712070
v 4.969230 118.005997 8.779120
v 5.527930 114.345001 4.054060
v 4.969230 118.005997 8.779120
v 7.245970 112.995003 8.887680
v 4.711670 117.932999 11.061100
v 7.245970 112.995003 8.887680
v 4.969230 118.005997 8.779120
v -0.192720 124.122002 13.951600
v -2.889730 122.170998 14.014400
v -0.192720 121.540001 16.889000
v -0.192720 124.122002 13.951600
v -0.192720 121.540001 16.889000
v 2.504260 122.170998 14.014400
v 2.504260 122.170998 14.014400
v 2.849490 123.059998 10.608900
v -0.192720 124.122002 13.951600
v 2.849490 123.059998 10.608900
v 2.504260 122.170998 14.014400
v 4.561120 121.100998 8.712070
v 4.711670 117.932999 11.061100
v 4.969230 118.005997 8.779120
v 4.561120 121.100998 8.712070
v 4.561120 121.100998 8.712070
v 2.504260 122.170998 14.014400
v 4.711670 117.932999 11.061100
v 4.711670 117.932999 11.061100
v 2.504260 122.170998 14.014400
v 3.023060 119.898003 15.097300
v 3.023060 119.898003 15.097300
v 2.504260 122.170998 14.014400
v -0.192720 120.397003 16.243000
v 5.527930 114.345001 4.054060
v 7.245970 112.995003 8.887680
v 9.417220 110.656998 8.266980
v 9.417220 110.656998 8.266980
v 7.245970 112.995003 8.887680
v 5.617520 110.842003 9.036250
v 5.617520 110.842003 9.036250
v 7.245970 112.995003 8.887680
v 5.100280 112.257004 10.711900
v 7.245970 112.995003 8.887680
v 4.711670 117.932999 11.061100
v 5.100280 112.257004 10.711900
v 4.711670 117.932999 11.061100
v 3.947430 116.169998 11.141400
v 5.100280 112.257004 10.711900
v 5.100280 112.257004 10.711900
v 3.947430 116.169998 11.141400
v 4.395870 113.084000 13.424200
v 3.947430 116.169998 11.141400
v 3.148660 115.835999 14.184000
v 4.395870 113.084000 13.424200
v 2.581720 114.987000 15.206300
v 4.395870 113.084000 13.424200
v 3.148660 115.835999 14.184000
v 1.413890 115.714996 15.296500
v 2.581720 114.987000 15.206300
v 3.148660 115.835999 14.184000
v 1.413890 115.714996 15.296500
v -0.192720 115.277000 16.848600
v 2.581720 114.987000 15.206300
v 4.158230 117.612000 13.137100
v 3.947430 116.169998 11.141400
v 4.711670 117.932999 11.061100
v 3.947430 116.169998 11.141400
v 4.158230 117.612000 13.137100
v 3.148660 115.835999 14.184000
v 1.413890 115.714996 15.296500
v 3.148660 115.835999 14.184000
v 2.286500 116.822998 15.689800
v 4.711670 117.932999 11.061100
v 3.023060 119.898003 15.097300
v 3.162640 119.382004 15.722900
v 3.188870 118.306999 13.865000
v 4.711670 117.932999 11.061100
v 3.162640 119.382004 15.722900
v 4.711670 117.932999 11.061100
v 3.188870 118.306999 13.865000
v 4.158230 117.612000 13.137100
v 4.158230 117.612000 13.137100
v 3.188870 118.306999 13.865000
v 2.010720 117.522003 14.874000
v 4.158230 117.612000 13.137100
v 2.010720 117.522003 14.874000
v 2.286500 116.822998 15.689800
v 2.010720 117.522003 14.874000
v 0.603600 117.802002 15.241700
v 2.286500 116.822998 15.689800
v 0.603600 117.802002 15.241700
v 1.413890 115.714996 15.296500
v 2.286500 116.822998 15.689800
v 2.082040 118.861000 14.945400
v 3.188870 118.306999 13.865000
v 3.162640 119.382004 15.722900
v -0.192720 118.582001 16.356501
v 2.082040 118.861000 14.945400
v 3.162640 119.382004 15.722900
v 2.082040 118.861000 14.945400
v -0.192720 118.582001 16.356501
v 0.603600 117.802002 15.241700
v -0.192720 117.782997 17.134701
v 0.603600 117.802002 15.241700
v -0.192720 118.582001 16.356501
v -0.192720 117.782997 17.134701
v -0.192720 118.582001 16.356501
v -0.989080 117.802002 15.241700
v -2.498210 118.861000 14.928800
v -0.989080 117.802002 15.241700
v -0.192720 118.582001 16.356501
v -0.192720 118.582001 16.356501
v -3.548110 119.382004 15.722900
v -2.498210 118.861000 14.928800
v -5.097140 117.932999 11.061100
v -3.548110 119.382004 15.722900
v -3.408520 119.898003 15.097300
v -3.574350 118.306999 13.865000
v -3.548110 119.382004 15.722900
v -5.097140 117.932999 11.061100
v -2.498210 118.861000 14.928800
v -3.548110 119.382004 15.722900
v -3.574350 118.306999 13.865000
v -5.097140 117.932999 11.061100
v -4.946580 121.100998 8.712070
v -5.314520 118.126999 8.776490
v -4.946580 121.100998 8.712070
v -5.097140 117.932999 11.061100
v -2.889730 122.170998 14.014400
v -5.097140 117.932999 11.061100
v -3.408520 119.898003 15.097300
v -2.889730 122.170998 14.014400
v -3.408520 119.898003 15.097300
v -0.192720 120.397003 16.243000
v -2.889730 122.170998 14.014400
v -3.408520 119.898003 15.097300
v -0.192720 118.582001 16.356501
v -0.192720 120.397003 16.243000
v 3.023060 119.898003 15.097300
v -0.192720 120.397003 16.243000
v -0.192720 118.582001 16.356501
v -4.543710 117.612000 13.137100
v -5.097140 117.932999 11.061100
v -4.332910 116.169998 11.141400
v -5.097140 117.932999 11.061100
v -4.543710 117.612000 13.137100
v -3.574350 118.306999 13.865000
v -4.543710 117.612000 13.137100
v -2.396190 117.522003 14.874000
v -3.574350 118.306999 13.865000
v -4.332910 116.169998 11.141400
v -3.534140 115.835999 14.184000
v -4.543710 117.612000 13.137100
v -4.543710 117.612000 13.137100
v -2.671970 116.822998 15.689800
v -2.396190 117.522003 14.874000
v -2.396190 117.522003 14.874000
v -2.671970 116.822998 15.689800
v -0.989080 117.802002 15.241700
v -0.989080 117.802002 15.241700
v -2.671970 116.822998 15.689800
v -1.799360 115.714996 15.296500
v -1.799360 115.714996 15.296500
v -2.671970 116.822998 15.689800
v -3.534140 115.835999 14.184000
v -1.799360 115.714996 15.296500
v -2.967200 114.987000 15.206300
v -0.192720 115.277000 16.848600
v -1.799360 115.714996 15.296500
v -3.534140 115.835999 14.184000
v -2.967200 114.987000 15.206300
v -2.967200 114.987000 15.206300
v -3.534140 115.835999 14.184000
v -4.803320 113.084000 13.424200
v -4.332910 116.169998 11.141400
v -4.803320 113.084000 13.424200
v -3.534140 115.835999 14.184000
v -5.485760 112.257004 10.711900
v -4.803320 113.084000 13.424200
v -4.332910 116.169998 11.141400
v -5.097140 117.932999 11.061100
v -5.485760 112.257004 10.711900
v -4.332910 116.169998 11.141400
v -7.631450 112.995003 8.887680
v -5.485760 112.257004 10.711900
v -5.097140 117.932999 11.061100
v -5.097140 117.932999 11.061100
v -5.314520 118.126999 8.776490
v -7.631450 112.995003 8.887680
v -5.913410 114.345001 4.054060
v -7.631450 112.995003 8.887680
v -5.314520 118.126999 8.776490
v -5.913410 114.345001 4.054060
v -5.314520 118.126999 8.776490
v -4.946580 121.100998 8.712070
v -6.002990 110.842003 9.036250
v -5.485760 112.257004 10.711900
v -7.631450 112.995003 8.887680
v -9.921120 110.656998 8.266980
v -6.002990 110.842003 9.036250
v -7.631450 112.995003 8.887680
v -5.913410 114.345001 4.054060
v -9.921120 110.656998 8.266980
v -7.631450 112.995003 8.887680
v -5.485760 112.257004 10.711900
v -5.237140 110.388000 11.414400
v -4.803320 113.084000 13.424200
v -5.237140 110.388000 11.414400
v -4.530360 111.754997 14.894600
v -4.803320 113.084000 13.424200
v -4.803320 113.084000 13.424200
v -4.530360 111.754997 14.894600
v -2.688320 113.313004 17.397800
v -4.946580 121.100998 8.712070
v -0.192720 121.306000 4.635010
v -5.913410 114.345001 4.054060
v -4.946580 121.100998 8.712070
v -3.234970 123.059998 10.608900
v -0.192720 121.306000 4.635010
v -3.234970 123.059998 10.608900
v -0.192720 123.872002 8.790760
v -0.192720 121.306000 4.635010
v -0.192720 121.306000 4.635010
v 5.527930 114.345001 4.054060
v -0.192720 115.404999 1.614070
v -0.192720 121.306000 4.635010
v -0.192720 115.404999 1.614070
v -5.913410 114.345001 4.054060
v -18.734501 65.978996 5.135310
v -16.887800 46.548801 -4.157110
v -32.843700 46.524200 -4.243410
v -16.887800 46.548801 -4.157110
v -18.734501 65.978996 5.135310
v -24.935400 54.527302 15.739600
v -20.192301 67.667000 20.556601
v -24.935400 54.527302 15.739600
v -18.734501 65.978996 5.135310
v -24.935400 54.527302 15.739600
v -20.192301 67.667000 20.556601
v -27.032101 70.383202 12.682900
v -32.843700 46.524200 -4.243410
v -24.935400 54.527302 15.739600
v -27.032101 70.383202 12.682900
v -32.843700 46.524200 -4.243410
v -27.032101 70.383202 12.682900
v -18.734501 65.978996 5.135310
v -2.688320 113.313004 17.397800
v -0.192720 113.266998 18.487101
v -4.803320 113.084000 13.424200
v -0.192720 113.266998 18.487101
v 4.395870 113.084000 13.424200
v -4.803320 113.084000 13.424200
v 4.395870 113.084000 13.424200
v -0.192720 113.266998 18.487101
v 2.289110 113.313004 17.397800
v -0.192720 110.225998 19.567101
v 2.379490 112.088997 17.493200
v -0.192720 112.320000 18.483601
v -0.192720 110.225998 19.567101
v -0.192720 112.320000 18.483601
v -2.764970 112.088997 17.493200
v -0.192720 110.225998 19.567101
v -2.764970 112.088997 17.493200
v -2.602850 109.660004 18.081800
v -0.192720 110.225998 19.567101
v 2.217390 109.660004 18.081800
v 2.379490 112.088997 17.493200
v -0.192720 110.225998 19.567101
v -0.192720 107.730003 18.286301
v 2.217390 109.660004 18.081800
v -0.192720 110.225998 19.567101
v -2.602850 109.660004 18.081800
v -0.192720 107.730003 18.286301
v -0.192720 113.266998 18.487101
v -2.688320 113.313004 17.397800
v -2.764970 112.088997 17.493200
v -0.192720 112.320000 18.483601
v -0.192720 113.266998 18.487101
v -2.764970 112.088997 17.493200
v -0.192720 113.266998 18.487101
v 2.379490 112.088997 17.493200
v 2.289110 113.313004 17.397800
v -0.192720 112.320000 18.483601
v 2.379490 112.088997 17.493200
v -0.192720 113.266998 18.487101
v 4.395870 113.084000 13.424200
v 2.289110 113.313004 17.397800
v 4.144890 111.754997 14.894600
v 4.851660 110.388000 11.414400
v 4.395870 113.084000 13.424200
v 4.144890 111.754997 14.894600
v 5.100280 112.257004 10.711900
v 4.395870 113.084000 13.424200
v 4.851660 110.388000 11.414400
v -32.843700 46.524200 -4.243410
v -16.887800 46.548801 -4.157110
v -27.705400 41.553299 25.644600
v -24.935400 54.527302 15.739600
v -27.705400 41.553299 25.644600
v -16.887800 46.548801 -4.157110
v -24.935400 54.527302 15.739600
v -32.843700 46.524200 -4.243410
v -27.705400 41.553299 25.644600
v 15.053700 52.001701 58.610600
v 10.217400 74.473000 73.625999
v 5.256540 61.191101 80.124702
v 10.217400 74.473000 73.625999
v 15.053700 52.001701 58.610600
v 14.158800 70.764297 56.922001
v -14.802000 52.000401 58.609901
v -4.135770 62.080799 79.684998
v -9.447770 74.782898 73.397301
v -9.447770 74.782898 73.397301
v -13.951700 70.763702 56.922001
v -14.802000 52.000401 58.609901
v -15.136000 62.246601 30.032400
v -14.802000 52.000401 58.609901
v -13.951700 70.763702 56.922001
v -13.951700 70.763702 56.922001
v -15.136000 76.424400 38.583401
v -15.136000 62.246601 30.032400
v 15.445800 62.246601 30.032400
v 14.158800 70.764297 56.922001
v 15.053700 52.001701 58.610600
v 14.158800 70.764297 56.922001
v 15.445800 62.246601 30.032400
v 15.445800 76.424400 38.583401
v 0.154910 90.536102 23.500900
v -15.136000 62.246601 30.032400
v -15.136000 76.424400 38.583401
v 0.154910 90.536102 23.500900
v 15.445800 76.424400 38.583401
v 15.445800 62.246601 30.032400
v -3.548110 119.382004 15.722900
v -0.192720 118.582001 16.356501
v -3.408520 119.898003 15.097300
v -2.396190 117.522003 14.874000
v -2.498210 118.861000 14.928800
v -3.574350 118.306999 13.865000
v -2.498210 118.861000 14.928800
v -2.396190 117.522003 14.874000
v -0.989080 117.802002 15.241700
v -4.543710 117.612000 13.137100
v -3.534140 115.835999 14.184000
v -2.671970 116.822998 15.689800
v 2.082040 118.861000 14.945400
v 0.603600 117.802002 15.241700
v 2.010720 117.522003 14.874000
v 2.010720 117.522003 14.874000
v 3.188870 118.306999 13.865000
v 2.082040 118.861000 14.945400
v 4.158230 117.612000 13.137100
v 2.286500 116.822998 15.689800
v 3.148660 115.835999 14.184000
v 3.162640 119.382004 15.722900
v 3.023060 119.898003 15.097300
v -0.192720 118.582001 16.356501
v -1.799360 115.714996 15.296500
v -0.192720 117.782997 17.134701
v -0.989080 117.802002 15.241700
v -0.192720 117.782997 17.134701
v -1.799360 115.714996 15.296500
v -0.192720 115.888000 17.853201
v -1.799360 115.714996 15.296500
v -0.192720 115.277000 16.848600
v -0.192720 115.888000 17.853201
v 1.413890 115.714996 15.296500
v -0.192720 115.888000 17.853201
v -0.192720 115.277000 16.848600
v -0.192720 117.782997 17.134701
v -0.192720 115.888000 17.853201
v 1.413890 115.714996 15.296500
v 1.413890 115.714996 15.296500
v 0.603600 117.802002 15.241700
v -0.192720 117.782997 17.134701
v -4.530360 111.754997 14.894600
v -5.237140 110.388000 11.414400
v -3.405040 108.225998 15.184900
v -2.602850 109.660004 18.081800
v -4.530360 111.754997 14.894600
v -3.405040 108.225998 15.184900
v -2.602850 109.660004 18.081800
v -3.405040 108.225998 15.184900
v -0.192720 107.730003 18.286301
v -4.530360 111.754997 14.894600
v -2.602850 109.660004 18.081800
v -2.764970 112.088997 17.493200
v 2.217390 109.660004 18.081800
v -0.192720 107.730003 18.286301
v 3.019570 108.225998 15.184900
v 4.144890 111.754997 14.894600
v 2.379490 112.088997 17.493200
v 2.217390 109.660004 18.081800
v 2.217390 109.660004 18.081800
v 3.019570 108.225998 15.184900
v 4.144890 111.754997 14.894600
v 4.144890 111.754997 14.894600
v 3.019570 108.225998 15.184900
v 4.851660 110.388000 11.414400
v -2.764970 112.088997 17.493200
v -2.688320 113.313004 17.397800
v -4.530360 111.754997 14.894600
v 2.379490 112.088997 17.493200
v 4.144890 111.754997 14.894600
v 2.289110 113.313004 17.397800
v -2.967200 114.987000 15.206300
v -4.803320 113.084000 13.424200
v -3.905060 114.086998 16.101900
v 2.581720 114.987000 15.206300
v 3.520010 114.086998 16.101999
v 4.395870 113.084000 13.424200
v -3.905060 114.086998 16.101900
v -4.803320 113.084000 13.424200
v -0.192720 115.026001 17.746700
v -0.192720 115.026001 17.746700
v -4.803320 113.084000 13.424200
v 4.395870 113.084000 13.424200
v 3.520010 114.086998 16.101999
v -0.192720 115.026001 17.746700
v 4.395870 113.084000 13.424200
v -0.192720 115.277000 16.848600
v -0.192720 115.026001 17.746700
v 2.581720 114.987000 15.206300
v 3.520010 114.086998 16.101999
v 2.581720 114.987000 15.206300
v -0.192720 115.026001 17.746700
v -0.192720 115.026001 17.746700
v -0.192720 114.151001 18.325701
v 3.520010 114.086998 16.101999
v 2.367160 113.320999 18.061100
v 3.520010 114.086998 16.101999
v -0.192720 114.151001 18.325701
v -0.192720 115.277000 16.848600
v -2.967200 114.987000 15.206300
v -0.192720 115.026001 17.746700
v -3.905060 114.086998 16.101900
v -0.192720 115.026001 17.746700
v -2.967200 114.987000 15.206300
v -0.192720 115.026001 17.746700
v -3.905060 114.086998 16.101900
v -0.192720 114.151001 18.325701
v -2.752620 113.320999 18.061100
v -0.192720 114.151001 18.325701
v -3.905060 114.086998 16.101900
v -5.548850 111.233002 14.201300
v -3.905060 114.086998 16.101900
v -4.803320 113.084000 13.424200
v -4.555130 111.416000 17.323700
v -3.905060 114.086998 16.101900
v -5.548850 111.233002 14.201300
v -3.905060 114.086998 16.101900
v -4.555130 111.416000 17.323700
v -2.752620 113.320999 18.061100
v -5.548850 111.233002 14.201300
v -4.648310 109.095001 15.081700
v -4.555130 111.416000 17.323700
v 3.520010 114.086998 16.101999
v 2.367160 113.320999 18.061100
v 4.169660 111.416000 17.323700
v 4.169660 111.416000 17.323700
v 5.163380 111.233002 14.201300
v 3.520010 114.086998 16.101999
v 5.163380 111.233002 14.201300
v 4.395870 113.084000 13.424200
v 3.520010 114.086998 16.101999
v 5.163380 111.233002 14.201300
v 4.169660 111.416000 17.323700
v 4.262830 109.095001 15.081700
v -0.192720 121.540001 16.889000
v -2.889730 122.170998 14.014400
v -0.192720 120.397003 16.243000
v -0.192720 121.540001 16.889000
v -0.192720 120.397003 16.243000
v 2.504260 122.170998 14.014400
v -2.498210 118.861000 14.928800
v -2.873010 118.088997 14.824500
v -1.927290 118.037003 15.192100
v 2.082040 118.861000 14.945400
v 1.641280 118.088997 15.167400
v 2.586930 118.037003 14.799500
v -5.485760 112.257004 10.711900
v -6.002990 110.842003 9.036250
v -0.192720 106.004997 14.769000
v -5.485760 112.257004 10.711900
v -0.192720 106.004997 14.769000
v -0.192720 110.225998 19.567101
v 5.100280 112.257004 10.711900
v -0.192720 110.225998 19.567101
v -0.192720 106.004997 14.769000
v 5.100280 112.257004 10.711900
v -0.192720 106.004997 14.769000
v 5.617520 110.842003 9.036250
v -5.913410 114.345001 4.054060
v -0.192720 115.404999 1.614070
v -5.555630 110.446999 -0.693880
v -5.913410 114.345001 4.054060
v -5.555630 110.446999 -0.693880
v -9.921120 110.656998 8.266980
v 5.527930 114.345001 4.054060
v 9.417220 110.656998 8.266980
v 5.350090 110.453003 -0.420050
v 5.527930 114.345001 4.054060
v 5.350090 110.453003 -0.420050
v -0.192720 115.404999 1.614070
v -0.192720 115.404999 1.614070
v 5.350090 110.453003 -0.420050
v -0.187460 110.387001 -2.878980
v -0.192720 115.404999 1.614070
v -0.187460 110.387001 -2.878980
v -5.555630 110.446999 -0.693880
v -10.195500 90.901299 -2.419470
v 10.082700 90.901199 -2.419470
v -0.166450 84.011101 -6.268750
v -27.032101 70.383202 12.682900
v -4.082870 86.243896 12.729700
v -10.195500 90.901299 -2.419470
v -10.195500 90.901299 -2.419470
v -0.166450 84.011101 -6.268750
v -27.032101 70.383202 12.682900
v -27.032101 70.383202 12.682900
v -0.166450 84.011101 -6.268750
v -18.734501 65.978996 5.135310
v -20.192301 67.667000 20.556601
v -0.166460 80.542900 16.225901
v -4.082870 86.243896 12.729700
v -4.082870 86.243896 12.729700
v -27.032101 70.383202 12.682900
v -20.192301 67.667000 20.556601
v 26.974100 70.383202 12.682900
v 18.598801 65.980400 5.146300
v -0.166450 84.011101 -6.268750
v 10.082700 90.901199 -2.419470
v 26.974100 70.383202 12.682900
v -0.166450 84.011101 -6.268750
v 20.134300 67.667000 20.556601
v 26.974100 70.383202 12.682900
v 3.971770 86.243797 12.729700
v 26.974100 70.383202 12.682900
v 10.082700 90.901199 -2.419470
v 3.971770 86.243797 12.729700
v 3.971770 86.243797 12.729700
v -0.166460 80.542900 16.225901
v 20.134300 67.667000 20.556601
v 18.598801 65.980400 5.146300
v 32.833302 46.524200 -4.243430
v 16.877300 46.548801 -4.157120
v 32.833302 46.524200 -4.243430
v 18.598801 65.980400 5.146300
v 26.974100 70.383202 12.682900
v 32.833302 46.524200 -4.243430
v 26.974100 70.383202 12.682900
v 24.924801 54.527302 15.739600
v 24.924801 54.527302 15.739600
v 26.974100 70.383202 12.682900
v 20.134300 67.667000 20.556601
v 16.877300 46.548801 -4.157120
v 24.924801 54.527302 15.739600
v 18.598801 65.980400 5.146300
v 20.134300 67.667000 20.556601
v 18.598801 65.980400 5.146300
v 24.924801 54.527302 15.739600
v 32.833302 46.524200 -4.243430
v 27.694901 41.553299 25.644800
v 16.877300 46.548801 -4.157120
v 24.924801 54.527302 15.739600
v 16.877300 46.548801 -4.157120
v 27.694901 41.553299 25.644800
v 24.924801 54.527302 15.739600
v 27.694901 41.553299 25.644800
v 32.833302 46.524200 -4.243430
v -0.166460 80.542900 16.225901
v -0.055550 86.243851 12.729700
v -4.082870 86.243896 12.729700
v -0.166460 80.542900 16.225901
v 3.971770 86.243797 12.729700
v -0.055550 86.243851 12.729700
vn -0.556885 0.824221 -0.102654
vn -0.892317 0.443974 -0.081592
vn -0.798472 0.271342 0.537417
vn -0.798472 0.271342 0.537417
vn 0.000000 0.949057 0.315106
vn -0.556885 0.824221 -0.102654
vn 0.000000 0.949057 0.315106
vn 0.000000 0.958346 -0.285610
vn -0.556885 0.824221 -0.102654
vn 0.000000 0.949057 0.315106
vn 0.556886 0.824221 -0.102654
vn 0.000000 0.958346 -0.285610
vn 0.556886 0.824221 -0.102654
vn 0.000000 0.725148 -0.688593
vn 0.000000 0.958346 -0.285610
vn 0.891015 0.446578 -0.081614
vn 0.000000 0.725148 -0.688593
vn 0.556886 0.824221 -0.102654
vn 0.891015 0.446578 -0.081614
vn 0.717508 0.528972 -0.453179
vn 0.000000 0.725148 -0.688593
vn 0.717508 0.528972 -0.453179
vn 0.891015 0.446578 -0.081614
vn 0.961486 0.274654 0.010475
vn 0.717508 0.528972 -0.453179
vn 0.961486 0.274654 0.010475
vn 0.860685 0.205580 0.465788
vn 0.899925 0.129181 0.416469
vn 0.860685 0.205580 0.465788
vn 0.961486 0.274654 0.010475
vn 0.000000 0.949057 0.315106
vn -0.798472 0.271342 0.537417
vn 0.000000 0.166894 0.985975
vn 0.000000 0.949057 0.315106
vn 0.000000 0.166894 0.985975
vn 0.798472 0.271342 0.537416
vn 0.798472 0.271342 0.537416
vn 0.556886 0.824221 -0.102654
vn 0.000000 0.949057 0.315106
vn 0.556886 0.824221 -0.102654
vn 0.798472 0.271342 0.537416
vn 0.891015 0.446578 -0.081614
vn 0.899925 0.129181 0.416469
vn 0.961486 0.274654 0.010475
vn 0.891015 0.446578 -0.081614
vn 0.891015 0.446578 -0.081614
vn 0.798472 0.271342 0.537416
vn 0.899925 0.129181 0.416469
vn 0.899925 0.129181 0.416469
vn 0.798472 0.271342 0.537416
vn 0.360804 0.624430 0.692753
vn 0.360804 0.624430 0.692753
vn 0.798472 0.271342 0.537416
vn 0.000000 -0.110681 0.993856
vn 0.717508 0.528972 -0.453179
vn 0.860685 0.205580 0.465788
vn 0.297728 0.858213 0.418126
vn 0.297728 0.858213 0.418126
vn 0.860685 0.205580 0.465788
vn 0.562544 0.014314 0.826643
vn 0.562544 0.014314 0.826643
vn 0.860685 0.205580 0.465788
vn 0.804965 -0.227775 0.547859
vn 0.860685 0.205580 0.465788
vn 0.899925 0.129181 0.416469
vn 0.804965 -0.227775 0.547859
vn 0.899925 0.129181 0.416469
vn 0.906598 -0.052686 0.418693
vn 0.804965 -0.227775 0.547859
vn 0.804965 -0.227775 0.547859
vn 0.906598 -0.052686 0.418693
vn 0.729758 0.674717 0.110499
vn 0.906598 -0.052686 0.418693
vn 0.821186 -0.054511 0.568051
vn 0.729758 0.674717 0.110499
vn 0.570568 0.742488 0.350948
vn 0.729758 0.674717 0.110499
vn 0.821186 -0.054511 0.568051
vn 0.639586 0.057468 0.766569
vn 0.570568 0.742488 0.350948
vn 0.821186 -0.054511 0.568051
vn 0.639586 0.057468 0.766569
vn 0.000000 0.901821 0.432111
vn 0.570568 0.742488 0.350948
vn 0.850381 0.018176 0.525854
vn 0.906598 -0.052686 0.418693
vn 0.899925 0.129181 0.416469
vn 0.906598 -0.052686 0.418693
vn 0.850381 0.018176 0.525854
vn 0.821186 -0.054511 0.568051
vn 0.639586 0.057468 0.766569
vn 0.821186 -0.054511 0.568051
vn 0.598679 0.081454 0.796837
vn 0.899925 0.129181 0.416469
vn 0.360804 0.624430 0.692753
vn 0.605679 -0.655020 0.451776
vn 0.689683 -0.194517 0.697496
vn 0.899925 0.129181 0.416469
vn 0.605679 -0.655020 0.451776
vn 0.899925 0.129181 0.416469
vn 0.689683 -0.194517 0.697496
vn 0.850381 0.018176 0.525854
vn 0.850381 0.018176 0.525854
vn 0.689683 -0.194517 0.697496
vn 0.507629 0.255672 0.822767
vn 0.850381 0.018176 0.525854
vn 0.507629 0.255672 0.822767
vn 0.598679 0.081454 0.796837
vn 0.507629 0.255672 0.822767
vn 0.567178 0.161103 0.807685
vn 0.598679 0.081454 0.796837
vn 0.567178 0.161103 0.807685
vn 0.639586 0.057468 0.766569
vn 0.598679 0.081454 0.796837
vn 0.421695 -0.294693 0.857513
vn 0.689683 -0.194517 0.697496
vn 0.605679 -0.655020 0.451776
vn 0.000000 0.455437 0.890268
vn 0.421695 -0.294693 0.857513
vn 0.605679 -0.655020 0.451776
vn 0.421695 -0.294693 0.857513
vn 0.000000 0.455437 0.890268
vn 0.567178 0.161103 0.807685
vn 0.000000 0.614162 0.789180
vn 0.567178 0.161103 0.807685
vn 0.000000 0.455437 0.890268
vn 0.000000 0.614162 0.789180
vn 0.000000 0.455437 0.890268
vn -0.567178 0.161103 0.807685
vn -0.418769 -0.294771 0.858920
vn -0.567178 0.161103 0.807685
vn 0.000000 0.455437 0.890268
vn 0.000000 0.455437 0.890268
vn -0.605679 -0.655020 0.451776
vn -0.418769 -0.294771 0.858920
vn -0.900350 0.127984 0.415920
vn -0.605679 -0.655020 0.451776
vn -0.360804 0.624431 0.692753
vn -0.689683 -0.194517 0.697496
vn -0.605679 -0.655020 0.451776
vn -0.900350 0.127984 0.415920
vn -0.418769 -0.294771 0.858920
vn -0.605679 -0.655020 0.451776
vn -0.689683 -0.194517 0.697496
vn -0.900350 0.127984 0.415920
vn -0.892317 0.443974 -0.081592
vn -0.962904 0.269584 0.011828
vn -0.892317 0.443974 -0.081592
vn -0.900350 0.127984 0.415920
vn -0.798472 0.271342 0.537417
vn -0.900350 0.127984 0.415920
vn -0.360804 0.624431 0.692753
vn -0.798472 0.271342 0.537417
vn -0.360804 0.624431 0.692753
vn 0.000000 -0.110681 0.993856
vn -0.798472 0.271342 0.537417
vn -0.360804 0.624431 0.692753
vn 0.000000 0.455437 0.890268
vn 0.000000 -0.110681 0.993856
vn 0.360804 0.624430 0.692753
vn 0.000000 -0.110681 0.993856
vn 0.000000 0.455437 0.890268
vn -0.850381 0.018176 0.525854
vn -0.900350 0.127984 0.415920
vn -0.906598 -0.052686 0.418693
vn -0.900350 0.127984 0.415920
vn -0.850381 0.018176 0.525854
vn -0.689683 -0.194517 0.697496
vn -0.850381 0.018176 0.525854
vn -0.507629 0.255672 0.822767
vn -0.689683 -0.194517 0.697496
vn -0.906598 -0.052686 0.418693
vn -0.821186 -0.054511 0.568051
vn -0.850381 0.018176 0.525854
vn -0.850381 0.018176 0.525854
vn -0.598679 0.081454 0.796837
vn -0.507629 0.255672 0.822767
vn -0.507629 0.255672 0.822767
vn -0.598679 0.081454 0.796837
vn -0.567178 0.161103 0.807685
vn -0.567178 0.161103 0.807685
vn -0.598679 0.081454 0.796837
vn -0.639586 0.057468 0.766569
vn -0.639586 0.057468 0.766569
vn -0.598679 0.081454 0.796837
vn -0.821186 -0.054511 0.568051
vn -0.639586 0.057468 0.766569
vn -0.570567 0.742488 0.350948
vn 0.000000 0.901821 0.432111
vn -0.639586 0.057468 0.766569
vn -0.821186 -0.054511 0.568051
vn -0.570567 0.742488 0.350948
vn -0.570567 0.742488 0.350948
vn -0.821186 -0.054511 0.568051
vn -0.735241 0.656951 0.166843
vn -0.906598 -0.052686 0.418693
vn -0.735241 0.656951 0.166843
vn -0.821186 -0.054511 0.568051
vn -0.804965 -0.227775 0.547859
vn -0.735241 0.656951 0.166843
vn -0.906598 -0.052686 0.418693
vn -0.900350 0.127984 0.415920
vn -0.804965 -0.227775 0.547859
vn -0.906598 -0.052686 0.418693
vn -0.857406 0.209553 0.470044
vn -0.804965 -0.227775 0.547859
vn -0.900350 0.127984 0.415920
vn -0.900350 0.127984 0.415920
vn -0.962904 0.269584 0.011828
vn -0.857406 0.209553 0.470044
vn -0.714407 0.534513 -0.451574
vn -0.857406 0.209553 0.470044
vn -0.962904 0.269584 0.011828
vn -0.714407 0.534513 -0.451574
vn -0.962904 0.269584 0.011828
vn -0.892317 0.443974 -0.081592
vn -0.560442 0.016706 0.828025
vn -0.804965 -0.227775 0.547859
vn -0.857406 0.209553 0.470044
vn -0.492933 0.762180 0.419641
vn -0.560442 0.016706 0.828025
vn -0.857406 0.209553 0.470044
vn -0.714407 0.534513 -0.451574
vn -0.492933 0.762180 0.419641
vn -0.857406 0.209553 0.470044
vn -0.804965 -0.227775 0.547859
vn -0.955203 -0.140706 0.260363
vn -0.735241 0.656951 0.166843
vn -0.955203 -0.140706 0.260363
vn -0.899767 0.036072 0.434878
vn -0.735241 0.656951 0.166843
vn -0.735241 0.656951 0.166843
vn -0.899767 0.036072 0.434878
vn -0.652059 0.481996 0.585235
vn -0.892317 0.443974 -0.081592
vn 0.000000 0.725148 -0.688593
vn -0.714407 0.534513 -0.451574
vn -0.892317 0.443974 -0.081592
vn -0.556885 0.824221 -0.102654
vn 0.000000 0.725148 -0.688593
vn -0.556885 0.824221 -0.102654
vn 0.000000 0.958346 -0.285610
vn 0.000000 0.725148 -0.688593
vn 0.000000 0.725148 -0.688593
vn 0.717508 0.528972 -0.453179
vn 0.004541 0.632625 -0.774445
vn 0.000000 0.725148 -0.688593
vn 0.004541 0.632625 -0.774445
vn -0.714407 0.534513 -0.451574
vn 0.108651 0.306608 -0.945614
vn 0.950572 -0.243441 -0.192742
vn -0.929291 -0.054066 -0.365370
vn 0.950572 -0.243441 -0.192742
vn 0.108651 0.306608 -0.945614
vn 0.071255 0.167455 0.983301
vn -0.057766 0.104205 0.992877
vn 0.071255 0.167455 0.983301
vn 0.108651 0.306608 -0.945614
vn 0.071255 0.167455 0.983301
vn -0.057766 0.104205 0.992877
vn -0.911603 0.409258 -0.038575
vn -0.929291 -0.054066 -0.365370
vn 0.071255 0.167455 0.983301
vn -0.911603 0.409258 -0.038575
vn -0.929291 -0.054066 -0.365370
vn -0.911603 0.409258 -0.038575
vn 0.108651 0.306608 -0.945614
vn -0.652059 0.481996 0.585235
vn -0.000555 0.997507 -0.070563
vn -0.735241 0.656951 0.166843
vn -0.000555 0.997507 -0.070563
vn 0.729758 0.674717 0.110499
vn -0.735241 0.656951 0.166843
vn 0.729758 0.674717 0.110499
vn -0.000555 0.997507 -0.070563
vn 0.651876 0.482201 0.585269
vn 0.000000 -0.379379 0.925241
vn 0.650531 0.135689 0.747260
vn 0.000000 0.235166 0.971955
vn 0.000000 -0.379379 0.925241
vn 0.000000 0.235166 0.971955
vn -0.650531 0.135689 0.747261
vn 0.000000 -0.379379 0.925241
vn -0.650531 0.135689 0.747261
vn -0.677152 -0.222449 0.701414
vn 0.000000 -0.379379 0.925241
vn 0.677152 -0.222449 0.701414
vn 0.650531 0.135689 0.747260
vn 0.000000 -0.379379 0.925241
vn 0.000000 -0.648955 0.760826
vn 0.677152 -0.222449 0.701414
vn 0.000000 -0.379379 0.925241
vn -0.677152 -0.222449 0.701414
vn 0.000000 -0.648955 0.760826
vn 0.000000 0.049946 0.998752
vn -0.652059 0.481996 0.585235
vn -0.650531 0.135689 0.747261
vn 0.000000 0.235166 0.971955
vn 0.000000 0.049946 0.998752
vn -0.650531 0.135689 0.747261
vn 0.000000 0.049946 0.998752
vn 0.650531 0.135689 0.747260
vn 0.651876 0.482201 0.585269
vn 0.000000 0.235166 0.971955
vn 0.650531 0.135689 0.747260
vn 0.000000 0.049946 0.998752
vn 0.729758 0.674717 0.110499
vn 0.651876 0.482201 0.585269
vn 0.899767 0.036072 0.434878
vn 0.955203 -0.140706 0.260363
vn 0.729758 0.674717 0.110499
vn 0.899767 0.036072 0.434878
vn 0.804965 -0.227775 0.547859
vn 0.729758 0.674717 0.110499
vn 0.955203 -0.140706 0.260363
vn -0.929291 -0.054066 -0.365370
vn 0.950572 -0.243441 -0.192742
vn 0.041060 -0.811607 0.582759
vn 0.071255 0.167455 0.983301
vn 0.041060 -0.811607 0.582759
vn 0.950572 -0.243441 -0.192742
vn 0.071255 0.167455 0.983301
vn -0.929291 -0.054066 -0.365370
vn 0.041060 -0.811607 0.582759
vn 0.974494 0.020599 0.223467
vn 0.899783 -0.084959 0.427987
vn 0.899783 -0.084959 0.427987
vn 0.975373 0.092517 0.200223
vn 0.974494 0.020599 0.223467
vn 0.994604 0.036917 0.096950
vn -0.980543 -0.001542 0.196296
vn -0.873822 -0.143198 0.464682
vn -0.932838 -0.056214 0.355884
vn -0.932838 -0.056214 0.355884
vn -0.989529 0.020316 0.142898
vn -0.980543 -0.001542 0.196296
vn -0.953016 0.170181 -0.250598
vn -0.980543 -0.001542 0.196296
vn -0.989529 0.020316 0.142898
vn -0.989529 0.020316 0.142898
vn -0.958297 0.147593 -0.244711
vn -0.953016 0.170181 -0.250598
vn 0.981822 0.115869 -0.150334
vn 0.994604 0.036917 0.096950
vn 0.974494 0.020599 0.223467
vn 0.994604 0.036917 0.096950
vn 0.981822 0.115869 -0.150334
vn 0.958297 0.147593 -0.244711
vn -0.797140 0.311839 -0.517033
vn -0.953016 0.170181 -0.250598
vn -0.958297 0.147593 -0.244711
vn 0.797140 0.311839 -0.517034
vn 0.958297 0.147593 -0.244711
vn 0.981822 0.115869 -0.150334
vn 0.060387 0.762907 0.643682
vn 0.000000 0.455437 0.890268
vn -0.360804 0.624431 0.692753
vn -0.507629 0.255672 0.822767
vn -0.418769 -0.294771 0.858920
vn -0.689683 -0.194517 0.697496
vn -0.418769 -0.294771 0.858920
vn -0.507629 0.255672 0.822767
vn -0.567178 0.161103 0.807685
vn -0.850381 0.018176 0.525854
vn -0.821186 -0.054511 0.568051
vn -0.598679 0.081454 0.796837
vn 0.421695 -0.294693 0.857513
vn 0.567178 0.161103 0.807685
vn 0.507629 0.255672 0.822767
vn 0.507629 0.255672 0.822767
vn 0.689683 -0.194517 0.697496
vn 0.421695 -0.294693 0.857513
vn 0.850381 0.018176 0.525854
vn 0.598679 0.081454 0.796837
vn 0.821186 -0.054511 0.568051
vn -0.060386 0.762907 0.643682
vn 0.360804 0.624430 0.692753
vn 0.000000 0.455437 0.890268
vn -0.639586 0.057468 0.766569
vn 0.000000 0.614162 0.789180
vn -0.567178 0.161103 0.807685
vn 0.000000 0.614162 0.789180
vn -0.639586 0.057468 0.766569
vn 0.000000 -0.468642 0.883388
vn -0.639586 0.057468 0.766569
vn 0.000000 -0.854305 0.519773
vn 0.000000 -0.468642 0.883388
vn 0.639586 0.057468 0.766569
vn 0.000000 -0.468642 0.883388
vn 0.000000 -0.854305 0.519773
vn 0.000000 0.614162 0.789180
vn 0.000000 -0.468642 0.883388
vn 0.639586 0.057468 0.766569
vn 0.639586 0.057468 0.766569
vn 0.567178 0.161103 0.807685
vn 0.000000 0.614162 0.789180
vn -0.899767 0.036072 0.434878
vn -0.955203 -0.140706 0.260363
vn -0.821810 -0.408666 0.397013
vn -0.677152 -0.222449 0.701414
vn -0.899767 0.036072 0.434878
vn -0.821810 -0.408666 0.397013
vn -0.677152 -0.222449 0.701414
vn -0.821810 -0.408666 0.397013
vn 0.000000 -0.648955 0.760826
vn -0.899767 0.036072 0.434878
vn -0.677152 -0.222449 0.701414
vn -0.650531 0.135689 0.747261
vn 0.677152 -0.222449 0.701414
vn 0.000000 -0.648955 0.760826
vn 0.821810 -0.408666 0.397013
vn 0.899767 0.036072 0.434878
vn 0.650531 0.135689 0.747260
vn 0.677152 -0.222449 0.701414
vn 0.677152 -0.222449 0.701414
vn 0.821810 -0.408666 0.397013
vn 0.899767 0.036072 0.434878
vn 0.899767 0.036072 0.434878
vn 0.821810 -0.408666 0.397013
vn 0.955203 -0.140706 0.260363
vn -0.650531 0.135689 0.747261
vn -0.652059 0.481996 0.585235
vn -0.899767 0.036072 0.434878
vn 0.650531 0.135689 0.747260
vn 0.899767 0.036072 0.434878
vn 0.651876 0.482201 0.585269
vn -0.570567 0.742488 0.350948
vn -0.413040 -0.776676 0.475576
vn -0.797059 0.295687 0.526561
vn 0.570568 0.742488 0.350948
vn 0.623278 0.693087 0.362153
vn 0.729758 0.674717 0.110499
vn -0.797059 0.295687 0.526561
vn -0.413040 -0.776676 0.475576
vn 0.000400 -0.935789 0.352561
vn 0.000400 -0.935789 0.352561
vn -0.413040 -0.776676 0.475576
vn -0.047544 -0.928948 0.367144
vn -0.094883 -0.941646 0.322956
vn 0.000400 -0.935789 0.352561
vn -0.047544 -0.928948 0.367144
vn 0.000000 0.901821 0.432111
vn 0.000000 0.785539 0.618812
vn 0.570568 0.742488 0.350948
vn 0.623278 0.693087 0.362153
vn 0.570568 0.742488 0.350948
vn 0.000000 0.785539 0.618812
vn 0.000000 0.785539 0.618812
vn 0.000000 0.722529 0.691341
vn 0.623278 0.693087 0.362153
vn 0.522597 0.643645 0.559119
vn 0.623278 0.693087 0.362153
vn 0.000000 0.722529 0.691341
vn 0.000000 0.901821 0.432111
vn -0.570567 0.742488 0.350948
vn 0.000000 0.785539 0.618812
vn -0.797059 0.295687 0.526561
vn 0.000000 0.785539 0.618812
vn -0.570567 0.742488 0.350948
vn 0.000000 0.785539 0.618812
vn -0.797059 0.295687 0.526561
vn 0.000000 0.722529 0.691341
vn -0.522596 0.643645 0.559119
vn 0.000000 0.722529 0.691341
vn -0.797059 0.295687 0.526561
vn -0.960473 0.064837 0.270717
vn -0.797059 0.295687 0.526561
vn -0.735241 0.656951 0.166843
vn -0.917578 0.071589 0.391057
vn -0.797059 0.295687 0.526561
vn -0.960473 0.064837 0.270717
vn -0.797059 0.295687 0.526561
vn -0.917578 0.071589 0.391057
vn -0.522596 0.643645 0.559119
vn -0.960473 0.064837 0.270717
vn -0.915764 -0.259490 0.306660
vn -0.917578 0.071589 0.391057
vn 0.623278 0.693087 0.362153
vn 0.522597 0.643645 0.559119
vn 0.917578 0.071589 0.391057
vn 0.917578 0.071589 0.391057
vn 0.960473 0.064837 0.270717
vn 0.623278 0.693087 0.362153
vn 0.960473 0.064837 0.270717
vn 0.729758 0.674717 0.110499
vn 0.623278 0.693087 0.362153
vn 0.960473 0.064837 0.270717
vn 0.917578 0.071589 0.391057
vn 0.915764 -0.259490 0.306660
vn 0.000000 0.166894 0.985975
vn -0.798472 0.271342 0.537417
vn 0.000000 -0.110681 0.993856
vn 0.000000 0.166894 0.985975
vn 0.000000 -0.110681 0.993856
vn 0.798472 0.271342 0.537416
vn -0.418769 -0.294771 0.858920
vn -0.357004 0.084758 0.930249
vn -0.357004 0.084758 0.930249
vn 0.421695 -0.294693 0.857513
vn 0.365258 0.084758 0.927040
vn 0.365258 0.084758 0.927040
vn -0.804965 -0.227775 0.547859
vn -0.560442 0.016706 0.828025
vn 0.000000 -0.645868 0.763449
vn -0.804965 -0.227775 0.547859
vn 0.000000 -0.645868 0.763449
vn 0.000000 -0.379379 0.925241
vn 0.804965 -0.227775 0.547859
vn 0.000000 -0.379379 0.925241
vn 0.000000 -0.645868 0.763449
vn 0.804965 -0.227775 0.547859
vn 0.000000 -0.645868 0.763449
vn 0.562544 0.014314 0.826643
vn -0.714407 0.534513 -0.451574
vn 0.004541 0.632625 -0.774445
vn -0.450740 0.647526 -0.614446
vn -0.714407 0.534513 -0.451574
vn -0.450740 0.647526 -0.614446
vn -0.492933 0.762180 0.419641
vn 0.717508 0.528972 -0.453179
vn 0.297728 0.858213 0.418126
vn 0.437021 0.702227 -0.562041
vn 0.717508 0.528972 -0.453179
vn 0.437021 0.702227 -0.562041
vn 0.004541 0.632625 -0.774445
vn 0.004541 0.632625 -0.774445
vn 0.437021 0.702227 -0.562041
vn -0.038463 0.645345 -0.762922
vn 0.004541 0.632625 -0.774445
vn -0.038463 0.645345 -0.762922
vn -0.450740 0.647526 -0.614446
vn -0.688409 -0.119293 -0.715445
vn 0.704341 -0.080439 -0.705290
vn -0.001971 0.158707 -0.987324
vn -0.911603 0.409258 -0.038575
vn -0.349830 0.252089 0.902258
vn -0.688409 -0.119293 -0.715445
vn -0.688409 -0.119293 -0.715445
vn -0.001971 0.158707 -0.987324
vn -0.911603 0.409258 -0.038575
vn -0.911603 0.409258 -0.038575
vn -0.001971 0.158707 -0.987324
vn 0.108651 0.306608 -0.945614
vn -0.057766 0.104205 0.992877
vn -0.000905 0.485474 0.874251
vn -0.349830 0.252089 0.902258
vn -0.349830 0.252089 0.902258
vn -0.911603 0.409258 -0.038575
vn -0.057766 0.104205 0.992877
vn 0.910774 0.410926 -0.040386
vn -0.113057 0.303300 -0.946164
vn -0.001971 0.158707 -0.987324
vn 0.704341 -0.080439 -0.705290
vn 0.910774 0.410926 -0.040386
vn -0.001971 0.158707 -0.987324
vn 0.058765 0.104107 0.992829
vn 0.910774 0.410926 -0.040386
vn 0.353442 0.260326 0.898504
vn 0.910774 0.410926 -0.040386
vn 0.704341 -0.080439 -0.705290
vn 0.353442 0.260326 0.898504
vn 0.353442 0.260326 0.898504
vn -0.000905 0.485474 0.874251
vn 0.058765 0.104107 0.992829
vn -0.113057 0.303300 -0.946164
vn 0.929064 -0.053145 -0.366082
vn -0.949976 -0.246121 -0.192273
vn 0.929064 -0.053145 -0.366082
vn -0.113057 0.303300 -0.946164
vn 0.910774 0.410926 -0.040386
vn 0.929064 -0.053145 -0.366082
vn 0.910774 0.410926 -0.040386
vn -0.069603 0.166170 0.983638
vn -0.069603 0.166170 0.983638
vn 0.910774 0.410926 -0.040386
vn 0.058765 0.104107 0.992829
vn -0.949976 -0.246121 -0.192273
vn -0.069603 0.166170 0.983638
vn -0.113057 0.303300 -0.946164
vn 0.058765 0.104107 0.992829
vn -0.113057 0.303300 -0.946164
vn -0.069603 0.166170 0.983638
vn 0.929064 -0.053145 -0.366082
vn -0.041064 -0.811607 0.582758
vn -0.949976 -0.246121 -0.192273
vn -0.069603 0.166170 0.983638
vn -0.949976 -0.246121 -0.192273
vn -0.041064 -0.811607 0.582758
vn -0.069603 0.166170 0.983638
vn -0.041064 -0.811607 0.582758
vn 0.929064 -0.053145 -0.366082
vn -0.000905 0.485474 0.874251
vn 0.001929 0.273689 0.961816
vn -0.349830 0.252089 0.902258
vn -0.000905 0.485474 0.874251
vn 0.353442 0.260326 0.898504
vn 0.001929 0.273689 0.961816
vt 0.892944 0.918154
vt 0.855613 0.811006
vt 0.934855 0.865075
vt 0.934855 0.865075
vt 0.996179 0.933968
vt 0.892944 0.918154
vt 0.996179 0.933968
vt 0.996179 0.991895
vt 0.892944 0.918154
vt 0.996179 0.933968
vt 0.892944 0.918154
vt 0.996179 0.991895
vt 0.892944 0.918154
vt 0.828696 0.990896
vt 0.996179 0.991895
vt 0.855613 0.811006
vt 0.828696 0.990896
vt 0.892944 0.918154
vt 0.855613 0.811006
vt 0.815080 0.574386
vt 0.828696 0.990896
vt 0.815080 0.574386
vt 0.855613 0.811006
vt 0.851313 0.652983
vt 0.815080 0.574386
vt 0.851313 0.652983
vt 0.844351 0.397142
vt 0.874880 0.706775
vt 0.844351 0.397142
vt 0.851313 0.652983
vt 0.996179 0.933968
vt 0.934855 0.865075
vt 0.996179 0.812935
vt 0.996179 0.933968
vt 0.996179 0.812935
vt 0.934855 0.865075
vt 0.934855 0.865075
vt 0.892944 0.918154
vt 0.996179 0.933968
vt 0.892944 0.918154
vt 0.934855 0.865075
vt 0.855613 0.811006
vt 0.874880 0.706775
vt 0.851313 0.652983
vt 0.855613 0.811006
vt 0.855613 0.811006
vt 0.939311 0.838464
vt 0.874880 0.706775
vt 0.874880 0.706775
vt 0.939311 0.838464
vt 0.930697 0.759941
vt 0.930697 0.759941
vt 0.939311 0.838464
vt 0.996179 0.766983
vt 0.815080 0.574386
vt 0.844351 0.397142
vt 0.790136 0.358673
vt 0.790136 0.358673
vt 0.844351 0.397142
vt 0.828869 0.312471
vt 0.828869 0.312471
vt 0.844351 0.397142
vt 0.874111 0.375847
vt 0.844351 0.397142
vt 0.874880 0.706775
vt 0.874111 0.375847
vt 0.874880 0.706775
vt 0.911874 0.577492
vt 0.874111 0.375847
vt 0.874111 0.375847
vt 0.911874 0.577492
vt 0.905867 0.388877
vt 0.911874 0.577492
vt 0.928139 0.562492
vt 0.905867 0.388877
vt 0.939684 0.500409
vt 0.905867 0.388877
vt 0.928139 0.562492
vt 0.963464 0.557089
vt 0.939684 0.500409
vt 0.928139 0.562492
vt 0.963464 0.557089
vt 0.996179 0.537438
vt 0.939684 0.500409
vt 0.907582 0.642140
vt 0.911874 0.577492
vt 0.874880 0.706775
vt 0.911874 0.577492
vt 0.907582 0.642140
vt 0.928139 0.562492
vt 0.963464 0.557089
vt 0.928139 0.562492
vt 0.945695 0.606780
vt 0.874880 0.706775
vt 0.930697 0.759941
vt 0.927855 0.721472
vt 0.923470 0.668122
vt 0.874880 0.706775
vt 0.927855 0.721472
vt 0.874880 0.706775
vt 0.923470 0.668122
vt 0.907582 0.642140
vt 0.907582 0.642140
vt 0.923470 0.668122
vt 0.953567 0.634967
vt 0.907582 0.642140
vt 0.953567 0.634967
vt 0.945695 0.606780
vt 0.953567 0.634967
vt 0.976113 0.645458
vt 0.945695 0.606780
vt 0.976113 0.645458
vt 0.963464 0.557089
vt 0.945695 0.606780
vt 0.945062 0.687212
vt 0.923470 0.668122
vt 0.927855 0.721472
vt 0.996179 0.685607
vt 0.945062 0.687212
vt 0.927855 0.721472
vt 0.945062 0.687212
vt 0.996179 0.685607
vt 0.976113 0.645458
vt 0.996179 0.649804
vt 0.976113 0.645458
vt 0.996179 0.685607
vt 0.996179 0.649804
vt 0.996179 0.685607
vt 0.976113 0.645458
vt 0.945062 0.687212
vt 0.976113 0.645458
vt 0.996179 0.685607
vt 0.996179 0.685607
vt 0.927855 0.721472
vt 0.945062 0.687212
vt 0.874880 0.706775
vt 0.927855 0.721472
vt 0.930697 0.759941
vt 0.923470 0.668122
vt 0.927855 0.721472
vt 0.874880 0.706775
vt 0.945062 0.687212
vt 0.927855 0.721472
vt 0.923470 0.668122
vt 0.874880 0.706775
vt 0.855613 0.811006
vt 0.851481 0.659175
vt 0.855613 0.811006
vt 0.874880 0.706775
vt 0.939311 0.838464
vt 0.874880 0.706775
vt 0.930697 0.759941
vt 0.939311 0.838464
vt 0.930697 0.759941
vt 0.996179 0.766983
vt 0.939311 0.838464
vt 0.930697 0.759941
vt 0.996179 0.685607
vt 0.996179 0.766983
vt 0.930697 0.759941
vt 0.996179 0.766983
vt 0.996179 0.685607
vt 0.907582 0.642140
vt 0.874880 0.706775
vt 0.911874 0.577492
vt 0.874880 0.706775
vt 0.907582 0.642140
vt 0.923470 0.668122
vt 0.907582 0.642140
vt 0.953567 0.634967
vt 0.923470 0.668122
vt 0.911874 0.577492
vt 0.928139 0.562492
vt 0.907582 0.642140
vt 0.907582 0.642140
vt 0.945695 0.606780
vt 0.953567 0.634967
vt 0.953567 0.634967
vt 0.945695 0.606780
vt 0.976113 0.645458
vt 0.976113 0.645458
vt 0.945695 0.606780
vt 0.963464 0.557089
vt 0.963464 0.557089
vt 0.945695 0.606780
vt 0.928139 0.562492
vt 0.963464 0.557089
vt 0.939684 0.500409
vt 0.996179 0.537438
vt 0.963464 0.557089
vt 0.928139 0.562492
vt 0.939684 0.500409
vt 0.939684 0.500409
vt 0.928139 0.562492
vt 0.905867 0.388877
vt 0.911874 0.577492
vt 0.905867 0.388877
vt 0.928139 0.562492
vt 0.874111 0.375847
vt 0.905867 0.388877
vt 0.911874 0.577492
vt 0.874880 0.706775
vt 0.874111 0.375847
vt 0.911874 0.577492
vt 0.844351 0.397142
vt 0.874111 0.375847
vt 0.874880 0.706775
vt 0.874880 0.706775
vt 0.851481 0.659175
vt 0.844351 0.397142
vt 0.815080 0.574386
vt 0.844351 0.397142
vt 0.851481 0.659175
vt 0.815080 0.574386
vt 0.851481 0.659175
vt 0.855613 0.811006
vt 0.828869 0.312471
vt 0.874111 0.375847
vt 0.844351 0.397142
vt 0.790136 0.358673
vt 0.828869 0.312471
vt 0.844351 0.397142
vt 0.815080 0.574386
vt 0.790136 0.358673
vt 0.844351 0.397142
vt 0.874111 0.375847
vt 0.891662 0.276767
vt 0.905867 0.388877
vt 0.891662 0.276767
vt 0.914104 0.314005
vt 0.905867 0.388877
vt 0.905867 0.388877
vt 0.914104 0.314005
vt 0.945362 0.379452
vt 0.855613 0.811006
vt 0.828696 0.990896
vt 0.815080 0.574386
vt 0.855613 0.811006
vt 0.892944 0.918154
vt 0.828696 0.990896
vt 0.892944 0.918154
vt 0.996179 0.991895
vt 0.828696 0.990896
vt 0.828696 0.990896
vt 0.815080 0.574386
vt 0.757427 0.991145
vt 0.828696 0.990896
vt 0.757427 0.991145
vt 0.815080 0.574386
vt 0.685544 0.204883
vt 0.684943 0.054697
vt 0.756516 0.044393
vt 0.684943 0.054697
vt 0.685544 0.204883
vt 0.721522 0.125304
vt 0.710206 0.235647
vt 0.721522 0.125304
vt 0.685544 0.204883
vt 0.721522 0.125304
vt 0.710206 0.235647
vt 0.737340 0.247637
vt 0.756516 0.044393
vt 0.721522 0.125304
vt 0.737340 0.247637
vt 0.756516 0.044393
vt 0.737340 0.247637
vt 0.685544 0.204883
vt 0.460588 0.028286
vt 0.506786 0.001441
vt 0.441064 0.133552
vt 0.506786 0.001441
vt 0.563295 0.134708
vt 0.441064 0.133552
vt 0.563295 0.134708
vt 0.506786 0.001441
vt 0.542827 0.029442
vt 0.996179 0.243276
vt 0.951839 0.333322
vt 0.996179 0.353475
vt 0.996179 0.243276
vt 0.996179 0.353475
vt 0.951839 0.333322
vt 0.996179 0.243276
vt 0.951839 0.333322
vt 0.956033 0.224463
vt 0.996179 0.243276
vt 0.956033 0.224463
vt 0.951839 0.333322
vt 0.996179 0.243276
vt 0.996179 0.131368
vt 0.956033 0.224463
vt 0.996179 0.243276
vt 0.956033 0.224463
vt 0.996179 0.131368
vt 0.996179 0.379579
vt 0.945362 0.379452
vt 0.951839 0.333322
vt 0.996179 0.353475
vt 0.996179 0.379579
vt 0.951839 0.333322
vt 0.996179 0.379579
vt 0.951839 0.333322
vt 0.945362 0.379452
vt 0.996179 0.353475
vt 0.951839 0.333322
vt 0.996179 0.379579
vt 0.905867 0.388877
vt 0.945362 0.379452
vt 0.914104 0.314005
vt 0.891662 0.276767
vt 0.905867 0.388877
vt 0.914104 0.314005
vt 0.874111 0.375847
vt 0.905867 0.388877
vt 0.891662 0.276767
vt 0.756516 0.044393
vt 0.684943 0.054697
vt 0.731477 0.004813
vt 0.721522 0.125304
vt 0.731477 0.004813
vt 0.684943 0.054697
vt 0.721522 0.125304
vt 0.756516 0.044393
vt 0.731477 0.004813
vt 0.370729 0.888426
vt 0.359415 0.638087
vt 0.308087 0.768596
vt 0.359415 0.638087
vt 0.370729 0.888426
vt 0.394322 0.715477
vt 0.370729 0.888426
vt 0.308087 0.768596
vt 0.359415 0.638087
vt 0.359415 0.638087
vt 0.394322 0.715477
vt 0.370729 0.888426
vt 0.467257 0.904274
vt 0.370729 0.888426
vt 0.394322 0.715477
vt 0.394322 0.715477
vt 0.458764 0.768882
vt 0.467257 0.904274
vt 0.467257 0.904274
vt 0.394322 0.715477
vt 0.370729 0.888425
vt 0.394322 0.715477
vt 0.467257 0.904274
vt 0.458764 0.768883
vt 0.545487 0.717536
vt 0.467257 0.904274
vt 0.458764 0.768882
vt 0.545487 0.717536
vt 0.458764 0.768882
vt 0.467257 0.904274
vt 0.927855 0.721472
vt 0.996179 0.685607
vt 0.930697 0.759941
vt 0.953567 0.634967
vt 0.945062 0.687212
vt 0.923470 0.668122
vt 0.945062 0.687212
vt 0.953567 0.634967
vt 0.976113 0.645458
vt 0.907582 0.642140
vt 0.928139 0.562492
vt 0.945695 0.606780
vt 0.945062 0.687212
vt 0.976113 0.645458
vt 0.953567 0.634967
vt 0.953567 0.634967
vt 0.923470 0.668122
vt 0.945062 0.687212
vt 0.907582 0.642140
vt 0.945695 0.606780
vt 0.928139 0.562492
vt 0.927855 0.721472
vt 0.930697 0.759941
vt 0.996179 0.685607
vt 0.963464 0.557089
vt 0.996179 0.649804
vt 0.976113 0.645458
vt 0.996179 0.649804
vt 0.963464 0.557089
vt 0.996179 0.564838
vt 0.963464 0.557089
vt 0.996179 0.537438
vt 0.996179 0.564838
vt 0.963464 0.557089
vt 0.996179 0.564838
vt 0.996179 0.537438
vt 0.996179 0.649804
vt 0.996179 0.564838
vt 0.963464 0.557089
vt 0.963464 0.557089
vt 0.976113 0.645458
vt 0.996179 0.649804
vt 0.914104 0.314005
vt 0.891662 0.276767
vt 0.930768 0.151426
vt 0.956033 0.224463
vt 0.914104 0.314005
vt 0.930768 0.151426
vt 0.956033 0.224463
vt 0.930768 0.151426
vt 0.996179 0.131368
vt 0.914104 0.314005
vt 0.956033 0.224463
vt 0.951839 0.333322
vt 0.956033 0.224463
vt 0.996179 0.131368
vt 0.930768 0.151426
vt 0.914104 0.314005
vt 0.951839 0.333322
vt 0.956033 0.224463
vt 0.956033 0.224463
vt 0.930768 0.151426
vt 0.914104 0.314005
vt 0.914104 0.314005
vt 0.930768 0.151426
vt 0.891662 0.276767
vt 0.951839 0.333322
vt 0.945362 0.379452
vt 0.914104 0.314005
vt 0.951839 0.333322
vt 0.914104 0.314005
vt 0.945362 0.379452
vt 0.939684 0.500409
vt 0.905867 0.388877
vt 0.937554 0.455705
vt 0.939684 0.500409
vt 0.937554 0.455705
vt 0.905867 0.388877
vt 0.459846 0.028802
vt 0.441064 0.133552
vt 0.506786 0.001569
vt 0.506786 0.001569
vt 0.441064 0.133552
vt 0.563295 0.134708
vt 0.543256 0.030274
vt 0.506786 0.001569
vt 0.563295 0.134708
vt 0.996179 0.537438
vt 0.996179 0.495589
vt 0.939684 0.500409
vt 0.937554 0.455705
vt 0.939684 0.500409
vt 0.996179 0.495589
vt 0.996179 0.495589
vt 0.996179 0.454209
vt 0.937554 0.455705
vt 0.944053 0.403862
vt 0.937554 0.455705
vt 0.996179 0.454209
vt 0.996179 0.537438
vt 0.939684 0.500409
vt 0.996179 0.495589
vt 0.937554 0.455705
vt 0.996179 0.495589
vt 0.939684 0.500409
vt 0.996179 0.495589
vt 0.937554 0.455705
vt 0.996179 0.454209
vt 0.944053 0.403862
vt 0.996179 0.454209
vt 0.937554 0.455705
vt 0.911014 0.067400
vt 0.983121 0.087753
vt 0.936601 0.124597
vt 0.934991 0.012438
vt 0.983121 0.087753
vt 0.911014 0.067400
vt 0.983121 0.087753
vt 0.934991 0.012438
vt 0.992837 0.010946
vt 0.911014 0.067400
vt 0.889244 0.006752
vt 0.934991 0.012438
vt 0.983121 0.087753
vt 0.992837 0.010946
vt 0.934991 0.012438
vt 0.934991 0.012438
vt 0.911014 0.067400
vt 0.983121 0.087753
vt 0.911014 0.067400
vt 0.936601 0.124597
vt 0.983121 0.087753
vt 0.911014 0.067400
vt 0.934991 0.012438
vt 0.889244 0.006752
vt 0.996179 0.812935
vt 0.939311 0.838464
vt 0.996179 0.766983
vt 0.996179 0.812935
vt 0.996179 0.766983
vt 0.939311 0.838464
vt 0.808168 0.084144
vt 0.790353 0.021486
vt 0.820270 0.021006
vt 0.808168 0.084144
vt 0.790353 0.021486
vt 0.820270 0.021006
vt 0.874111 0.375847
vt 0.828869 0.312471
vt 0.846513 0.086881
vt 0.874111 0.375847
vt 0.846513 0.086881
vt 0.898184 0.085414
vt 0.874111 0.375847
vt 0.898184 0.085414
vt 0.846513 0.086881
vt 0.874111 0.375847
vt 0.846513 0.086881
vt 0.828869 0.312471
vt 0.815080 0.574386
vt 0.757427 0.991145
vt 0.779745 0.491002
vt 0.815080 0.574386
vt 0.779745 0.491002
vt 0.790136 0.358673
vt 0.815080 0.574386
vt 0.790136 0.358673
vt 0.779745 0.491002
vt 0.815080 0.574386
vt 0.779745 0.491002
vt 0.757427 0.991145
vt 0.757427 0.991145
vt 0.779745 0.491002
vt 0.748484 0.533945
vt 0.757427 0.991145
vt 0.748484 0.533945
vt 0.779745 0.491002
vt 0.647192 0.680140
vt 0.571789 0.685872
vt 0.603731 0.631594
vt 0.737340 0.247637
vt 0.636279 0.382561
vt 0.666976 0.408305
vt 0.666976 0.408305
vt 0.621493 0.365894
vt 0.737340 0.247637
vt 0.737340 0.247637
vt 0.621493 0.365894
vt 0.685544 0.204883
vt 0.710206 0.235647
vt 0.621493 0.297628
vt 0.636279 0.382561
vt 0.636279 0.382561
vt 0.737340 0.247637
vt 0.710206 0.235647
vt 0.738284 0.248515
vt 0.685060 0.205670
vt 0.621493 0.365894
vt 0.667073 0.408199
vt 0.738284 0.248515
vt 0.621493 0.365894
vt 0.711150 0.238427
vt 0.738284 0.248515
vt 0.636232 0.382590
vt 0.738284 0.248515
vt 0.667073 0.408199
vt 0.636232 0.382590
vt 0.636232 0.382590
vt 0.621493 0.297628
vt 0.711150 0.238427
vt 0.685060 0.205670
vt 0.756966 0.045220
vt 0.685248 0.053255
vt 0.756966 0.045220
vt 0.685060 0.205670
vt 0.738284 0.248515
vt 0.756966 0.045220
vt 0.738284 0.248515
vt 0.721733 0.128083
vt 0.721733 0.128083
vt 0.738284 0.248515
vt 0.711150 0.238427
vt 0.685248 0.053255
vt 0.721733 0.128083
vt 0.685060 0.205670
vt 0.711150 0.238427
vt 0.685060 0.205670
vt 0.721733 0.128083
vt 0.756966 0.045220
vt 0.732021 0.003476
vt 0.685248 0.053255
vt 0.721733 0.128083
vt 0.685248 0.053255
vt 0.732021 0.003476
vt 0.721733 0.128083
vt 0.732021 0.003476
vt 0.756966 0.045220
vt 0.621493 0.297628
vt 0.619072 0.370841
vt 0.636279 0.382561
vt 0.621493 0.297628
vt 0.636232 0.382590
vt 0.619119 0.370812
f 1/1/1 2/2/2 3/3/3
f 4/4/4 5/5/5 6/6/6
f 7/7/7 8/8/8 9/9/9
f 10/10/10 11/11/11 12/12/12
f 13/13/13 14/14/14 15/15/15
f 16/16/16 17/17/17 18/18/18
f 19/19/19 20/20/20 21/21/21
f 22/22/22 23/23/23 24/24/24
f 25/25/25 26/26/26 27/27/27
f 28/28/28 29/29/29 30/30/30
f 31/31/31 32/32/32 33/33/33
f 34/34/34 35/35/35 36/36/36
f 37/37/37 38/38/38 39/39/39
f 40/40/40 41/41/41 42/42/42
f 43/43/43 44/44/44 45/45/45
f 46/46/46 47/47/47 48/48/48
f 49/49/49 50/50/50 51/51/51
f 52/52/52 53/53/53 54/54/54
f 55/55/55 56/56/56 57/57/57
f 58/58/58 59/59/59 60/60/60
f 61/61/61 62/62/62 63/63/63
f 64/64/64 65/65/65 66/66/66
f 67/67/67 68/68/68 69/69/69
f 70/70/70 71/71/71 72/72/72
f 73/73/73 74/74/74 75/75/75
f 76/76/76 77/77/77 78/78/78
f 79/79/79 80/80/80 81/81/81
f 82/82/82 83/83/83 84/84/84
f 85/85/85 86/86/86 87/87/87
f 88/88/88 89/89/89 90/90/90
f 91/91/91 92/92/92 93/93/93
f 94/94/94 95/95/95 96/96/96
f 97/97/97 98/98/98 99/99/99
f 100/100/100 101/101/101 102/102/102
f 103/103/103 104/104/104 105/105/105
f 106/106/106 107/107/107 108/108/108
f 109/109/109 110/110/110 111/111/111
f 112/112/112 113/113/113 114/114/114
f 115/115/115 116/116/116 117/117/117
f 118/118/118 119/119/119 120/120/120
f 121/121/121 122/122/122 123/123/123
f 124/124/124 125/125/125 126/126/126
f 127/127/127 128/128/128 129/129/129
f 130/130/130 131/131/131 132/132/132
f 133/133/133 134/134/134 135/135/135
f 136/136/136 137/137/137 138/138/138
f 139/139/139 140/140/140 141/141/141
f 142/142/142 143/143/143 144/144/144
f 145/145/145 146/146/146 147/147/147
f 148/148/148 149/149/149 150/150/150
f 151/151/151 152/152/152 153/153/153
f 154/154/154 155/155/155 156/156/156
f 157/157/157 158/158/158 159/159/159
f 160/160/160 161/161/161 162/162/162
f 163/163/163 164/164/164 165/165/165
f 166/166/166 167/167/167 168/168/168
f 169/169/169 170/170/170 171/171/171
f 172/172/172 173/173/173 174/174/174
f 175/175/175 176/176/176 177/177/177
f 178/178/178 179/179/179 180/180/180
f 181/181/181 182/182/182 183/183/183
f 184/184/184 185/185/185 186/186/186
f 187/187/187 188/188/188 189/189/189
f 190/190/190 191/191/191 192/192/192
f 193/193/193 194/194/194 195/195/195
f 196/196/196 197/197/197 198/198/198
f 199/199/199 200/200/200 201/201/201
f 202/202/202 203/203/203 204/204/204
f 205/205/205 206/206/206 207/207/207
f 208/208/208 209/209/209 210/210/210
f 211/211/211 212/212/212 213/213/213
f 214/214/214 215/215/215 216/216/216
f 217/217/217 218/218/218 219/219/219
f 220/220/220 221/221/221 222/222/222
f 223/223/223 224/224/224 225/225/225
f 226/226/226 227/227/227 228/228/228
f 229/229/229 230/230/230 231/231/231
f 232/232/232 233/233/233 234/234/234
f 235/235/235 236/236/236 237/237/237
f 238/238/238 239/239/239 240/240/240
f 241/241/241 242/242/242 243/243/243
f 244/244/244 245/245/245 246/246/246
f 247/247/247 248/248/248 249/249/249
f 250/250/250 251/251/251 252/252/252
f 253/253/253 254/254/254 255/255/255
f 256/256/256 257/257/257 258/258/258
f 259/259/259 260/260/260 261/261/261
f 262/262/262 263/263/263 264/264/264
f 265/265/265 266/266/266 267/267/267
f 268/268/268 269/269/269 270/270/270
f 271/271/271 272/272/272 273/273/273
f 274/274/274 275/275/275 276/276/276
f 277/277/277 278/278/278 279/279/279
f 280/280/280 281/281/281 282/282/282
f 283/283/283 284/284/284 285/285/285
f 286/286/286 287/287/287 288/288/288
f 289/289/289 290/290/290 291/291/291
f 292/292/292 293/293/293 294/294/294
f 295/295/295 296/296/296 297/297/297
f 298/298/298 299/299/299 300/300/300
f 301/301/301 302/302/302 303/303/303
f 304/304/304 305/305/305 306/306/306
f 307/307/307 308/308/308 309/309/309
f 310/310/310 311/311/311 312/312/312
f 313/313/313 314/314/314 315/315/315
f 316/316/316 317/317/317 318/318/318
f 319/319/319 320/320/320 321/321/321
f 322/322/322 323/323/323 324/324/324
f 325/325/325 326/326/326 327/327/327
f 328/328/328 329/329/329 330/330/330
f 331/331/331 332/332/332 333/333/333
f 334/334/334 335/335/335 336/336/336
f 337/337/337 338/338/338 339/339/339
f 340/340/340 341/341/341 342/342/342
f 343/343/343 344/344/344 345/345/345
f 346/346/346 347/347/347 348/348/348
f 349/349/349 350/350/350 351/351/351
f 352/352/352 353/353/353 354/354/354
f 355/355/355 356/356/356 357/357/357
f 358/358/358 359/359/359 360/360/360
f 361/361/361 362/362/362 363/363/363
f 364/364/364 365/365/365 366/366/366
f 367/367/367 368/368/368 369/369/369
f 370/370/370 371/371/371 372/372/372
f 373/373/373 374/374/374 375/375/375
f 376/376/376 377/377/377 378/378/378
f 379/379/379 380/380/380 381/381/381
f 382/382/382 383/383/383 384/384/384
f 385/385/385 386/386/386 387/387/387
f 388/388/388 389/389/389 390/390/390
f 391/391/391 392/392/392 393/393/393
f 394/394/394 395/395/395 396/396/396
f 397/397/397 398/398/398 399/399/399
f 400/400/400 401/401/401 402/402/402
f 403/403/403 404/404/404 405/405/405
f 406/406/406 407/407/407 408/408/408
f 409/409/409 410/410/410 411/411/411
f 412/412/412 413/413/413 414/414/414
f 415/415/415 416/416/416 417/417/417
f 418/418/418 419/419/419 420/420/420
f 421/421/421 422/422/422 423/423/423
f 424/424/424 425/425/425 426/426/426
f 427/427/427 428/428/428 429/429/429
f 430/430/430 431/431/431 432/432/432
f 433/433/433 434/434/434 435/435/435
f 436/436/436 437/437/437 438/438/438
f 439/439/439 440/440/440 441/441/441
f 442/442/442 443/443/443 444/444/444
f 445/445/445 446/446/446 447/447/447
f 448/448/448 449/449/449 450/450/450
f 451/451/451 452/452/452 453/453/453
f 454/454/454 455/455/455 456/456/456
f 457/457/457 458/458/458 459/459/459
f 460/460/460 461/461/461 462/462/462
f 463/463/463 464/464/464 465/465/465
f 466/466/466 467/467/467 468/468/468
f 469/469/469 470/470/470 471/471/471
f 472/472/472 473/473/473 474/474/474
f 475/475/475 476/476/476 477/477/477
f 478/478/478 479/479/479 480/480/480
f 481/481/481 482/482/482 483/483/483
f 484/484/484 485/485/485 486/486/486
f 487/487/487 488/488/488 489/489/489
f 490/490/490 491/491/491 492/492/492
f 493/493/493 494/494/494 495/495/495
f 496/496/496 497/497/497 498/498/498
f 499/499/499 500/500/500 501/501/501
f 502/502/502 503/503/503 504/504/504
f 505/505/505 506/506/506 507/507/507
f 508/508/508 509/509/509 510/510/510
f 511/511/511 512/512/512 513/513/513
f 514/514/514 515/515/515 516/516/516
f 517/517/517 518/518/518 519/519/519
f 520/520/520 521/521/521 522/522/522
f 523/523/523 524/524/524 525/525/525
f 526/526/526 527/527/527 528/528/528
f 529/529/529 530/530/530 531/531/531
f 532/532/532 533/533/533 534/534/534
f 535/535/535 536/536/536 537/537/537
f 538/538/538 539/539/539 540/540/540
f 541/541/541 542/542/542 543/543/543
f 544/544/544 545/545/545 546/546/546
f 547/547/547 548/548/548 549/549/549
f 550/550/550 551/551/551 552/552/552
f 553/553/553 554/554/554 555/555/555
f 556/556/556 557/557/557 558/558/558
f 559/559/559 560/560/560 561/561/561
f 562/562/562 563/563/563 564/564/564
f 565/565/565 566/566/566 567/567/567
f 568/568/568 569/569/569 570/570/570
f 571/571/571 572/572/572 573/573/573
f 574/574/574 575/575/575 576/576/576
f 577/577/577 578/578/578 579/579/579
f 580/580/580 581/581/581 582/582/582
f 583/583/583 584/584/584 585/585/585
f 586/586/586 587/587/587 588/588/588
f 589/589/589 590/590/590 591/591/591
f 592/592/592 593/593/593 594/594/594
f 595/595/595 596/596/596 597/597/597
o Geoset_05
g Geoset_05
v -31.981501 75.171600 31.809401
v -34.979099 92.118103 5.274590
v -49.437401 72.218102 5.274590
v -49.437401 72.218102 5.274590
v -29.951900 58.061100 5.274590
v -31.981501 75.171600 31.809401
v -31.981501 75.171600 31.809401
v -29.951900 58.061100 5.274590
v -15.493900 77.961098 5.274590
v -15.493900 77.961098 5.274590
v -34.979099 92.118103 5.274590
v -31.981501 75.171600 31.809401
v -34.906799 74.393303 99.436501
v -34.414600 78.385201 80.273201
v -34.512199 70.822701 80.113197
v -34.906799 74.393303 99.436501
v -30.685101 74.558701 80.024399
v -38.241699 74.649200 80.361900
vn 0.007531 0.001313 0.999971
vn -0.128663 0.829124 0.544058
vn -0.821872 -0.128558 0.554976
vn -0.821872 -0.128558 0.554976
vn 0.136863 -0.827716 0.544201
vn 0.007531 0.001313 0.999971
vn 0.007531 0.001313 0.999971
vn 0.136863 -0.827716 0.544201
vn 0.835850 0.130893 0.533125
vn 0.835850 0.130893 0.533125
vn -0.128663 0.829124 0.544058
vn 0.007531 0.001313 0.999971
vn -0.697809 0.716235 -0.008378
vn -0.999650 0.013396 -0.022806
vn -0.999650 0.013396 -0.022806
vn -0.697809 0.716235 -0.008378
vn 0.012459 0.999862 0.010953
vn 0.012459 0.999862 0.010953
vt 0.623359 0.110016
vt 0.573918 0.202149
vt 0.573918 0.012271
vt 0.573918 0.012271
vt 0.671086 0.013400
vt 0.623359 0.110016
vt 0.623359 0.110016
vt 0.671086 0.013400
vt 0.670164 0.197633
vt 0.670164 0.197633
vt 0.573918 0.202149
vt 0.623359 0.110016
vt 0.606277 0.956441
vt 0.547242 0.922028
vt 0.547242 0.987965
vt 0.606277 0.956441
vt 0.547242 0.922028
vt 0.547242 0.987965
f 598/598/598 599/599/599 600/600/600
f 601/601/601 602/602/602 603/603/603
f 604/604/604 605/605/605 606/606/606
f 607/607/607 608/608/608 609/609/609
f 610/610/610 611/611/611 612/612/612
f 613/613/613 614/614/614 615/615/615
o Geoset_06
g Geoset_06
v -40.670502 58.036499 78.130302
v -38.433102 56.701000 69.411003
v -42.165001 45.984402 73.158401
v -37.674900 75.990601 12.689100
v -31.495800 70.381599 12.292900
v -34.906799 74.393303 99.436501
v -32.063999 82.179802 12.574300
v -37.674900 75.990601 12.689100
v -34.906799 74.393303 99.436501
v -25.885000 76.570801 12.178100
v -32.063999 82.179802 12.574300
v -34.906799 74.393303 99.436501
v -37.674900 75.990601 12.689100
v -32.063999 82.179802 12.574300
v -25.885000 76.570801 12.178100
v -25.885000 76.570801 12.178100
v -31.495800 70.381599 12.292900
v -37.674900 75.990601 12.689100
v -31.495800 70.381599 12.292900
v -25.885000 76.570801 12.178100
v -34.906799 74.393303 99.436501
v -34.038300 74.050003 81.201401
v -33.588902 74.784203 65.447502
v -36.190201 66.360001 80.052200
v -35.648300 65.560204 67.501503
v -36.190201 66.360001 80.052200
v -33.588902 74.784203 65.447502
v -33.588902 74.784203 65.447502
v -34.038300 74.050003 81.201401
v -36.190201 66.360001 80.052200
v -36.190201 66.360001 80.052200
v -35.648300 65.560204 67.501503
v -33.588902 74.784203 65.447502
v -36.190201 66.360001 80.052200
v -35.648300 65.560204 67.501503
v -38.433102 56.701000 69.411003
v -38.433102 56.701000 69.411003
v -40.670502 58.036499 78.130302
v -36.190201 66.360001 80.052200
v -35.648300 65.560204 67.501503
v -36.190201 66.360001 80.052200
v -38.433102 56.701000 69.411003
v -40.670502 58.036499 78.130302
v -38.433102 56.701000 69.411003
v -36.190201 66.360001 80.052200
v -38.433102 56.701000 69.411003
v -40.670502 58.036499 78.130302
v -42.165001 45.984402 73.158401
vn -0.876866 0.376940 -0.298365
vn -0.916454 0.321266 -0.238539
vn -0.929498 0.228068 -0.289859
vn -0.609083 -0.010433 -0.793038
vn 0.014304 -0.830498 -0.556838
vn 0.004249 -0.021718 0.999755
vn -0.066602 0.850794 -0.521262
vn -0.609083 -0.010433 -0.793038
vn 0.004249 -0.021718 0.999755
vn 0.581360 0.047554 -0.812255
vn -0.066602 0.850794 -0.521262
vn 0.004249 -0.021718 0.999755
vn -0.609083 -0.010433 -0.793038
vn -0.066602 0.850794 -0.521262
vn 0.581360 0.047554 -0.812255
vn 0.581360 0.047554 -0.812255
vn 0.014304 -0.830498 -0.556838
vn -0.609083 -0.010433 -0.793038
vn 0.014304 -0.830498 -0.556838
vn 0.581360 0.047554 -0.812255
vn 0.004249 -0.021718 0.999755
vn -0.961521 0.274293 -0.015528
vn -0.970154 0.239630 -0.037142
vn -0.938222 0.327542 -0.111607
vn -0.966815 0.248118 -0.060879
vn -0.938222 0.327542 -0.111607
vn -0.970154 0.239630 -0.037142
vn 0.970154 -0.239630 0.037142
vn 0.961521 -0.274293 0.015528
vn 0.938222 -0.327542 0.111607
vn 0.938222 -0.327542 0.111607
vn 0.966815 -0.248118 0.060879
vn 0.970154 -0.239630 0.037142
vn -0.938222 0.327542 -0.111607
vn -0.966815 0.248118 -0.060879
vn -0.916454 0.321266 -0.238539
vn -0.916454 0.321266 -0.238539
vn -0.876866 0.376940 -0.298365
vn -0.938222 0.327542 -0.111607
vn 0.966815 -0.248118 0.060879
vn 0.938222 -0.327542 0.111607
vn 0.916454 -0.321266 0.238539
vn 0.876866 -0.376940 0.298365
vn 0.916454 -0.321266 0.238539
vn 0.938222 -0.327542 0.111607
vn 0.916454 -0.321266 0.238539
vn 0.876866 -0.376940 0.298365
vn 0.929498 -0.228068 0.289860
vt 0.080472 0.746181
vt 0.074410 0.856459
vt -0.000669 0.787883
vt 0.011822 0.957794
vt 0.010410 0.924856
vt 0.601881 0.961615
vt 0.010410 0.992145
vt 0.011822 0.957794
vt 0.601881 0.961615
vt 0.011822 0.963571
vt 0.010410 0.992145
vt 0.601881 0.961615
vt 0.011822 0.957794
vt 0.010410 0.992145
vt 0.011822 0.963571
vt 0.011822 0.963571
vt 0.010410 0.924856
vt 0.011822 0.957794
vt 0.010410 0.924856
vt 0.011822 0.963571
vt 0.601881 0.961615
vt 0.197117 0.719097
vt 0.196510 0.902060
vt 0.143892 0.724871
vt 0.140254 0.881842
vt 0.143892 0.724871
vt 0.196510 0.902060
vt 0.196510 0.902060
vt 0.197117 0.719097
vt 0.143892 0.724871
vt 0.143892 0.724871
vt 0.140254 0.881842
vt 0.196510 0.902060
vt 0.143893 0.724871
vt 0.140255 0.881842
vt 0.074411 0.856460
vt 0.074411 0.856460
vt 0.080473 0.746180
vt 0.143893 0.724871
vt 0.140255 0.881842
vt 0.143893 0.724871
vt 0.074411 0.856460
vt 0.080473 0.746180
vt 0.074411 0.856460
vt 0.143893 0.724871
vt 0.074410 0.856459
vt 0.080472 0.746181
vt -0.000669 0.787883
f 616/616/616 617/617/617 618/618/618
f 619/619/619 620/620/620 621/621/621
f 622/622/622 623/623/623 624/624/624
f 625/625/625 626/626/626 627/627/627
f 628/628/628 629/629/629 630/630/630
f 631/631/631 632/632/632 633/633/633
f 634/634/634 635/635/635 636/636/636
f 637/637/637 638/638/638 639/639/639
f 640/640/640 641/641/641 642/642/642
f 643/643/643 644/644/644 645/645/645
f 646/646/646 647/647/647 648/648/648
f 649/649/649 650/650/650 651/651/651
f 652/652/652 653/653/653 654/654/654
f 655/655/655 656/656/656 657/657/657
f 658/658/658 659/659/659 660/660/660
f 661/661/661 662/662/662 663/663/663
o Geoset_09
g Geoset_09
v -5.130670 85.930099 71.106598
v -9.356980 99.940598 88.035599
v -9.431380 97.268600 74.099899
v 20.149900 20.293657 41.383301
v 20.887300 20.845257 17.930500
v 22.881500 35.234715 18.478300
v 22.881500 35.234715 18.478300
v 18.011801 31.982740 41.951900
v 20.149900 20.293657 41.383301
v -0.053700 31.709040 50.028099
v -0.053800 20.285257 50.488800
v 20.149900 20.293657 41.383301
v 20.149900 20.293657 41.383301
v 18.011801 31.982740 41.951900
v -0.053700 31.709040 50.028099
v -4.812320 61.667900 79.869400
v 0.120520 66.491798 91.186699
v -11.146200 82.199707 73.387100
v 0.120520 66.491798 91.186699
v -4.812320 61.667900 79.869400
v 5.053400 61.667900 79.869400
v 0.120520 66.491798 91.186699
v 5.053400 61.667900 79.869400
v 11.279900 81.983810 73.519501
v 11.279900 81.983810 73.519501
v 0.452470 91.265236 80.038200
v 0.120520 66.491798 91.186699
v 0.452470 91.265236 80.038200
v -11.146200 82.199707 73.387100
v 0.120520 66.491798 91.186699
v 4.964740 85.930099 71.106598
v 9.319250 97.268600 74.099899
v 9.244850 99.940598 88.035599
v -20.602600 20.781656 -38.474155
v -21.182501 20.760857 -2.453980
v -22.505100 35.263504 -2.505480
v -22.505100 35.263504 -2.505480
v -18.502100 34.051849 -37.618832
v -20.602600 20.781656 -38.474155
v 0.043000 36.348541 -45.516586
v 0.044700 20.787157 -47.245598
v -20.602600 20.781656 -38.474155
v -20.602600 20.781656 -38.474155
v -18.502100 34.051849 -37.618832
v 0.043000 36.348541 -45.516586
v 20.125601 20.769657 -2.448470
v 20.659901 20.792757 -38.467754
v 20.755100 35.615608 -2.499380
v 18.560801 34.411446 -37.612633
v 20.755100 35.615608 -2.499380
v 20.659901 20.792757 -38.467754
v 0.044700 20.787157 -47.245598
v 0.043000 36.348541 -45.516586
v 20.659901 20.792757 -38.467754
v 18.560801 34.411446 -37.612633
v 20.659901 20.792757 -38.467754
v 0.043000 36.348541 -45.516586
v -8.892200 64.497299 -53.774101
v -0.546140 76.165802 -59.907299
v 11.432200 63.666901 -55.325802
v 0.261110 69.313301 -35.929100
v 11.432200 63.666901 -55.325802
v -0.546140 76.165802 -59.907299
v 0.261110 69.313301 -35.929100
v -0.546140 76.165802 -59.907299
v -8.892200 64.497299 -53.774101
v 0.261110 69.313301 -35.929100
v -8.892200 64.497299 -53.774101
v 11.432200 63.666901 -55.325802
v -22.505100 35.263504 -2.505480
v -21.182501 20.760857 -2.453980
v -20.802401 20.834257 17.924601
v -20.802401 20.834257 17.924601
v -22.793800 34.871914 18.472401
v -22.505100 35.263504 -2.505480
v 20.125601 20.769657 -2.448470
v 20.755100 35.615608 -2.499380
v 22.881500 35.234715 18.478300
v 22.881500 35.234715 18.478300
v 20.887300 20.845257 17.930500
v 20.125601 20.769657 -2.448470
v -0.053800 20.285257 50.488800
v -0.053700 31.709040 50.028099
v -18.013500 31.435240 41.810101
v -18.013500 31.435240 41.810101
v -20.163401 20.276657 41.241501
v -0.053800 20.285257 50.488800
v -18.013500 31.435240 41.810101
v -22.793800 34.871914 18.472401
v -20.163401 20.276657 41.241501
v -20.802401 20.834257 17.924601
v -20.163401 20.276657 41.241501
v -22.793800 34.871914 18.472401
v 7.549420 39.159100 30.216400
v 12.562800 13.441200 39.882900
v 11.437900 39.012901 38.972801
v 12.562800 13.441200 39.882900
v 7.549420 39.159100 30.216400
v 8.777390 10.272500 25.597900
v 11.437900 39.012901 38.972801
v 12.562800 13.441200 39.882900
v 17.187700 35.964001 29.028900
v 19.964701 10.808400 25.327600
v 17.187700 35.964001 29.028900
v 12.562800 13.441200 39.882900
v 16.785400 0.287930 -9.026900
v 11.658400 13.612300 -19.292400
v 7.060590 0.302170 -34.623001
v 24.881701 0.304300 -34.044300
v 15.433100 9.195800 -35.621300
v 19.667900 12.871000 -22.503700
v 19.667900 12.871000 -22.503700
v 16.785400 0.287930 -9.026900
v 24.881701 0.304300 -34.044300
v 11.658400 13.612300 -19.292400
v 15.433100 9.195800 -35.621300
v 7.060590 0.302170 -34.623001
v 14.911000 36.162300 -37.097401
v 18.659000 37.590599 -28.235300
v 19.667900 12.871000 -22.503700
v 19.667900 12.871000 -22.503700
v 15.444100 14.027700 -40.585300
v 14.911000 36.162300 -37.097401
v 15.444100 14.027700 -40.585300
v 11.658400 13.612300 -19.292400
v 14.911000 36.162300 -37.097401
v 11.658400 13.612300 -19.292400
v 15.444100 14.027700 -40.585300
v 15.433100 9.195800 -35.621300
v 8.288960 36.565399 -26.403601
v 14.911000 36.162300 -37.097401
v 11.658400 13.612300 -19.292400
v 15.444100 14.027700 -40.585300
v 19.667900 12.871000 -22.503700
v 15.433100 9.195800 -35.621300
v -15.308500 9.195850 -35.621300
v -24.757000 0.304340 -34.044300
v -19.543301 12.871100 -22.503700
v -16.660801 0.287950 -9.026880
v -19.543301 12.871100 -22.503700
v -24.757000 0.304340 -34.044300
v -11.533900 13.612400 -19.292400
v -16.660801 0.287950 -9.026880
v -6.935910 0.302210 -34.622799
v -15.308500 9.195850 -35.621300
v -11.533900 13.612400 -19.292400
v -6.935910 0.302210 -34.622799
v -15.319400 14.027800 -40.585300
v -11.533900 13.612400 -19.292400
v -15.308500 9.195850 -35.621300
v -11.533900 13.612400 -19.292400
v -15.319400 14.027800 -40.585300
v -14.787300 36.159801 -37.097301
v -15.319400 14.027800 -40.585300
v -19.543301 12.871100 -22.503700
v -14.787300 36.159801 -37.097301
v -18.534500 37.589901 -28.235300
v -14.787300 36.159801 -37.097301
v -19.543301 12.871100 -22.503700
v -14.787300 36.159801 -37.097301
v -8.166090 37.118599 -26.368000
v -11.533900 13.612400 -19.292400
v -19.543301 12.871100 -22.503700
v -15.319400 14.027800 -40.585300
v -15.308500 9.195850 -35.621300
v -19.892700 10.808400 25.327600
v -24.995001 0.252160 25.568001
v -12.490900 13.441200 39.882900
v -12.479900 0.243220 49.139702
v -12.490900 13.441200 39.882900
v -24.995001 0.252160 25.568001
v -4.107280 0.250030 24.989201
v -12.490900 13.441200 39.882900
v -12.479900 0.243220 49.139702
v -12.490900 13.441200 39.882900
v -4.107280 0.250030 24.989201
v -8.705310 10.272500 25.597900
v -19.892700 10.808400 25.327600
v -12.490900 13.441200 39.882900
v -17.115601 35.964001 29.028900
v -11.366000 39.012901 38.972801
v -17.115601 35.964001 29.028900
v -12.490900 13.441200 39.882900
v -7.477360 39.159100 30.216400
v -11.366000 39.012901 38.972801
v -12.490900 13.441200 39.882900
v -12.490900 13.441200 39.882900
v -8.705310 10.272500 25.597900
v -7.477360 39.159100 30.216400
v 19.964701 10.808400 25.327600
v 12.562800 13.441200 39.882900
v 25.067101 0.252160 25.567801
v 12.552000 0.243210 49.139702
v 25.067101 0.252160 25.567801
v 12.562800 13.441200 39.882900
v 4.179360 0.250010 24.989201
v 12.552000 0.243210 49.139702
v 12.562800 13.441200 39.882900
v 12.562800 13.441200 39.882900
v 8.777390 10.272500 25.597900
v 4.179360 0.250010 24.989201
v 16.785400 0.287930 -9.026900
v 7.060590 0.302170 -34.623001
v 15.971100 0.303235 -34.333599
v -16.660801 0.287950 -9.026880
v -15.846500 0.303275 -34.333500
v -6.935910 0.302210 -34.622799
v -14.551100 0.251095 25.278601
v -4.107280 0.250030 24.989201
v -12.479900 0.243220 49.139702
v 14.623200 0.251085 25.278500
v 12.552000 0.243210 49.139702
v 4.179360 0.250010 24.989201
v 16.785400 0.287930 -9.026900
v 15.971100 0.303235 -34.333599
v 24.881701 0.304300 -34.044300
v -16.660801 0.287950 -9.026880
v -24.757000 0.304340 -34.044300
v -15.846500 0.303275 -34.333500
v -24.995001 0.252160 25.568001
v -14.551100 0.251095 25.278601
v -12.479900 0.243220 49.139702
v 25.067101 0.252160 25.567801
v 12.552000 0.243210 49.139702
v 14.623200 0.251085 25.278500
v 24.881701 0.304300 -34.044300
v 15.971100 0.303235 -34.333599
v 15.433100 9.195800 -35.621300
v -15.846500 0.303275 -34.333500
v -24.757000 0.304340 -34.044300
v -15.308500 9.195850 -35.621300
v 15.971100 0.303235 -34.333599
v 7.060590 0.302170 -34.623001
v 15.433100 9.195800 -35.621300
v -6.935910 0.302210 -34.622799
v -15.846500 0.303275 -34.333500
v -15.308500 9.195850 -35.621300
v 16.785400 0.287930 -9.026900
v 19.667900 12.871000 -22.503700
v 15.663100 13.241600 -20.898100
v 13.474000 37.077999 -27.319500
v 19.667900 12.871000 -22.503700
v 18.659000 37.590599 -28.235300
v 15.663100 13.241600 -20.898100
v 19.667900 12.871000 -22.503700
v 13.474000 37.077999 -27.319500
v -19.543301 12.871100 -22.503700
v -16.660801 0.287950 -9.026880
v -15.538600 13.241700 -20.898100
v -19.543301 12.871100 -22.503700
v -13.350300 37.354301 -27.301600
v -18.534500 37.589901 -28.235300
v -19.543301 12.871100 -22.503700
v -15.538600 13.241700 -20.898100
v -13.350300 37.354301 -27.301600
v 16.785400 0.287930 -9.026900
v 15.663100 13.241600 -20.898100
v 11.658400 13.612300 -19.292400
v 11.658400 13.612300 -19.292400
v 15.663100 13.241600 -20.898100
v 13.474000 37.077999 -27.319500
v 11.658400 13.612300 -19.292400
v 13.474000 37.077999 -27.319500
v 8.288960 36.565399 -26.403601
v -15.538600 13.241700 -20.898100
v -16.660801 0.287950 -9.026880
v -11.533900 13.612400 -19.292400
v -11.533900 13.612400 -19.292400
v -8.166090 37.118599 -26.368000
v -13.350300 37.354301 -27.301600
v -15.538600 13.241700 -20.898100
v -11.533900 13.612400 -19.292400
v -13.350300 37.354301 -27.301600
v 17.187700 35.964001 29.028900
v 14.371000 10.540500 25.462700
v 12.368600 37.561600 29.622700
v 14.371000 10.540500 25.462700
v 17.187700 35.964001 29.028900
v 19.964701 10.808400 25.327600
v -24.995001 0.252160 25.568001
v -19.892700 10.808400 25.327600
v -14.551100 0.251095 25.278601
v -19.892700 10.808400 25.327600
v -14.299000 10.540500 25.462700
v -14.551100 0.251095 25.278601
v -14.299000 10.540500 25.462700
v -19.892700 10.808400 25.327600
v -17.115601 35.964001 29.028900
v -17.115601 35.964001 29.028900
v -12.296500 37.561600 29.622700
v -14.299000 10.540500 25.462700
v 25.067101 0.252160 25.567801
v 14.623200 0.251085 25.278500
v 19.964701 10.808400 25.327600
v 19.964701 10.808400 25.327600
v 14.623200 0.251085 25.278500
v 14.371000 10.540500 25.462700
v -14.551100 0.251095 25.278601
v -8.705310 10.272500 25.597900
v -4.107280 0.250030 24.989201
v -14.299000 10.540500 25.462700
v -8.705310 10.272500 25.597900
v -14.551100 0.251095 25.278601
v 14.623200 0.251085 25.278500
v 8.777390 10.272500 25.597900
v 14.371000 10.540500 25.462700
v 14.623200 0.251085 25.278500
v 4.179360 0.250010 24.989201
v 8.777390 10.272500 25.597900
v 14.371000 10.540500 25.462700
v 8.777390 10.272500 25.597900
v 7.549420 39.159100 30.216400
v 7.549420 39.159100 30.216400
v 12.368600 37.561600 29.622700
v 14.371000 10.540500 25.462700
v -7.477360 39.159100 30.216400
v -14.299000 10.540500 25.462700
v -12.296500 37.561600 29.622700
v -14.299000 10.540500 25.462700
v -7.477360 39.159100 30.216400
v -8.705310 10.272500 25.597900
v -4.812320 61.667900 79.869400
v -11.146200 82.199707 73.387100
v 0.198650 75.224899 67.228500
v 5.053400 61.667900 79.869400
v -4.812320 61.667900 79.869400
v 0.198650 75.224899 67.228500
v 11.279900 81.983810 73.519501
v 5.053400 61.667900 79.869400
v 0.198650 75.224899 67.228500
v 0.452470 91.265236 80.038200
v 0.381150 111.288734 68.534599
v 0.429070 102.338104 68.168999
v 0.381150 111.288734 68.534599
v 0.452470 91.265236 80.038200
v 0.404550 97.776337 88.055901
v 0.234610 105.669739 50.441601
v 0.429070 102.338104 68.168999
v 0.381150 111.288734 68.534599
vn -0.925462 -0.371119 0.076098
vn -0.925462 -0.371119 0.076098
vn -0.925462 -0.371119 0.076098
vn 0.800351 0.025940 0.598970
vn 0.991048 -0.133436 -0.004280
vn 0.998882 -0.037304 0.029041
vn 0.998882 -0.037304 0.029041
vn 0.765808 0.105607 0.634338
vn 0.800351 0.025940 0.598970
vn -0.003937 0.037180 0.999301
vn -0.003466 0.038280 0.999261
vn 0.800351 0.025940 0.598970
vn 0.800351 0.025940 0.598970
vn 0.765808 0.105607 0.634338
vn -0.003937 0.037180 0.999301
vn -0.573803 -0.805102 -0.150201
vn 0.007349 -0.209326 0.977818
vn -0.975691 -0.211216 -0.058439
vn 0.007349 -0.209326 0.977818
vn -0.573803 -0.805102 -0.150201
vn 0.576553 -0.803454 -0.148485
vn 0.007349 -0.209326 0.977818
vn 0.576553 -0.803454 -0.148485
vn 0.974945 -0.214725 -0.058097
vn 0.974945 -0.214725 -0.058097
vn -0.797318 0.245103 0.551551
vn 0.007349 -0.209326 0.977818
vn -0.797318 0.245103 0.551551
vn -0.975691 -0.211216 -0.058439
vn 0.007349 -0.209326 0.977818
vn 0.923805 -0.375071 0.076847
vn 0.923805 -0.375071 0.076847
vn 0.923805 -0.375071 0.076847
vn -0.836503 0.074240 -0.542910
vn -0.996078 -0.088470 0.000806
vn -0.998499 -0.043369 -0.033458
vn -0.998499 -0.043369 -0.033458
vn -0.842953 0.203580 -0.497981
vn -0.836503 0.074240 -0.542910
vn -0.000617 0.115876 -0.993263
vn 0.000394 -0.030567 -0.999533
vn -0.836503 0.074240 -0.542910
vn -0.836503 0.074240 -0.542910
vn -0.842953 0.203580 -0.497981
vn -0.000617 0.115876 -0.993263
vn 0.997584 -0.064154 -0.026640
vn 0.848269 0.083654 -0.522917
vn 0.998082 0.000503 -0.061898
vn 0.857897 0.196537 -0.474749
vn 0.998082 0.000503 -0.061898
vn 0.848269 0.083654 -0.522917
vn 0.000394 -0.030567 -0.999533
vn -0.000617 0.115876 -0.993263
vn 0.848269 0.083654 -0.522917
vn 0.857897 0.196537 -0.474749
vn 0.848269 0.083654 -0.522917
vn -0.000617 0.115876 -0.993263
vn -0.703604 -0.614468 -0.356890
vn -0.139450 0.867345 -0.477773
vn 0.578957 -0.672277 -0.461360
vn -0.108539 0.507007 0.855081
vn 0.578957 -0.672277 -0.461360
vn -0.139450 0.867345 -0.477773
vn -0.108539 0.507007 0.855081
vn -0.139450 0.867345 -0.477773
vn -0.703604 -0.614468 -0.356890
vn -0.108539 0.507007 0.855081
vn -0.703604 -0.614468 -0.356890
vn 0.578957 -0.672277 -0.461360
vn -0.998499 -0.043369 -0.033458
vn -0.996078 -0.088470 0.000806
vn -0.992094 -0.124860 0.012634
vn -0.992094 -0.124860 0.012634
vn -0.996665 -0.060604 0.054645
vn -0.998499 -0.043369 -0.033458
vn 0.997584 -0.064154 -0.026640
vn 0.998082 0.000503 -0.061898
vn 0.998882 -0.037304 0.029041
vn 0.998882 -0.037304 0.029041
vn 0.991048 -0.133436 -0.004280
vn 0.997584 -0.064154 -0.026640
vn -0.003466 0.038280 0.999261
vn -0.003937 0.037180 0.999301
vn -0.658337 0.086649 0.747719
vn -0.658337 0.086649 0.747719
vn -0.898797 0.024034 0.437706
vn -0.003466 0.038280 0.999261
vn -0.658337 0.086649 0.747719
vn -0.996665 -0.060604 0.054645
vn -0.898797 0.024034 0.437706
vn -0.992094 -0.124860 0.012634
vn -0.898797 0.024034 0.437706
vn -0.996665 -0.060604 0.054645
vn -0.834550 0.081104 -0.544930
vn -0.078592 0.390711 0.917152
vn -0.047143 0.033457 0.998328
vn -0.078592 0.390711 0.917152
vn -0.834550 0.081104 -0.544930
vn -0.754283 0.203318 -0.624275
vn -0.047143 0.033457 0.998328
vn -0.078592 0.390711 0.917152
vn 0.832254 0.188844 -0.521240
vn 0.788563 0.274321 -0.550379
vn 0.832254 0.188844 -0.521240
vn -0.078592 0.390711 0.917152
vn 0.277239 0.138442 0.950775
vn -0.602114 0.512435 0.612265
vn -0.582165 -0.525355 -0.620553
vn 0.595915 -0.457772 -0.659796
vn -0.019397 0.004464 -0.999802
vn 0.809289 0.410036 0.420620
vn 0.809289 0.410036 0.420620
vn 0.277239 0.138442 0.950775
vn 0.595915 -0.457772 -0.659796
vn -0.602114 0.512435 0.612265
vn -0.019397 0.004464 -0.999802
vn -0.582165 -0.525355 -0.620553
vn 0.068081 -0.201330 -0.977155
vn 0.869833 0.144849 0.471603
vn 0.809289 0.410036 0.420620
vn 0.809289 0.410036 0.420620
vn -0.044027 -0.405629 -0.912977
vn 0.068081 -0.201330 -0.977155
vn -0.044027 -0.405629 -0.912977
vn -0.602114 0.512435 0.612265
vn 0.068081 -0.201330 -0.977155
vn -0.602114 0.512435 0.612265
vn -0.044027 -0.405629 -0.912977
vn -0.019397 0.004464 -0.999802
vn -0.840022 0.044219 0.540747
vn 0.068081 -0.201330 -0.977155
vn -0.602114 0.512435 0.612265
vn -0.044027 -0.405629 -0.912977
vn 0.809289 0.410036 0.420620
vn -0.019397 0.004464 -0.999802
vn 0.019400 0.004460 -0.999802
vn -0.595908 -0.457781 -0.659796
vn -0.810525 0.408770 0.419471
vn -0.277243 0.138444 0.950773
vn -0.810525 0.408770 0.419471
vn -0.595908 -0.457781 -0.659796
vn 0.599553 0.512538 0.614688
vn -0.277243 0.138444 0.950773
vn 0.582169 -0.525356 -0.620548
vn 0.019400 0.004460 -0.999802
vn 0.599553 0.512538 0.614688
vn 0.582169 -0.525356 -0.620548
vn 0.044025 -0.405615 -0.912983
vn 0.599553 0.512538 0.614688
vn 0.019400 0.004460 -0.999802
vn 0.599553 0.512538 0.614688
vn 0.044025 -0.405615 -0.912983
vn -0.061976 -0.196258 -0.978592
vn 0.044025 -0.405615 -0.912983
vn -0.810525 0.408770 0.419471
vn -0.061976 -0.196258 -0.978592
vn -0.873559 0.143491 0.465085
vn -0.061976 -0.196258 -0.978592
vn -0.810525 0.408770 0.419471
vn -0.061976 -0.196258 -0.978592
vn 0.830860 0.047846 0.554420
vn 0.599553 0.512538 0.614688
vn -0.810525 0.408770 0.419471
vn 0.044025 -0.405615 -0.912983
vn 0.019400 0.004460 -0.999802
vn -0.788563 0.274316 -0.550381
vn -0.702118 -0.521582 -0.484749
vn 0.078583 0.390711 0.917153
vn 0.093874 -0.462696 0.881533
vn 0.078583 0.390711 0.917153
vn -0.702118 -0.521582 -0.484749
vn 0.667977 -0.476090 -0.571966
vn 0.078583 0.390711 0.917153
vn 0.093874 -0.462696 0.881533
vn 0.078583 0.390711 0.917153
vn 0.667977 -0.476090 -0.571966
vn 0.754286 0.203317 -0.624272
vn -0.788563 0.274316 -0.550381
vn 0.078583 0.390711 0.917153
vn -0.832251 0.188844 -0.521245
vn 0.047127 0.033457 0.998328
vn -0.832251 0.188844 -0.521245
vn 0.078583 0.390711 0.917153
vn 0.834554 0.081104 -0.544924
vn 0.047127 0.033457 0.998328
vn 0.078583 0.390711 0.917153
vn 0.078583 0.390711 0.917153
vn 0.754286 0.203317 -0.624272
vn 0.834554 0.081104 -0.544924
vn 0.788563 0.274321 -0.550379
vn -0.078592 0.390711 0.917152
vn 0.702119 -0.521574 -0.484756
vn -0.093878 -0.462697 0.881532
vn 0.702119 -0.521574 -0.484756
vn -0.078592 0.390711 0.917152
vn -0.667981 -0.476087 -0.571965
vn -0.093878 -0.462697 0.881532
vn -0.078592 0.390711 0.917152
vn -0.078592 0.390711 0.917152
vn -0.754283 0.203318 -0.624275
vn -0.667981 -0.476087 -0.571965
vn 0.277239 0.138442 0.950775
vn -0.582165 -0.525355 -0.620553
vn 0.021364 -0.755224 -0.655119
vn -0.277243 0.138444 0.950773
vn -0.021356 -0.755227 -0.655115
vn 0.582169 -0.525356 -0.620548
vn -0.001044 -0.700496 -0.713655
vn 0.667977 -0.476090 -0.571966
vn 0.093874 -0.462696 0.881533
vn 0.001041 -0.700493 -0.713659
vn -0.093878 -0.462697 0.881532
vn -0.667981 -0.476087 -0.571965
vn 0.277239 0.138442 0.950775
vn 0.021364 -0.755224 -0.655119
vn 0.595915 -0.457772 -0.659796
vn -0.277243 0.138444 0.950773
vn -0.595908 -0.457781 -0.659796
vn -0.021356 -0.755227 -0.655115
vn -0.702118 -0.521582 -0.484749
vn -0.001044 -0.700496 -0.713655
vn 0.093874 -0.462696 0.881533
vn 0.702119 -0.521574 -0.484756
vn -0.093878 -0.462697 0.881532
vn 0.001041 -0.700493 -0.713659
vn 0.595915 -0.457772 -0.659796
vn 0.021364 -0.755224 -0.655119
vn -0.019397 0.004464 -0.999802
vn -0.021356 -0.755227 -0.655115
vn -0.595908 -0.457781 -0.659796
vn 0.019400 0.004460 -0.999802
vn 0.021364 -0.755224 -0.655119
vn -0.582165 -0.525355 -0.620553
vn -0.019397 0.004464 -0.999802
vn 0.582169 -0.525356 -0.620548
vn -0.021356 -0.755227 -0.655115
vn 0.019400 0.004460 -0.999802
vn 0.277239 0.138442 0.950775
vn 0.809289 0.410036 0.420620
vn 0.356224 0.537345 0.764438
vn 0.262646 0.273832 0.925220
vn 0.809289 0.410036 0.420620
vn 0.869833 0.144849 0.471603
vn 0.356224 0.537345 0.764438
vn 0.809289 0.410036 0.420620
vn 0.262646 0.273832 0.925220
vn -0.810525 0.408770 0.419471
vn -0.277243 0.138444 0.950773
vn -0.356387 0.536340 0.765067
vn -0.810525 0.408770 0.419471
vn -0.271231 0.270202 0.923810
vn -0.873559 0.143491 0.465085
vn -0.810525 0.408770 0.419471
vn -0.356387 0.536340 0.765067
vn -0.271231 0.270202 0.923810
vn 0.277239 0.138442 0.950775
vn 0.356224 0.537345 0.764438
vn -0.602114 0.512435 0.612265
vn -0.602114 0.512435 0.612265
vn 0.356224 0.537345 0.764438
vn 0.262646 0.273832 0.925220
vn -0.602114 0.512435 0.612265
vn 0.262646 0.273832 0.925220
vn -0.840022 0.044219 0.540747
vn -0.356387 0.536340 0.765067
vn -0.277243 0.138444 0.950773
vn 0.599553 0.512538 0.614688
vn 0.599553 0.512538 0.614688
vn 0.830860 0.047846 0.554420
vn -0.271231 0.270202 0.923810
vn -0.356387 0.536340 0.765067
vn 0.599553 0.512538 0.614688
vn -0.271231 0.270202 0.923810
vn 0.832254 0.188844 -0.521240
vn -0.038587 0.082797 -0.995819
vn -0.072991 0.146469 -0.986519
vn -0.038587 0.082797 -0.995819
vn 0.832254 0.188844 -0.521240
vn 0.788563 0.274321 -0.550379
vn -0.702118 -0.521582 -0.484749
vn -0.788563 0.274316 -0.550381
vn -0.001044 -0.700496 -0.713655
vn -0.788563 0.274316 -0.550381
vn 0.038587 0.082792 -0.995820
vn -0.001044 -0.700496 -0.713655
vn 0.038587 0.082792 -0.995820
vn -0.788563 0.274316 -0.550381
vn -0.832251 0.188844 -0.521245
vn -0.832251 0.188844 -0.521245
vn 0.072991 0.146469 -0.986519
vn 0.038587 0.082792 -0.995820
vn 0.702119 -0.521574 -0.484756
vn 0.001041 -0.700493 -0.713659
vn 0.788563 0.274321 -0.550379
vn 0.788563 0.274321 -0.550379
vn 0.001041 -0.700493 -0.713659
vn -0.038587 0.082797 -0.995819
vn -0.001044 -0.700496 -0.713655
vn 0.754286 0.203317 -0.624272
vn 0.667977 -0.476090 -0.571966
vn 0.038587 0.082792 -0.995820
vn 0.754286 0.203317 -0.624272
vn -0.001044 -0.700496 -0.713655
vn 0.001041 -0.700493 -0.713659
vn -0.754283 0.203318 -0.624275
vn -0.038587 0.082797 -0.995819
vn 0.001041 -0.700493 -0.713659
vn -0.667981 -0.476087 -0.571965
vn -0.754283 0.203318 -0.624275
vn -0.038587 0.082797 -0.995819
vn -0.754283 0.203318 -0.624275
vn -0.834550 0.081104 -0.544930
vn -0.834550 0.081104 -0.544930
vn -0.072991 0.146469 -0.986519
vn -0.038587 0.082797 -0.995819
vn 0.834554 0.081104 -0.544924
vn 0.038587 0.082792 -0.995820
vn 0.072991 0.146469 -0.986519
vn 0.038587 0.082792 -0.995820
vn 0.834554 0.081104 -0.544924
vn 0.754286 0.203317 -0.624272
vn -0.573803 -0.805102 -0.150201
vn -0.975691 -0.211216 -0.058439
vn 0.003632 -0.581810 -0.813317
vn 0.576553 -0.803454 -0.148485
vn -0.573803 -0.805102 -0.150201
vn 0.003632 -0.581810 -0.813317
vn 0.974945 -0.214725 -0.058097
vn 0.576553 -0.803454 -0.148485
vn 0.003632 -0.581810 -0.813317
vn -0.797318 0.245103 0.551551
vn -0.999979 -0.005369 0.003692
vn -0.999979 -0.005484 0.003491
vn -0.999979 -0.005369 0.003692
vn -0.797318 0.245103 0.551551
vn -0.999986 -0.004763 -0.002098
vn -0.999935 -0.005745 0.009883
vn -0.999979 -0.005484 0.003491
vn -0.999979 -0.005369 0.003692
vt 0.000805 0.652380
vt 0.056562 0.723328
vt 0.000507 0.740239
vt 0.326679 0.004499
vt 0.208456 0.002305
vt 0.208570 0.111912
vt 0.208570 0.111912
vt 0.326514 0.112528
vt 0.326679 0.004499
vt 0.384550 0.111588
vt 0.384546 0.002989
vt 0.326679 0.004499
vt 0.326679 0.004499
vt 0.326514 0.112528
vt 0.384550 0.111588
vt 0.542424 0.276530
vt 0.584668 0.383018
vt 0.527270 0.499438
vt 0.584668 0.383018
vt 0.542424 0.276530
vt 0.542424 0.276530
vt 0.584668 0.383018
vt 0.542424 0.276530
vt 0.527270 0.499438
vt 0.527270 0.499438
vt 0.538675 0.561019
vt 0.584668 0.383018
vt 0.538675 0.561019
vt 0.527270 0.499438
vt 0.584668 0.383018
vt 0.000805 0.652380
vt 0.000507 0.740239
vt 0.056562 0.723328
vt 0.208111 0.004507
vt 0.120828 0.002962
vt 0.120536 0.109210
vt 0.120536 0.109210
vt 0.208004 0.108938
vt 0.208111 0.004507
vt 0.326552 0.112272
vt 0.326292 0.007362
vt 0.208111 0.004507
vt 0.208111 0.004507
vt 0.208004 0.108938
vt 0.326552 0.112272
vt 0.120860 0.003036
vt 0.208147 0.004600
vt 0.120570 0.112180
vt 0.208040 0.111971
vt 0.120570 0.112180
vt 0.208147 0.004600
vt 0.326292 0.007362
vt 0.326552 0.112272
vt 0.208147 0.004600
vt 0.208040 0.111971
vt 0.208147 0.004600
vt 0.326552 0.112272
vt 0.823294 0.351701
vt 0.802443 0.416938
vt 0.819949 0.479254
vt 0.864256 0.424650
vt 0.819949 0.479254
vt 0.802443 0.416938
vt 0.864256 0.424650
vt 0.802443 0.416938
vt 0.823294 0.351701
vt 0.864256 0.424650
vt 0.823294 0.351701
vt 0.819949 0.479254
vt 0.120536 0.109210
vt 0.120828 0.002962
vt 0.208423 0.002210
vt 0.208423 0.002210
vt 0.208536 0.108852
vt 0.120536 0.109210
vt 0.120860 0.003036
vt 0.120570 0.112180
vt 0.208570 0.111912
vt 0.208570 0.111912
vt 0.208456 0.002305
vt 0.120860 0.003036
vt 0.384546 0.002989
vt 0.384550 0.111588
vt 0.325710 0.107909
vt 0.325710 0.107909
vt 0.325876 0.004357
vt 0.384546 0.002989
vt 0.325710 0.107909
vt 0.208536 0.108852
vt 0.325876 0.004357
vt 0.208423 0.002210
vt 0.325876 0.004357
vt 0.208536 0.108852
vt 0.723414 0.922445
vt 0.695258 0.762844
vt 0.695027 0.922457
vt 0.695258 0.762844
vt 0.723414 0.922445
vt 0.719810 0.726398
vt 0.695027 0.922457
vt 0.695258 0.762844
vt 0.723415 0.922445
vt 0.719811 0.726399
vt 0.723415 0.922445
vt 0.695258 0.762844
vt 0.655366 0.630391
vt 0.704745 0.748074
vt 0.729564 0.630301
vt 0.729564 0.630301
vt 0.732395 0.708056
vt 0.704764 0.748062
vt 0.704764 0.748062
vt 0.655366 0.630391
vt 0.729564 0.630301
vt 0.704745 0.748074
vt 0.732395 0.708056
vt 0.729564 0.630301
vt 0.734395 0.922438
vt 0.708405 0.922456
vt 0.704764 0.748062
vt 0.704764 0.748062
vt 0.731868 0.744577
vt 0.734395 0.922438
vt 0.731868 0.744577
vt 0.704745 0.748074
vt 0.734395 0.922438
vt 0.704745 0.748074
vt 0.731868 0.744577
vt 0.732395 0.708056
vt 0.708400 0.922456
vt 0.734395 0.922438
vt 0.704745 0.748074
vt 0.731868 0.744577
vt 0.704764 0.748062
vt 0.732395 0.708056
vt 0.732427 0.708077
vt 0.729564 0.630301
vt 0.704768 0.748046
vt 0.655366 0.630391
vt 0.704768 0.748046
vt 0.729564 0.630301
vt 0.704745 0.748066
vt 0.655366 0.630391
vt 0.729564 0.630301
vt 0.732427 0.708077
vt 0.704745 0.748066
vt 0.729564 0.630301
vt 0.731832 0.744573
vt 0.704745 0.748066
vt 0.732427 0.708077
vt 0.704745 0.748066
vt 0.731832 0.744573
vt 0.734395 0.922438
vt 0.731832 0.744573
vt 0.704768 0.748046
vt 0.734395 0.922438
vt 0.708415 0.922456
vt 0.734395 0.922438
vt 0.704768 0.748046
vt 0.734395 0.922438
vt 0.708404 0.922456
vt 0.704745 0.748066
vt 0.704768 0.748046
vt 0.731832 0.744573
vt 0.732427 0.708077
vt 0.719811 0.726398
vt 0.729564 0.630301
vt 0.695258 0.762845
vt 0.655366 0.630391
vt 0.695258 0.762845
vt 0.729564 0.630301
vt 0.729564 0.630301
vt 0.695258 0.762845
vt 0.655366 0.630391
vt 0.695258 0.762845
vt 0.729564 0.630301
vt 0.719809 0.726396
vt 0.719811 0.726398
vt 0.695258 0.762845
vt 0.723414 0.922445
vt 0.695025 0.922457
vt 0.723414 0.922445
vt 0.695258 0.762845
vt 0.723413 0.922445
vt 0.695025 0.922457
vt 0.695258 0.762845
vt 0.695258 0.762845
vt 0.719809 0.726396
vt 0.723413 0.922445
vt 0.719811 0.726399
vt 0.695258 0.762844
vt 0.729564 0.630301
vt 0.655366 0.630390
vt 0.729564 0.630301
vt 0.695258 0.762844
vt 0.729564 0.630301
vt 0.655366 0.630390
vt 0.695258 0.762844
vt 0.695258 0.762844
vt 0.719810 0.726398
vt 0.729564 0.630301
vt 0.655366 0.630391
vt 0.729564 0.630301
vt 0.687252 0.673735
vt 0.655366 0.630391
vt 0.687252 0.673735
vt 0.729564 0.630301
vt 0.687252 0.673735
vt 0.729564 0.630301
vt 0.655366 0.630391
vt 0.687252 0.673735
vt 0.655366 0.630390
vt 0.729564 0.630301
vt 0.655366 0.630391
vt 0.687252 0.673735
vt 0.729564 0.630301
vt 0.655366 0.630391
vt 0.729564 0.630301
vt 0.687252 0.673735
vt 0.729564 0.630301
vt 0.687252 0.673735
vt 0.655366 0.630391
vt 0.729564 0.630301
vt 0.655366 0.630390
vt 0.687252 0.673735
vt 0.729564 0.630301
vt 0.687252 0.673735
vt 0.732395 0.708056
vt 0.687252 0.673735
vt 0.729564 0.630301
vt 0.732427 0.708077
vt 0.687252 0.673735
vt 0.729564 0.630301
vt 0.732395 0.708056
vt 0.729564 0.630301
vt 0.687252 0.673735
vt 0.732427 0.708077
vt 0.655366 0.630391
vt 0.704764 0.748062
vt 0.695258 0.762845
vt 0.695025 0.922457
vt 0.704764 0.748062
vt 0.708405 0.922456
vt 0.695258 0.762845
vt 0.704764 0.748062
vt 0.695025 0.922457
vt 0.704768 0.748046
vt 0.655366 0.630391
vt 0.695258 0.762845
vt 0.704768 0.748046
vt 0.695027 0.922457
vt 0.708415 0.922456
vt 0.704768 0.748046
vt 0.695258 0.762845
vt 0.695027 0.922457
vt 0.655366 0.630391
vt 0.695258 0.762845
vt 0.704745 0.748074
vt 0.704745 0.748074
vt 0.695258 0.762845
vt 0.695025 0.922457
vt 0.704745 0.748074
vt 0.695025 0.922457
vt 0.708400 0.922456
vt 0.695258 0.762845
vt 0.655366 0.630391
vt 0.704745 0.748066
vt 0.704745 0.748066
vt 0.708404 0.922456
vt 0.695027 0.922457
vt 0.695258 0.762845
vt 0.704745 0.748066
vt 0.695027 0.922457
vt 0.723415 0.922445
vt 0.732419 0.708101
vt 0.734395 0.922438
vt 0.732419 0.708101
vt 0.723415 0.922445
vt 0.719811 0.726399
vt 0.729563 0.630301
vt 0.719811 0.726398
vt 0.687257 0.673730
vt 0.719811 0.726398
vt 0.732405 0.708069
vt 0.687257 0.673730
vt 0.732405 0.708069
vt 0.719811 0.726398
vt 0.723414 0.922445
vt 0.723414 0.922445
vt 0.734395 0.922438
vt 0.732405 0.708069
vt 0.729562 0.630301
vt 0.687257 0.673730
vt 0.719811 0.726399
vt 0.719811 0.726399
vt 0.687257 0.673730
vt 0.732419 0.708101
vt 0.687257 0.673730
vt 0.719809 0.726396
vt 0.729565 0.630301
vt 0.732405 0.708069
vt 0.719809 0.726396
vt 0.687257 0.673730
vt 0.687257 0.673730
vt 0.719810 0.726398
vt 0.732419 0.708101
vt 0.687257 0.673730
vt 0.729564 0.630301
vt 0.719810 0.726398
vt 0.732419 0.708101
vt 0.719810 0.726398
vt 0.723414 0.922445
vt 0.723414 0.922445
vt 0.734395 0.922438
vt 0.732419 0.708101
vt 0.723413 0.922445
vt 0.732405 0.708069
vt 0.734395 0.922438
vt 0.732405 0.708069
vt 0.723413 0.922445
vt 0.719809 0.726396
vt 0.542424 0.276530
vt 0.527270 0.499438
vt 0.507462 0.423985
vt 0.542424 0.276530
vt 0.542424 0.276530
vt 0.507462 0.423985
vt 0.527270 0.499438
vt 0.542424 0.276530
vt 0.507462 0.423985
vt 0.869164 0.446069
vt 0.856633 0.662011
vt 0.833519 0.559796
vt 0.856633 0.662011
vt 0.869164 0.446069
vt 0.898359 0.568383
vt 0.798790 0.679125
vt 0.833519 0.559796
vt 0.856633 0.662011
f 664/664/664 665/665/665 666/666/666
f 667/667/667 668/668/668 669/669/669
f 670/670/670 671/671/671 672/672/672
f 673/673/673 674/674/674 675/675/675
f 676/676/676 677/677/677 678/678/678
f 679/679/679 680/680/680 681/681/681
f 682/682/682 683/683/683 684/684/684
f 685/685/685 686/686/686 687/687/687
f 688/688/688 689/689/689 690/690/690
f 691/691/691 692/692/692 693/693/693
f 694/694/694 695/695/695 696/696/696
f 697/697/697 698/698/698 699/699/699
f 700/700/700 701/701/701 702/702/702
f 703/703/703 704/704/704 705/705/705
f 706/706/706 707/707/707 708/708/708
f 709/709/709 710/710/710 711/711/711
f 712/712/712 713/713/713 714/714/714
f 715/715/715 716/716/716 717/717/717
f 718/718/718 719/719/719 720/720/720
f 721/721/721 722/722/722 723/723/723
f 724/724/724 725/725/725 726/726/726
f 727/727/727 728/728/728 729/729/729
f 730/730/730 731/731/731 732/732/732
f 733/733/733 734/734/734 735/735/735
f 736/736/736 737/737/737 738/738/738
f 739/739/739 740/740/740 741/741/741
f 742/742/742 743/743/743 744/744/744
f 745/745/745 746/746/746 747/747/747
f 748/748/748 749/749/749 750/750/750
f 751/751/751 752/752/752 753/753/753
f 754/754/754 755/755/755 756/756/756
f 757/757/757 758/758/758 759/759/759
f 760/760/760 761/761/761 762/762/762
f 763/763/763 764/764/764 765/765/765
f 766/766/766 767/767/767 768/768/768
f 769/769/769 770/770/770 771/771/771
f 772/772/772 773/773/773 774/774/774
f 775/775/775 776/776/776 777/777/777
f 778/778/778 779/779/779 780/780/780
f 781/781/781 782/782/782 783/783/783
f 784/784/784 785/785/785 786/786/786
f 787/787/787 788/788/788 789/789/789
f 790/790/790 791/791/791 792/792/792
f 793/793/793 794/794/794 795/795/795
f 796/796/796 797/797/797 798/798/798
f 799/799/799 800/800/800 801/801/801
f 802/802/802 803/803/803 804/804/804
f 805/805/805 806/806/806 807/807/807
f 808/808/808 809/809/809 810/810/810
f 811/811/811 812/812/812 813/813/813
f 814/814/814 815/815/815 816/816/816
f 817/817/817 818/818/818 819/819/819
f 820/820/820 821/821/821 822/822/822
f 823/823/823 824/824/824 825/825/825
f 826/826/826 827/827/827 828/828/828
f 829/829/829 830/830/830 831/831/831
f 832/832/832 833/833/833 834/834/834
f 835/835/835 836/836/836 837/837/837
f 838/838/838 839/839/839 840/840/840
f 841/841/841 842/842/842 843/843/843
f 844/844/844 845/845/845 846/846/846
f 847/847/847 848/848/848 849/849/849
f 850/850/850 851/851/851 852/852/852
f 853/853/853 854/854/854 855/855/855
f 856/856/856 857/857/857 858/858/858
f 859/859/859 860/860/860 861/861/861
f 862/862/862 863/863/863 864/864/864
f 865/865/865 866/866/866 867/867/867
f 868/868/868 869/869/869 870/870/870
f 871/871/871 872/872/872 873/873/873
f 874/874/874 875/875/875 876/876/876
f 877/877/877 878/878/878 879/879/879
f 880/880/880 881/881/881 882/882/882
f 883/883/883 884/884/884 885/885/885
f 886/886/886 887/887/887 888/888/888
f 889/889/889 890/890/890 891/891/891
f 892/892/892 893/893/893 894/894/894
f 895/895/895 896/896/896 897/897/897
f 898/898/898 899/899/899 900/900/900
f 901/901/901 902/902/902 903/903/903
f 904/904/904 905/905/905 906/906/906
f 907/907/907 908/908/908 909/909/909
f 910/910/910 911/911/911 912/912/912
f 913/913/913 914/914/914 915/915/915
f 916/916/916 917/917/917 918/918/918
f 919/919/919 920/920/920 921/921/921
f 922/922/922 923/923/923 924/924/924
f 925/925/925 926/926/926 927/927/927
f 928/928/928 929/929/929 930/930/930
f 931/931/931 932/932/932 933/933/933
f 934/934/934 935/935/935 936/936/936
f 937/937/937 938/938/938 939/939/939
f 940/940/940 941/941/941 942/942/942
f 943/943/943 944/944/944 945/945/945
f 946/946/946 947/947/947 948/948/948
f 949/949/949 950/950/950 951/951/951
f 952/952/952 953/953/953 954/954/954
f 955/955/955 956/956/956 957/957/957
f 958/958/958 959/959/959 960/960/960
f 961/961/961 962/962/962 963/963/963
f 964/964/964 965/965/965 966/966/966
f 967/967/967 968/968/968 969/969/969
f 970/970/970 971/971/971 972/972/972
f 973/973/973 974/974/974 975/975/975
f 976/976/976 977/977/977 978/978/978
f 979/979/979 980/980/980 981/981/981
f 982/982/982 983/983/983 984/984/984
f 985/985/985 986/986/986 987/987/987
f 988/988/988 989/989/989 990/990/990
f 991/991/991 992/992/992 993/993/993
f 994/994/994 995/995/995 996/996/996
f 997/997/997 998/998/998 999/999/999
f 1000/1000/1000 1001/1001/1001 1002/1002/1002
o Geoset_10
g Geoset_10
v 30.639179 78.139473 -6.001060
v 31.435112 76.433411 -7.674260
v 29.327969 77.641014 -7.323630
v 31.549009 76.510506 -4.831650
v 30.639179 78.139473 -6.001060
v 29.334480 77.619438 -5.047180
v 30.639179 78.139473 -6.001060
v 31.549009 76.510506 -4.831650
v 31.679705 76.664993 -6.017450
v 30.639179 78.139473 -6.001060
v 31.679705 76.664993 -6.017450
v 31.435112 76.433411 -7.674260
v 29.103462 77.851837 -5.992900
v 29.334480 77.619438 -5.047180
v 30.639179 78.139473 -6.001060
v 29.103462 77.851837 -5.992900
v 30.639179 78.139473 -6.001060
v 29.327969 77.641014 -7.323630
v 31.435112 76.433411 -7.674260
v 32.319496 74.794014 -6.014760
v 31.149866 74.012085 -7.339160
v 31.679705 76.664993 -6.017450
v 32.319496 74.794014 -6.014760
v 31.435112 76.433411 -7.674260
v 31.435112 76.433411 -7.674260
v 31.149866 74.012085 -7.339160
v 30.242928 75.815063 -9.775730
v 29.327969 77.641014 -7.323630
v 31.435112 76.433411 -7.674260
v 30.242928 75.815063 -9.775730
v 29.043941 75.216293 -7.677360
v 28.152308 76.865250 -6.000620
v 29.327969 77.641014 -7.323630
v 28.152308 76.865250 -6.000620
v 29.103462 77.851837 -5.992900
v 29.327969 77.641014 -7.323630
v 29.043941 75.216293 -7.677360
v 29.327969 77.641014 -7.323630
v 30.242928 75.815063 -9.775730
v 32.319496 74.794014 -6.014760
v 31.549009 76.510506 -4.831650
v 31.133577 74.048302 -5.065160
v 31.549009 76.510506 -4.831650
v 32.319496 74.794014 -6.014760
v 31.679705 76.664993 -6.017450
v 32.319496 74.794014 -6.014760
v 31.368341 73.807426 -6.022460
v 31.149866 74.012085 -7.339160
v 31.133577 74.048302 -5.065160
v 31.368341 73.807426 -6.022460
v 32.319496 74.794014 -6.014760
v 29.834076 73.528694 -6.016810
v 29.043941 75.216293 -7.677360
v 31.149866 74.012085 -7.339160
v 31.368341 73.807426 -6.022460
v 29.834076 73.528694 -6.016810
v 31.149866 74.012085 -7.339160
v 31.149866 74.012085 -7.339160
v 29.043941 75.216293 -7.677360
v 30.242928 75.815063 -9.775730
v 31.324327 76.410835 -4.028300
v 31.549009 76.510506 -4.831650
v 29.334480 77.619438 -5.047180
v 31.549009 76.510506 -4.831650
v 31.324327 76.410835 -4.028300
v 31.133577 74.048302 -5.065160
v 30.993120 74.307571 -4.034450
v 31.133577 74.048302 -5.065160
v 31.324327 76.410835 -4.028300
v 31.133577 74.048302 -5.065160
v 30.993120 74.307571 -4.034450
v 29.138462 75.270088 -4.028140
v 29.138462 75.270088 -4.028140
v 28.918333 75.160332 -4.831390
v 31.133577 74.048302 -5.065160
v 28.918333 75.160332 -4.831390
v 29.834076 73.528694 -6.016810
v 31.133577 74.048302 -5.065160
v 31.368341 73.807426 -6.022460
v 31.133577 74.048302 -5.065160
v 29.834076 73.528694 -6.016810
v 29.334480 77.619438 -5.047180
v 29.469669 77.373344 -4.022000
v 31.324327 76.410835 -4.028300
v 29.469669 77.373344 -4.022000
v 29.334480 77.619438 -5.047180
v 29.138462 75.270088 -4.028140
v 28.918333 75.160332 -4.831390
v 29.138462 75.270088 -4.028140
v 29.334480 77.619438 -5.047180
v 28.152308 76.865250 -6.000620
v 28.918333 75.160332 -4.831390
v 29.334480 77.619438 -5.047180
v 29.334480 77.619438 -5.047180
v 29.103462 77.851837 -5.992900
v 28.152308 76.865250 -6.000620
v 31.276857 76.443077 13.038900
v 31.324327 76.410835 -4.028300
v 29.469669 77.373344 -4.022000
v 31.324327 76.410835 -4.028300
v 31.276857 76.443077 13.038900
v 30.993120 74.307571 -4.034450
v 30.993120 74.307571 -4.034450
v 30.948862 74.337738 11.836200
v 29.092436 75.312943 13.035700
v 29.092436 75.312943 13.035700
v 29.138462 75.270088 -4.028140
v 30.993120 74.307571 -4.034450
v 30.948862 74.337738 11.836200
v 30.993120 74.307571 -4.034450
v 31.276857 76.443077 13.038900
v 29.138462 75.270088 -4.028140
v 29.092436 75.312943 13.035700
v 29.469669 77.373344 -4.022000
v 29.469669 77.373344 -4.022000
v 29.425312 77.403511 11.848600
v 31.276857 76.443077 13.038900
v 29.425312 77.403511 11.848600
v 29.469669 77.373344 -4.022000
v 29.092436 75.312943 13.035700
v 29.834076 73.528694 -6.016810
v 28.918333 75.160332 -4.831390
v 28.793653 75.003082 -6.000370
v 28.918333 75.160332 -4.831390
v 28.152308 76.865250 -6.000620
v 28.793653 75.003082 -6.000370
v 28.793653 75.003082 -6.000370
v 28.152308 76.865250 -6.000620
v 29.043941 75.216293 -7.677360
v 29.834076 73.528694 -6.016810
v 28.793653 75.003082 -6.000370
v 29.043941 75.216293 -7.677360
v 30.847006 72.665108 27.593201
v 30.720669 72.764992 26.109501
v 32.233776 71.872017 25.387800
v 30.847006 72.665108 27.593201
v 28.715626 75.098511 27.557800
v 30.720669 72.764992 26.109501
v 32.265137 71.819725 29.738400
v 30.853123 72.517159 29.130600
v 30.847006 72.665108 27.593201
v 30.853123 72.517159 29.130600
v 28.715626 75.098511 27.557800
v 30.847006 72.665108 27.593201
v 32.265137 71.819725 29.738400
v 30.847006 72.665108 27.593201
v 32.641891 71.322273 27.615299
v 32.641891 71.322273 27.615299
v 30.847006 72.665108 27.593201
v 32.233776 71.872017 25.387800
v 32.233776 71.872017 25.387800
v 30.720669 72.764992 26.109501
v 31.784803 72.687286 23.106001
v 30.720669 72.764992 26.109501
v 30.208380 73.739357 24.669701
v 31.784803 72.687286 23.106001
v 30.720669 72.764992 26.109501
v 28.715626 75.098511 27.557800
v 30.208380 73.739357 24.669701
v 32.392467 73.602127 26.110600
v 32.233776 71.872017 25.387800
v 31.784803 72.687286 23.106001
v 32.529556 73.483040 27.594101
v 32.641891 71.322273 27.615299
v 32.233776 71.872017 25.387800
v 32.392467 73.602127 26.110600
v 32.529556 73.483040 27.594101
v 32.233776 71.872017 25.387800
v 31.872307 74.580269 24.672600
v 32.392467 73.602127 26.110600
v 31.784803 72.687286 23.106001
v 32.015831 74.308022 23.114901
v 31.784803 72.687286 23.106001
v 32.267975 71.756996 16.986601
v 32.015831 74.308022 23.114901
v 31.872307 74.580269 24.672600
v 31.784803 72.687286 23.106001
v 31.784803 72.687286 23.106001
v 30.347441 73.460381 23.114500
v 32.267975 71.756996 16.986601
v 30.208380 73.739357 24.669701
v 30.347441 73.460381 23.114500
v 31.784803 72.687286 23.106001
v 31.681005 76.537247 27.559700
v 32.392467 73.602127 26.110600
v 31.872307 74.580269 24.672600
v 31.681005 76.537247 27.559700
v 32.529556 73.483040 27.594101
v 32.392467 73.602127 26.110600
v 31.294643 76.369469 23.132401
v 31.681005 76.537247 27.559700
v 31.872307 74.580269 24.672600
v 31.294643 76.369469 23.132401
v 31.872307 74.580269 24.672600
v 32.015831 74.308022 23.114901
v 31.681005 76.537247 27.559700
v 31.294643 76.369469 23.132401
v 30.199516 77.901764 24.676800
v 29.675995 78.869919 26.100000
v 31.681005 76.537247 27.559700
v 30.199516 77.901764 24.676800
v 31.681005 76.537247 27.559700
v 31.147398 76.382828 59.676998
v 32.461529 73.795937 52.696800
v 31.147398 76.382828 59.676998
v 31.681005 76.537247 27.559700
v 29.824976 78.995941 52.699100
v 29.824976 78.995941 52.699100
v 31.681005 76.537247 27.559700
v 29.956186 78.366104 31.148300
v 29.956186 78.366104 31.148300
v 31.681005 76.537247 27.559700
v 29.542664 79.113647 29.116800
v 29.542664 79.113647 29.116800
v 31.681005 76.537247 27.559700
v 29.549423 78.970558 27.523300
v 29.549423 78.970558 27.523300
v 31.681005 76.537247 27.559700
v 29.675995 78.869919 26.100000
v 31.681005 76.537247 27.559700
v 32.461529 73.795937 52.696800
v 32.102890 74.124664 31.144699
v 31.681005 76.537247 27.559700
v 32.102890 74.124664 31.144699
v 32.523769 73.353195 29.130501
v 31.681005 76.537247 27.559700
v 32.523769 73.353195 29.130501
v 32.529556 73.483040 27.594101
v 30.199516 77.901764 24.676800
v 31.294643 76.369469 23.132401
v 30.060169 78.178139 23.118000
v 30.060169 78.178139 23.118000
v 31.294643 76.369469 23.132401
v 28.142485 79.891541 16.988001
v 31.294643 76.369469 23.132401
v 31.938223 76.700142 16.931700
v 28.142485 79.891541 16.988001
v 31.938223 76.700142 16.931700
v 31.294643 76.369469 23.132401
v 32.267975 71.756996 16.986601
v 31.294643 76.369469 23.132401
v 32.015831 74.308022 23.114901
v 32.267975 71.756996 16.986601
v 30.199516 77.901764 24.676800
v 30.060169 78.178139 23.118000
v 28.621626 78.947632 23.110001
v 29.675995 78.869919 26.100000
v 30.199516 77.901764 24.676800
v 28.621626 78.947632 23.110001
v 28.621626 78.947632 23.110001
v 30.060169 78.178139 23.118000
v 28.142485 79.891541 16.988001
v 28.391779 77.330215 23.116600
v 28.621626 78.947632 23.110001
v 28.142485 79.891541 16.988001
v 28.165558 79.772438 25.370600
v 29.675995 78.869919 26.100000
v 28.621626 78.947632 23.110001
v 28.006863 78.041252 26.097401
v 28.165558 79.772438 25.370600
v 28.621626 78.947632 23.110001
v 28.532127 77.053841 24.676399
v 28.006863 78.041252 26.097401
v 28.621626 78.947632 23.110001
v 28.391779 77.330215 23.116600
v 28.532127 77.053841 24.676399
v 28.621626 78.947632 23.110001
v 28.472630 74.949600 16.927601
v 29.112082 75.266640 23.128799
v 28.142485 79.891541 16.988001
v 29.112082 75.266640 23.128799
v 28.391779 77.330215 23.116600
v 28.142485 79.891541 16.988001
v 27.202854 81.749756 16.586901
v 28.142485 79.891541 16.988001
v 27.914997 83.751602 15.683800
v 27.914997 83.751602 15.683800
v 28.142485 79.891541 16.988001
v 33.160610 77.318344 16.479700
v 28.142485 79.891541 16.988001
v 27.202854 81.749756 16.586901
v 25.169657 82.356125 15.682500
v 28.142485 79.891541 16.988001
v 25.169657 82.356125 15.682500
v 27.249773 74.326096 16.474100
v 27.249773 74.326096 16.474100
v 28.472630 74.949600 16.927601
v 28.142485 79.891541 16.988001
v 31.938223 76.700142 16.931700
v 33.160610 77.318344 16.479700
v 28.142485 79.891541 16.988001
v 29.549423 78.970558 27.523300
v 29.675995 78.869919 26.100000
v 28.165558 79.772438 25.370600
v 33.160610 77.318344 16.479700
v 31.938223 76.700142 16.931700
v 32.267975 71.756996 16.986601
v 29.112082 75.266640 23.128799
v 28.472630 74.949600 16.927601
v 32.267975 71.756996 16.986601
v 30.347441 73.460381 23.114500
v 29.112082 75.266640 23.128799
v 32.267975 71.756996 16.986601
v 32.497257 67.897942 15.682100
v 32.267975 71.756996 16.986601
v 27.249773 74.326096 16.474100
v 28.472630 74.949600 16.927601
v 27.249773 74.326096 16.474100
v 32.267975 71.756996 16.986601
v 33.208084 69.902390 16.585400
v 32.267975 71.756996 16.986601
v 32.497257 67.897942 15.682100
v 32.267975 71.756996 16.986601
v 33.208084 69.902390 16.585400
v 35.242699 69.293518 15.683400
v 32.267975 71.756996 16.986601
v 35.242699 69.293518 15.683400
v 33.160610 77.318344 16.479700
v 30.208380 73.739357 24.669701
v 29.112082 75.266640 23.128799
v 30.347441 73.460381 23.114500
v 28.715626 75.098511 27.557800
v 29.112082 75.266640 23.128799
v 30.208380 73.739357 24.669701
v 29.112082 75.266640 23.128799
v 28.532127 77.053841 24.676399
v 28.391779 77.330215 23.116600
v 29.112082 75.266640 23.128799
v 28.715626 75.098511 27.557800
v 28.532127 77.053841 24.676399
v 30.436003 73.276840 31.144400
v 28.715626 75.098511 27.557800
v 30.853123 72.517159 29.130600
v 28.715626 75.098511 27.557800
v 29.459930 75.569130 59.675900
v 28.156391 78.148689 52.697701
v 29.459930 75.569130 59.675900
v 28.715626 75.098511 27.557800
v 30.792944 72.948578 52.695400
v 30.792944 72.948578 52.695400
v 28.715626 75.098511 27.557800
v 30.436003 73.276840 31.144400
v 28.715626 75.098511 27.557800
v 28.156391 78.148689 52.697701
v 28.289196 77.518379 31.148001
v 28.715626 75.098511 27.557800
v 28.289196 77.518379 31.148001
v 27.874918 78.285812 29.114401
v 28.715626 75.098511 27.557800
v 27.874918 78.285812 29.114401
v 27.866964 78.152733 27.523399
v 28.715626 75.098511 27.557800
v 28.006863 78.041252 26.097401
v 28.532127 77.053841 24.676399
v 28.715626 75.098511 27.557800
v 27.866964 78.152733 27.523399
v 28.006863 78.041252 26.097401
v 31.809612 72.628021 32.957298
v 30.853123 72.517159 29.130600
v 32.265137 71.819725 29.738400
v 32.523769 73.353195 29.130501
v 31.809612 72.628021 32.957298
v 32.265137 71.819725 29.738400
v 32.523769 73.353195 29.130501
v 32.265137 71.819725 29.738400
v 32.529556 73.483040 27.594101
v 32.529556 73.483040 27.594101
v 32.265137 71.819725 29.738400
v 32.641891 71.322273 27.615299
v 31.809612 72.628021 32.957298
v 30.436003 73.276840 31.144400
v 30.853123 72.517159 29.130600
v 32.188503 72.270325 49.735199
v 30.792944 72.948578 52.695400
v 30.436003 73.276840 31.144400
v 32.188503 72.270325 49.735199
v 30.436003 73.276840 31.144400
v 31.809612 72.628021 32.957298
v 32.102890 74.124664 31.144699
v 32.188503 72.270325 49.735199
v 31.809612 72.628021 32.957298
v 32.102890 74.124664 31.144699
v 31.809612 72.628021 32.957298
v 32.523769 73.353195 29.130501
v 28.156391 78.148689 52.697701
v 29.459930 75.569130 59.675900
v 27.845987 78.702217 57.846298
v 27.845987 78.702217 57.846298
v 29.459930 75.569130 59.675900
v 27.553240 79.147095 59.471901
v 29.459930 75.569130 59.675900
v 28.353199 77.743179 64.364098
v 27.553240 79.147095 59.471901
v 29.454967 75.556740 70.102798
v 29.459930 75.569130 59.675900
v 30.573170 73.378090 64.361801
v 29.459930 75.569130 59.675900
v 29.454967 75.556740 70.102798
v 28.353199 77.743179 64.364098
v 30.573170 73.378090 64.361801
v 29.459930 75.569130 59.675900
v 31.366491 71.990234 59.543301
v 29.459930 75.569130 59.675900
v 31.086184 72.414543 57.867500
v 31.366491 71.990234 59.543301
v 29.459930 75.569130 59.675900
v 30.792944 72.948578 52.695400
v 31.086184 72.414543 57.867500
v 28.156391 78.148689 52.697701
v 27.845987 78.702217 57.846298
v 28.019747 80.404167 57.100201
v 28.435066 79.680061 49.737900
v 28.156391 78.148689 52.697701
v 28.019747 80.404167 57.100201
v 28.156391 78.148689 52.697701
v 28.435066 79.680061 49.737900
v 28.289196 77.518379 31.148001
v 31.086184 72.414543 57.867500
v 30.792944 72.948578 52.695400
v 32.585121 71.552452 57.127701
v 30.792944 72.948578 52.695400
v 32.188503 72.270325 49.735199
v 32.585121 71.552452 57.127701
v 32.188503 72.270325 49.735199
v 32.461529 73.795937 52.696800
v 32.585121 71.552452 57.127701
v 32.461529 73.795937 52.696800
v 32.188503 72.270325 49.735199
v 32.102890 74.124664 31.144699
v 27.845987 78.702217 57.846298
v 27.553240 79.147095 59.471901
v 27.499992 81.234978 59.376400
v 28.019747 80.404167 57.100201
v 27.845987 78.702217 57.846298
v 27.499992 81.234978 59.376400
v 28.353199 77.743179 64.364098
v 28.731472 79.060623 66.286003
v 27.553240 79.147095 59.471901
v 27.553240 79.147095 59.471901
v 28.731472 79.060623 66.286003
v 27.499992 81.234978 59.376400
v 28.353199 77.743179 64.364098
v 29.454967 75.556740 70.102798
v 30.287745 75.984001 73.686401
v 28.353199 77.743179 64.364098
v 30.287745 75.984001 73.686401
v 28.731472 79.060623 66.286003
v 29.454967 75.556740 70.102798
v 30.573170 73.378090 64.361801
v 30.287745 75.984001 73.686401
v 30.287745 75.984001 73.686401
v 30.573170 73.378090 64.361801
v 31.860548 72.903046 66.282997
v 31.860548 72.903046 66.282997
v 30.573170 73.378090 64.361801
v 31.366491 71.990234 59.543301
v 32.240807 74.213036 64.364700
v 30.287745 75.984001 73.686401
v 31.860548 72.903046 66.282997
v 32.240807 74.213036 64.364700
v 31.860548 72.903046 66.282997
v 33.051758 72.804115 59.544300
v 31.147398 76.382828 59.676998
v 32.240807 74.213036 64.364700
v 33.051758 72.804115 59.544300
v 31.147398 76.382828 59.676998
v 31.126358 76.404396 70.104500
v 32.240807 74.213036 64.364700
v 32.240807 74.213036 64.364700
v 31.126358 76.404396 70.104500
v 30.287745 75.984001 73.686401
v 30.287745 75.984001 73.686401
v 30.022667 78.588432 64.365402
v 28.731472 79.060623 66.286003
v 31.126358 76.404396 70.104500
v 30.022667 78.588432 64.365402
v 30.287745 75.984001 73.686401
v 31.860548 72.903046 66.282997
v 31.366491 71.990234 59.543301
v 33.104778 70.717674 59.481098
v 33.051758 72.804115 59.544300
v 31.860548 72.903046 66.282997
v 33.104778 70.717674 59.481098
v 31.366491 71.990234 59.543301
v 31.086184 72.414543 57.867500
v 33.104778 70.717674 59.481098
v 31.086184 72.414543 57.867500
v 32.585121 71.552452 57.127701
v 33.104778 70.717674 59.481098
v 32.585121 71.552452 57.127701
v 32.759525 73.250862 57.867699
v 33.104778 70.717674 59.481098
v 32.461529 73.795937 52.696800
v 32.759525 73.250862 57.867699
v 32.585121 71.552452 57.127701
v 32.461529 73.795937 52.696800
v 31.147398 76.382828 59.676998
v 32.759525 73.250862 57.867699
v 32.759525 73.250862 57.867699
v 33.051758 72.804115 59.544300
v 33.104778 70.717674 59.481098
v 32.759525 73.250862 57.867699
v 31.147398 76.382828 59.676998
v 33.051758 72.804115 59.544300
v 31.126358 76.404396 70.104500
v 31.147398 76.382828 59.676998
v 30.022667 78.588432 64.365402
v 30.022667 78.588432 64.365402
v 31.147398 76.382828 59.676998
v 29.238506 79.960983 59.472900
v 31.147398 76.382828 59.676998
v 29.519320 79.538742 57.847500
v 29.238506 79.960983 59.472900
v 31.147398 76.382828 59.676998
v 29.824976 78.995941 52.699100
v 29.519320 79.538742 57.847500
v 28.731472 79.060623 66.286003
v 30.022667 78.588432 64.365402
v 29.238506 79.960983 59.472900
v 29.238506 79.960983 59.472900
v 29.519320 79.538742 57.847500
v 27.499992 81.234978 59.376400
v 28.731472 79.060623 66.286003
v 29.238506 79.960983 59.472900
v 27.499992 81.234978 59.376400
v 29.519320 79.538742 57.847500
v 29.824976 78.995941 52.699100
v 28.019747 80.404167 57.100201
v 29.519320 79.538742 57.847500
v 28.019747 80.404167 57.100201
v 27.499992 81.234978 59.376400
v 28.435066 79.680061 49.737900
v 29.824976 78.995941 52.699100
v 29.956186 78.366104 31.148300
v 29.824976 78.995941 52.699100
v 28.435066 79.680061 49.737900
v 28.019747 80.404167 57.100201
v 28.577297 79.010101 32.963501
v 29.956186 78.366104 31.148300
v 29.542664 79.113647 29.116800
v 28.435066 79.680061 49.737900
v 29.956186 78.366104 31.148300
v 28.577297 79.010101 32.963501
v 28.133629 79.818459 29.716600
v 29.542664 79.113647 29.116800
v 29.549423 78.970558 27.523300
v 28.577297 79.010101 32.963501
v 29.542664 79.113647 29.116800
v 28.133629 79.818459 29.716600
v 27.874918 78.285812 29.114401
v 28.577297 79.010101 32.963501
v 28.133629 79.818459 29.716600
v 27.874918 78.285812 29.114401
v 28.133629 79.818459 29.716600
v 27.866964 78.152733 27.523399
v 27.866964 78.152733 27.523399
v 28.133629 79.818459 29.716600
v 27.754629 80.313507 27.502199
v 28.133629 79.818459 29.716600
v 29.549423 78.970558 27.523300
v 27.754629 80.313507 27.502199
v 27.754629 80.313507 27.502199
v 29.549423 78.970558 27.523300
v 28.165558 79.772438 25.370600
v 28.289196 77.518379 31.148001
v 28.435066 79.680061 49.737900
v 28.577297 79.010101 32.963501
v 28.289196 77.518379 31.148001
v 28.577297 79.010101 32.963501
v 27.874918 78.285812 29.114401
v 28.006863 78.041252 26.097401
v 27.866964 78.152733 27.523399
v 28.165558 79.772438 25.370600
v 27.866964 78.152733 27.523399
v 27.754629 80.313507 27.502199
v 28.165558 79.772438 25.370600
v 24.940189 86.193283 17.837299
v 26.559387 83.061707 16.874500
v 27.914997 83.751602 15.683800
v 26.559387 83.061707 16.874500
v 24.940189 86.193283 17.837299
v 25.169657 82.356125 15.682500
v 24.940189 86.193283 17.837299
v 25.510286 85.085854 16.129299
v 25.169657 82.356125 15.682500
v 25.510286 85.085854 16.129299
v 24.940189 86.193283 17.837299
v 27.914997 83.751602 15.683800
v 26.559387 83.061707 16.874500
v 27.202854 81.749756 16.586901
v 27.914997 83.751602 15.683800
v 27.202854 81.749756 16.586901
v 26.559387 83.061707 16.874500
v 25.169657 82.356125 15.682500
v 28.836384 78.574043 13.048000
v 26.983980 82.184212 13.749200
v 27.914997 83.751602 15.683800
v 28.836384 78.574043 13.048000
v 27.914997 83.751602 15.683800
v 33.160610 77.318344 16.479700
v 26.983980 82.184212 13.749200
v 25.510286 85.085854 16.129299
v 27.914997 83.751602 15.683800
v 25.169657 82.356125 15.682500
v 28.836384 78.574043 13.048000
v 27.249773 74.326096 16.474100
v 25.510286 85.085854 16.129299
v 26.983980 82.184212 13.749200
v 25.169657 82.356125 15.682500
v 26.983980 82.184212 13.749200
v 28.836384 78.574043 13.048000
v 25.169657 82.356125 15.682500
v 29.092436 75.312943 13.035700
v 27.249773 74.326096 16.474100
v 28.836384 78.574043 13.048000
v 27.249773 74.326096 16.474100
v 29.092436 75.312943 13.035700
v 31.542500 73.146721 13.029600
v 31.542500 73.146721 13.029600
v 32.497257 67.897942 15.682100
v 27.249773 74.326096 16.474100
v 33.160610 77.318344 16.479700
v 31.276857 76.443077 13.038900
v 28.836384 78.574043 13.048000
v 28.836384 78.574043 13.048000
v 29.425312 77.403511 11.848600
v 29.092436 75.312943 13.035700
v 29.425312 77.403511 11.848600
v 28.836384 78.574043 13.048000
v 31.276857 76.443077 13.038900
v 30.948862 74.337738 11.836200
v 31.542500 73.146721 13.029600
v 29.092436 75.312943 13.035700
v 31.542500 73.146721 13.029600
v 33.430080 69.463539 13.749600
v 32.497257 67.897942 15.682100
v 33.430080 69.463539 13.749600
v 31.542500 73.146721 13.029600
v 35.242699 69.293518 15.683400
v 35.242699 69.293518 15.683400
v 31.542500 73.146721 13.029600
v 33.160610 77.318344 16.479700
v 31.276857 76.443077 13.038900
v 33.160610 77.318344 16.479700
v 31.542500 73.146721 13.029600
v 31.542500 73.146721 13.029600
v 30.948862 74.337738 11.836200
v 31.276857 76.443077 13.038900
v 33.877117 68.616669 16.874399
v 33.208084 69.902390 16.585400
v 32.497257 67.897942 15.682100
v 35.465008 65.447533 17.852699
v 33.877117 68.616669 16.874399
v 32.497257 67.897942 15.682100
v 34.899708 66.555885 16.129900
v 35.465008 65.447533 17.852699
v 32.497257 67.897942 15.682100
v 33.430080 69.463539 13.749600
v 34.899708 66.555885 16.129900
v 32.497257 67.897942 15.682100
v 33.208084 69.902390 16.585400
v 33.877117 68.616669 16.874399
v 35.242699 69.293518 15.683400
v 33.877117 68.616669 16.874399
v 35.465008 65.447533 17.852699
v 35.242699 69.293518 15.683400
v 35.465008 65.447533 17.852699
v 34.899708 66.555885 16.129900
v 35.242699 69.293518 15.683400
v 34.899708 66.555885 16.129900
v 33.430080 69.463539 13.749600
v 35.242699 69.293518 15.683400
vn -0.119332 0.966230 0.228386
vn 0.826008 0.419886 -0.376040
vn -0.314092 0.882315 -0.350522
vn 0.884305 0.448473 0.129913
vn -0.119332 0.966230 0.228386
vn -0.119332 0.966230 0.228386
vn -0.119332 0.966230 0.228386
vn 0.884305 0.448473 0.129913
vn 0.884305 0.448473 0.129913
vn -0.119332 0.966230 0.228386
vn 0.884305 0.448473 0.129913
vn 0.826008 0.419886 -0.376040
vn -0.756261 0.653760 -0.025834
vn -0.756261 0.653760 -0.025834
vn -0.119332 0.966230 0.228386
vn -0.756261 0.653760 -0.025834
vn -0.119332 0.966230 0.228386
vn -0.314092 0.882315 -0.350522
vn 0.826008 0.419886 -0.376040
vn 0.724044 -0.649580 0.231961
vn 0.540971 -0.765533 -0.348295
vn 0.884305 0.448473 0.129913
vn 0.724044 -0.649580 0.231961
vn 0.826008 0.419886 -0.376040
vn 0.826008 0.419886 -0.376040
vn 0.540971 -0.765533 -0.348295
vn -0.000327 0.001179 -0.999999
vn -0.314092 0.882315 -0.350522
vn 0.826008 0.419886 -0.376040
vn -0.000327 0.001179 -0.999999
vn -0.826925 -0.419531 -0.374419
vn -0.756261 0.653760 -0.025834
vn -0.314092 0.882315 -0.350522
vn -0.756261 0.653760 -0.025834
vn -0.756261 0.653760 -0.025834
vn -0.314092 0.882315 -0.350522
vn -0.826925 -0.419531 -0.374419
vn -0.314092 0.882315 -0.350522
vn -0.000327 0.001179 -0.999999
vn 0.724044 -0.649580 0.231961
vn 0.884305 0.448473 0.129913
vn 0.724044 -0.649580 0.231961
vn 0.884305 0.448473 0.129913
vn 0.724044 -0.649580 0.231961
vn 0.884305 0.448473 0.129913
vn 0.724044 -0.649580 0.231961
vn 0.093676 -0.995353 -0.022304
vn 0.540971 -0.765533 -0.348295
vn 0.093676 -0.995353 -0.022304
vn 0.093676 -0.995353 -0.022304
vn 0.724044 -0.649580 0.231961
vn 0.093676 -0.995353 -0.022304
vn -0.826925 -0.419531 -0.374419
vn 0.540971 -0.765533 -0.348295
vn 0.093676 -0.995353 -0.022304
vn 0.093676 -0.995353 -0.022304
vn 0.540971 -0.765533 -0.348295
vn 0.540971 -0.765533 -0.348295
vn -0.826925 -0.419531 -0.374419
vn -0.000327 0.001179 -0.999999
vn 0.884305 0.448473 0.129913
vn 0.884305 0.448473 0.129913
vn -0.119332 0.966230 0.228386
vn 0.884305 0.448473 0.129913
vn 0.884305 0.448473 0.129913
vn 0.724044 -0.649580 0.231961
vn 0.547545 -0.818514 0.173868
vn 0.724044 -0.649580 0.231961
vn 0.884305 0.448473 0.129913
vn 0.724044 -0.649580 0.231961
vn 0.547545 -0.818514 0.173868
vn -0.862241 -0.438501 0.253492
vn -0.862241 -0.438501 0.253492
vn -0.862241 -0.438501 0.253492
vn 0.724044 -0.649580 0.231961
vn -0.862241 -0.438501 0.253492
vn 0.093676 -0.995353 -0.022304
vn 0.724044 -0.649580 0.231961
vn 0.093676 -0.995353 -0.022304
vn 0.093676 -0.995353 -0.022304
vn 0.093676 -0.995353 -0.022304
vn -0.119332 0.966230 0.228386
vn -0.341426 0.925056 0.166435
vn 0.884305 0.448473 0.129913
vn -0.341426 0.925056 0.166435
vn -0.119332 0.966230 0.228386
vn -0.862241 -0.438501 0.253492
vn -0.862241 -0.438501 0.253492
vn -0.862241 -0.438501 0.253492
vn -0.119332 0.966230 0.228386
vn -0.756261 0.653760 -0.025834
vn -0.862241 -0.438501 0.253492
vn -0.119332 0.966230 0.228386
vn -0.756261 0.653760 -0.025834
vn -0.756261 0.653760 -0.025834
vn -0.756261 0.653760 -0.025834
vn 0.838846 0.424734 -0.340498
vn 0.884305 0.448473 0.129913
vn -0.341426 0.925056 0.166435
vn 0.884305 0.448473 0.129913
vn 0.838846 0.424734 -0.340498
vn 0.547545 -0.818514 0.173868
vn 0.547545 -0.818514 0.173868
vn 0.414845 -0.826143 -0.381303
vn -0.840590 -0.419093 -0.343176
vn -0.840590 -0.419093 -0.343176
vn -0.862241 -0.438501 0.253492
vn 0.547545 -0.818514 0.173868
vn 0.414845 -0.826143 -0.381303
vn 0.547545 -0.818514 0.173868
vn 0.838846 0.424734 -0.340498
vn -0.862241 -0.438501 0.253492
vn -0.840590 -0.419093 -0.343176
vn -0.341426 0.925056 0.166435
vn -0.341426 0.925056 0.166435
vn -0.416214 0.825922 -0.380287
vn 0.838846 0.424734 -0.340498
vn -0.416214 0.825922 -0.380287
vn -0.341426 0.925056 0.166435
vn -0.840590 -0.419093 -0.343176
vn 0.093676 -0.995353 -0.022304
vn -0.862241 -0.438501 0.253492
vn -0.826925 -0.419531 -0.374419
vn -0.862241 -0.438501 0.253492
vn -0.756261 0.653760 -0.025834
vn -0.826925 -0.419531 -0.374419
vn -0.826925 -0.419531 -0.374419
vn -0.756261 0.653760 -0.025834
vn -0.826925 -0.419531 -0.374419
vn 0.093676 -0.995353 -0.022304
vn -0.826925 -0.419531 -0.374419
vn -0.826925 -0.419531 -0.374419
vn -0.636172 -0.771062 -0.027361
vn -0.636172 -0.771062 -0.027361
vn 0.446418 -0.857298 -0.256418
vn -0.636172 -0.771062 -0.027361
vn -0.887542 -0.460070 -0.024592
vn -0.636172 -0.771062 -0.027361
vn 0.455341 -0.882555 0.117310
vn 0.455341 -0.882555 0.117310
vn -0.636172 -0.771062 -0.027361
vn 0.455341 -0.882555 0.117310
vn -0.887542 -0.460070 -0.024592
vn -0.636172 -0.771062 -0.027361
vn 0.455341 -0.882555 0.117310
vn -0.636172 -0.771062 -0.027361
vn 0.461093 -0.887320 -0.007512
vn 0.461093 -0.887320 -0.007512
vn -0.636172 -0.771062 -0.027361
vn 0.446418 -0.857298 -0.256418
vn 0.446418 -0.857298 -0.256418
vn -0.636172 -0.771062 -0.027361
vn 0.451806 -0.891876 -0.020697
vn -0.636172 -0.771062 -0.027361
vn -0.721819 -0.689352 -0.061405
vn 0.451806 -0.891876 -0.020697
vn -0.636172 -0.771062 -0.027361
vn -0.887542 -0.460070 -0.024592
vn -0.721819 -0.689352 -0.061405
vn 0.990845 0.102296 -0.088106
vn 0.446418 -0.857298 -0.256418
vn 0.451806 -0.891876 -0.020697
vn 0.990845 0.102296 -0.088106
vn 0.461093 -0.887320 -0.007512
vn 0.446418 -0.857298 -0.256418
vn 0.990845 0.102296 -0.088106
vn 0.990845 0.102296 -0.088106
vn 0.446418 -0.857298 -0.256418
vn 0.893990 -0.444712 -0.054888
vn 0.990845 0.102296 -0.088106
vn 0.451806 -0.891876 -0.020697
vn 0.893990 -0.444712 -0.054888
vn 0.451806 -0.891876 -0.020697
vn 0.330536 -0.653601 0.680846
vn 0.893990 -0.444712 -0.054888
vn 0.893990 -0.444712 -0.054888
vn 0.451806 -0.891876 -0.020697
vn 0.451806 -0.891876 -0.020697
vn 0.451806 -0.891876 -0.020697
vn 0.330536 -0.653601 0.680846
vn -0.721819 -0.689352 -0.061405
vn 0.451806 -0.891876 -0.020697
vn 0.451806 -0.891876 -0.020697
vn 0.887292 0.460433 -0.026719
vn 0.990845 0.102296 -0.088106
vn 0.893990 -0.444712 -0.054888
vn 0.887292 0.460433 -0.026719
vn 0.990845 0.102296 -0.088106
vn 0.990845 0.102296 -0.088106
vn 0.892603 0.450602 -0.014783
vn 0.887292 0.460433 -0.026719
vn 0.893990 -0.444712 -0.054888
vn 0.892603 0.450602 -0.014783
vn 0.893990 -0.444712 -0.054888
vn 0.893990 -0.444712 -0.054888
vn 0.887292 0.460433 -0.026719
vn 0.892603 0.450602 -0.014783
vn 0.695785 0.718146 -0.012249
vn 0.643510 0.762736 -0.064253
vn 0.887292 0.460433 -0.026719
vn 0.695785 0.718146 -0.012249
vn 0.887292 0.460433 -0.026719
vn 0.887407 0.460969 0.004015
vn 0.991371 0.128755 -0.024605
vn 0.887407 0.460969 0.004015
vn 0.887292 0.460433 -0.026719
vn 0.687651 0.725698 -0.022345
vn 0.687651 0.725698 -0.022345
vn 0.887292 0.460433 -0.026719
vn 0.603422 0.796730 0.033228
vn 0.603422 0.796730 0.033228
vn 0.887292 0.460433 -0.026719
vn -0.455336 0.876491 0.156311
vn -0.455336 0.876491 0.156311
vn 0.887292 0.460433 -0.026719
vn 0.643510 0.762736 -0.064253
vn 0.643510 0.762736 -0.064253
vn 0.887292 0.460433 -0.026719
vn 0.643510 0.762736 -0.064253
vn 0.887292 0.460433 -0.026719
vn 0.991371 0.128755 -0.024605
vn 0.998714 0.024566 0.044347
vn 0.887292 0.460433 -0.026719
vn 0.998714 0.024566 0.044347
vn 0.455341 -0.882555 0.117310
vn 0.887292 0.460433 -0.026719
vn 0.455341 -0.882555 0.117310
vn 0.990845 0.102296 -0.088106
vn 0.695785 0.718146 -0.012249
vn 0.892603 0.450602 -0.014783
vn 0.695785 0.718146 -0.012249
vn 0.695785 0.718146 -0.012249
vn 0.892603 0.450602 -0.014783
vn -0.331133 0.652628 0.681489
vn 0.892603 0.450602 -0.014783
vn 0.762397 0.386530 0.518984
vn -0.331133 0.652628 0.681489
vn 0.762397 0.386530 0.518984
vn 0.892603 0.450602 -0.014783
vn 0.330536 -0.653601 0.680846
vn 0.892603 0.450602 -0.014783
vn 0.893990 -0.444712 -0.054888
vn 0.330536 -0.653601 0.680846
vn 0.695785 0.718146 -0.012249
vn 0.695785 0.718146 -0.012249
vn -0.876822 0.478692 -0.045142
vn 0.643510 0.762736 -0.064253
vn 0.695785 0.718146 -0.012249
vn -0.876822 0.478692 -0.045142
vn -0.876822 0.478692 -0.045142
vn 0.695785 0.718146 -0.012249
vn -0.331133 0.652628 0.681489
vn -0.876822 0.478692 -0.045142
vn -0.876822 0.478692 -0.045142
vn -0.331133 0.652628 0.681489
vn -0.443840 0.856340 -0.263985
vn 0.643510 0.762736 -0.064253
vn -0.876822 0.478692 -0.045142
vn -0.990358 -0.103466 -0.092119
vn -0.443840 0.856340 -0.263985
vn -0.876822 0.478692 -0.045142
vn -0.981336 -0.179116 -0.069985
vn -0.990358 -0.103466 -0.092119
vn -0.876822 0.478692 -0.045142
vn -0.876822 0.478692 -0.045142
vn -0.981336 -0.179116 -0.069985
vn -0.876822 0.478692 -0.045142
vn -0.763524 -0.385787 0.517880
vn -0.892415 -0.450930 -0.016025
vn -0.331133 0.652628 0.681489
vn -0.892415 -0.450930 -0.016025
vn -0.876822 0.478692 -0.045142
vn -0.331133 0.652628 0.681489
vn 0.052596 -0.095095 0.994078
vn -0.331133 0.652628 0.681489
vn 0.729925 0.654043 0.198589
vn 0.729925 0.654043 0.198589
vn -0.331133 0.652628 0.681489
vn 0.762397 0.386530 0.518984
vn -0.331133 0.652628 0.681489
vn 0.052596 -0.095095 0.994078
vn -0.958714 -0.202356 0.199801
vn -0.331133 0.652628 0.681489
vn -0.958714 -0.202356 0.199801
vn -0.763524 -0.385787 0.517880
vn -0.763524 -0.385787 0.517880
vn -0.763524 -0.385787 0.517880
vn -0.331133 0.652628 0.681489
vn 0.762397 0.386530 0.518984
vn 0.762397 0.386530 0.518984
vn -0.331133 0.652628 0.681489
vn 0.643510 0.762736 -0.064253
vn 0.643510 0.762736 -0.064253
vn -0.443840 0.856340 -0.263985
vn 0.762397 0.386530 0.518984
vn 0.762397 0.386530 0.518984
vn 0.330536 -0.653601 0.680846
vn -0.892415 -0.450930 -0.016025
vn -0.763524 -0.385787 0.517880
vn 0.330536 -0.653601 0.680846
vn 0.451806 -0.891876 -0.020697
vn -0.892415 -0.450930 -0.016025
vn 0.330536 -0.653601 0.680846
vn -0.729210 -0.654012 0.201300
vn 0.330536 -0.653601 0.680846
vn -0.763524 -0.385787 0.517880
vn -0.763524 -0.385787 0.517880
vn -0.763524 -0.385787 0.517880
vn 0.330536 -0.653601 0.680846
vn -0.047112 0.099779 0.993894
vn 0.330536 -0.653601 0.680846
vn -0.729210 -0.654012 0.201300
vn 0.330536 -0.653601 0.680846
vn -0.047112 0.099779 0.993894
vn 0.958644 0.204457 0.197987
vn 0.330536 -0.653601 0.680846
vn 0.958644 0.204457 0.197987
vn 0.762397 0.386530 0.518984
vn -0.721819 -0.689352 -0.061405
vn -0.892415 -0.450930 -0.016025
vn 0.451806 -0.891876 -0.020697
vn -0.887542 -0.460070 -0.024592
vn -0.892415 -0.450930 -0.016025
vn -0.721819 -0.689352 -0.061405
vn -0.892415 -0.450930 -0.016025
vn -0.981336 -0.179116 -0.069985
vn -0.876822 0.478692 -0.045142
vn -0.892415 -0.450930 -0.016025
vn -0.887542 -0.460070 -0.024592
vn -0.981336 -0.179116 -0.069985
vn -0.607872 -0.792708 0.045894
vn -0.887542 -0.460070 -0.024592
vn 0.455341 -0.882555 0.117310
vn -0.887542 -0.460070 -0.024592
vn -0.887247 -0.461267 0.004944
vn -0.991854 -0.125731 -0.020407
vn -0.887247 -0.461267 0.004944
vn -0.887542 -0.460070 -0.024592
vn -0.682616 -0.730624 -0.014949
vn -0.682616 -0.730624 -0.014949
vn -0.887542 -0.460070 -0.024592
vn -0.607872 -0.792708 0.045894
vn -0.887542 -0.460070 -0.024592
vn -0.991854 -0.125731 -0.020407
vn -0.998410 -0.027212 0.049361
vn -0.887542 -0.460070 -0.024592
vn -0.998410 -0.027212 0.049361
vn -0.455336 0.876491 0.156311
vn -0.887542 -0.460070 -0.024592
vn -0.455336 0.876491 0.156311
vn -0.990358 -0.103466 -0.092119
vn -0.887542 -0.460070 -0.024592
vn -0.990358 -0.103466 -0.092119
vn -0.981336 -0.179116 -0.069985
vn -0.887542 -0.460070 -0.024592
vn -0.990358 -0.103466 -0.092119
vn -0.990358 -0.103466 -0.092119
vn 0.442433 -0.875069 0.196232
vn 0.455341 -0.882555 0.117310
vn 0.455341 -0.882555 0.117310
vn 0.455341 -0.882555 0.117310
vn 0.442433 -0.875069 0.196232
vn 0.455341 -0.882555 0.117310
vn 0.455341 -0.882555 0.117310
vn 0.455341 -0.882555 0.117310
vn 0.990845 0.102296 -0.088106
vn 0.990845 0.102296 -0.088106
vn 0.455341 -0.882555 0.117310
vn 0.461093 -0.887320 -0.007512
vn 0.442433 -0.875069 0.196232
vn -0.607872 -0.792708 0.045894
vn 0.455341 -0.882555 0.117310
vn 0.453615 -0.889758 -0.050638
vn -0.682616 -0.730624 -0.014949
vn -0.607872 -0.792708 0.045894
vn 0.453615 -0.889758 -0.050638
vn -0.607872 -0.792708 0.045894
vn 0.442433 -0.875069 0.196232
vn 0.998714 0.024566 0.044347
vn 0.453615 -0.889758 -0.050638
vn 0.442433 -0.875069 0.196232
vn 0.998714 0.024566 0.044347
vn 0.442433 -0.875069 0.196232
vn 0.455341 -0.882555 0.117310
vn -0.991854 -0.125731 -0.020407
vn -0.887247 -0.461267 0.004944
vn -0.980769 -0.191950 -0.035308
vn -0.980769 -0.191950 -0.035308
vn -0.887247 -0.461267 0.004944
vn -0.980769 -0.191950 -0.035308
vn -0.887247 -0.461267 0.004944
vn -0.977554 -0.170436 0.123854
vn -0.980769 -0.191950 -0.035308
vn -0.883928 -0.450071 0.126914
vn -0.887247 -0.461267 0.004944
vn -0.705480 -0.699191 0.115885
vn -0.887247 -0.461267 0.004944
vn -0.883928 -0.450071 0.126914
vn -0.977554 -0.170436 0.123854
vn -0.705480 -0.699191 0.115885
vn -0.887247 -0.461267 0.004944
vn -0.716110 -0.696549 0.044795
vn -0.887247 -0.461267 0.004944
vn -0.708983 -0.702513 -0.061803
vn -0.716110 -0.696549 0.044795
vn -0.887247 -0.461267 0.004944
vn -0.682616 -0.730624 -0.014949
vn -0.708983 -0.702513 -0.061803
vn -0.991854 -0.125731 -0.020407
vn -0.980769 -0.191950 -0.035308
vn -0.447002 0.869789 -0.208942
vn -0.452869 0.889712 -0.057639
vn -0.991854 -0.125731 -0.020407
vn -0.447002 0.869789 -0.208942
vn -0.991854 -0.125731 -0.020407
vn -0.452869 0.889712 -0.057639
vn -0.998410 -0.027212 0.049361
vn -0.708983 -0.702513 -0.061803
vn -0.682616 -0.730624 -0.014949
vn 0.448061 -0.870473 -0.203759
vn -0.682616 -0.730624 -0.014949
vn 0.453615 -0.889758 -0.050638
vn 0.448061 -0.870473 -0.203759
vn 0.453615 -0.889758 -0.050638
vn 0.991371 0.128755 -0.024605
vn 0.448061 -0.870473 -0.203759
vn 0.991371 0.128755 -0.024605
vn 0.453615 -0.889758 -0.050638
vn 0.998714 0.024566 0.044347
vn -0.980769 -0.191950 -0.035308
vn -0.980769 -0.191950 -0.035308
vn -0.454223 0.881388 -0.129753
vn -0.447002 0.869789 -0.208942
vn -0.980769 -0.191950 -0.035308
vn -0.454223 0.881388 -0.129753
vn -0.977554 -0.170436 0.123854
vn -0.429246 0.829727 0.356792
vn -0.980769 -0.191950 -0.035308
vn -0.980769 -0.191950 -0.035308
vn -0.429246 0.829727 0.356792
vn -0.454223 0.881388 -0.129753
vn -0.977554 -0.170436 0.123854
vn -0.883928 -0.450071 0.126914
vn 0.001673 -0.000599 0.999998
vn -0.977554 -0.170436 0.123854
vn 0.001673 -0.000599 0.999998
vn -0.429246 0.829727 0.356792
vn -0.883928 -0.450071 0.126914
vn -0.705480 -0.699191 0.115885
vn 0.001673 -0.000599 0.999998
vn 0.001673 -0.000599 0.999998
vn -0.705480 -0.699191 0.115885
vn 0.427497 -0.828383 0.361978
vn 0.427497 -0.828383 0.361978
vn -0.705480 -0.699191 0.115885
vn -0.716110 -0.696549 0.044795
vn 0.977134 0.171198 0.126095
vn 0.001673 -0.000599 0.999998
vn 0.427497 -0.828383 0.361978
vn 0.977134 0.171198 0.126095
vn 0.427497 -0.828383 0.361978
vn 0.979372 0.199062 0.034707
vn 0.887407 0.460969 0.004015
vn 0.977134 0.171198 0.126095
vn 0.979372 0.199062 0.034707
vn 0.887407 0.460969 0.004015
vn 0.884610 0.448377 0.128149
vn 0.977134 0.171198 0.126095
vn 0.977134 0.171198 0.126095
vn 0.884610 0.448377 0.128149
vn 0.001673 -0.000599 0.999998
vn 0.001673 -0.000599 0.999998
vn 0.705362 0.699246 0.116270
vn -0.429246 0.829727 0.356792
vn 0.884610 0.448377 0.128149
vn 0.705362 0.699246 0.116270
vn 0.001673 -0.000599 0.999998
vn 0.427497 -0.828383 0.361978
vn -0.716110 -0.696549 0.044795
vn 0.454943 -0.882116 -0.122061
vn 0.979372 0.199062 0.034707
vn 0.427497 -0.828383 0.361978
vn 0.454943 -0.882116 -0.122061
vn -0.716110 -0.696549 0.044795
vn -0.708983 -0.702513 -0.061803
vn 0.454943 -0.882116 -0.122061
vn -0.708983 -0.702513 -0.061803
vn 0.448061 -0.870473 -0.203759
vn 0.454943 -0.882116 -0.122061
vn 0.448061 -0.870473 -0.203759
vn 0.978297 0.182114 -0.098845
vn 0.454943 -0.882116 -0.122061
vn 0.991371 0.128755 -0.024605
vn 0.978297 0.182114 -0.098845
vn 0.448061 -0.870473 -0.203759
vn 0.991371 0.128755 -0.024605
vn 0.887407 0.460969 0.004015
vn 0.978297 0.182114 -0.098845
vn 0.978297 0.182114 -0.098845
vn 0.979372 0.199062 0.034707
vn 0.454943 -0.882116 -0.122061
vn 0.978297 0.182114 -0.098845
vn 0.887407 0.460969 0.004015
vn 0.979372 0.199062 0.034707
vn 0.884610 0.448377 0.128149
vn 0.887407 0.460969 0.004015
vn 0.705362 0.699246 0.116270
vn 0.705362 0.699246 0.116270
vn 0.887407 0.460969 0.004015
vn 0.713409 0.700689 -0.009050
vn 0.887407 0.460969 0.004015
vn 0.713409 0.700689 -0.009050
vn 0.713409 0.700689 -0.009050
vn 0.887407 0.460969 0.004015
vn 0.687651 0.725698 -0.022345
vn 0.713409 0.700689 -0.009050
vn -0.429246 0.829727 0.356792
vn 0.705362 0.699246 0.116270
vn 0.713409 0.700689 -0.009050
vn 0.713409 0.700689 -0.009050
vn 0.713409 0.700689 -0.009050
vn -0.454223 0.881388 -0.129753
vn -0.429246 0.829727 0.356792
vn 0.713409 0.700689 -0.009050
vn -0.454223 0.881388 -0.129753
vn 0.713409 0.700689 -0.009050
vn 0.687651 0.725698 -0.022345
vn -0.447002 0.869789 -0.208942
vn 0.713409 0.700689 -0.009050
vn -0.447002 0.869789 -0.208942
vn -0.454223 0.881388 -0.129753
vn -0.452869 0.889712 -0.057639
vn 0.687651 0.725698 -0.022345
vn 0.603422 0.796730 0.033228
vn 0.687651 0.725698 -0.022345
vn -0.452869 0.889712 -0.057639
vn -0.447002 0.869789 -0.208942
vn -0.451507 0.872301 0.187703
vn 0.603422 0.796730 0.033228
vn -0.455336 0.876491 0.156311
vn -0.452869 0.889712 -0.057639
vn 0.603422 0.796730 0.033228
vn -0.451507 0.872301 0.187703
vn -0.455336 0.876491 0.156311
vn -0.455336 0.876491 0.156311
vn 0.643510 0.762736 -0.064253
vn -0.451507 0.872301 0.187703
vn -0.455336 0.876491 0.156311
vn -0.455336 0.876491 0.156311
vn -0.455336 0.876491 0.156311
vn -0.451507 0.872301 0.187703
vn -0.455336 0.876491 0.156311
vn -0.455336 0.876491 0.156311
vn -0.455336 0.876491 0.156311
vn -0.990358 -0.103466 -0.092119
vn -0.990358 -0.103466 -0.092119
vn -0.455336 0.876491 0.156311
vn -0.460538 0.887471 -0.017311
vn -0.455336 0.876491 0.156311
vn 0.643510 0.762736 -0.064253
vn -0.460538 0.887471 -0.017311
vn -0.460538 0.887471 -0.017311
vn 0.643510 0.762736 -0.064253
vn -0.443840 0.856340 -0.263985
vn -0.998410 -0.027212 0.049361
vn -0.452869 0.889712 -0.057639
vn -0.451507 0.872301 0.187703
vn -0.998410 -0.027212 0.049361
vn -0.451507 0.872301 0.187703
vn -0.455336 0.876491 0.156311
vn -0.990358 -0.103466 -0.092119
vn -0.990358 -0.103466 -0.092119
vn -0.443840 0.856340 -0.263985
vn -0.990358 -0.103466 -0.092119
vn -0.460538 0.887471 -0.017311
vn -0.443840 0.856340 -0.263985
vn -0.305252 0.628541 0.715372
vn 0.052596 -0.095095 0.994078
vn 0.729925 0.654043 0.198589
vn 0.052596 -0.095095 0.994078
vn -0.305252 0.628541 0.715372
vn -0.958714 -0.202356 0.199801
vn -0.305252 0.628541 0.715372
vn -0.314952 0.622029 -0.716857
vn -0.958714 -0.202356 0.199801
vn -0.314952 0.622029 -0.716857
vn -0.305252 0.628541 0.715372
vn 0.729925 0.654043 0.198589
vn 0.052596 -0.095095 0.994078
vn 0.052596 -0.095095 0.994078
vn 0.729925 0.654043 0.198589
vn 0.052596 -0.095095 0.994078
vn 0.052596 -0.095095 0.994078
vn -0.958714 -0.202356 0.199801
vn -0.222422 0.444365 -0.867795
vn -0.189029 0.370761 -0.909288
vn 0.729925 0.654043 0.198589
vn -0.222422 0.444365 -0.867795
vn 0.729925 0.654043 0.198589
vn 0.762397 0.386530 0.518984
vn -0.189029 0.370761 -0.909288
vn -0.314952 0.622029 -0.716857
vn 0.729925 0.654043 0.198589
vn -0.958714 -0.202356 0.199801
vn -0.222422 0.444365 -0.867795
vn -0.763524 -0.385787 0.517880
vn -0.314952 0.622029 -0.716857
vn -0.189029 0.370761 -0.909288
vn -0.958714 -0.202356 0.199801
vn -0.189029 0.370761 -0.909288
vn -0.222422 0.444365 -0.867795
vn -0.958714 -0.202356 0.199801
vn -0.840590 -0.419093 -0.343176
vn -0.763524 -0.385787 0.517880
vn -0.222422 0.444365 -0.867795
vn -0.763524 -0.385787 0.517880
vn -0.840590 -0.419093 -0.343176
vn 0.220082 -0.438142 -0.871548
vn 0.220082 -0.438142 -0.871548
vn -0.729210 -0.654012 0.201300
vn -0.763524 -0.385787 0.517880
vn 0.762397 0.386530 0.518984
vn 0.838846 0.424734 -0.340498
vn -0.222422 0.444365 -0.867795
vn -0.222422 0.444365 -0.867795
vn -0.416214 0.825922 -0.380287
vn -0.840590 -0.419093 -0.343176
vn -0.416214 0.825922 -0.380287
vn -0.222422 0.444365 -0.867795
vn 0.838846 0.424734 -0.340498
vn 0.414845 -0.826143 -0.381303
vn 0.220082 -0.438142 -0.871548
vn -0.840590 -0.419093 -0.343176
vn 0.220082 -0.438142 -0.871548
vn 0.189134 -0.370807 -0.909247
vn -0.729210 -0.654012 0.201300
vn 0.189134 -0.370807 -0.909247
vn 0.220082 -0.438142 -0.871548
vn 0.958644 0.204457 0.197987
vn 0.958644 0.204457 0.197987
vn 0.220082 -0.438142 -0.871548
vn 0.762397 0.386530 0.518984
vn 0.838846 0.424734 -0.340498
vn 0.762397 0.386530 0.518984
vn 0.220082 -0.438142 -0.871548
vn 0.220082 -0.438142 -0.871548
vn 0.414845 -0.826143 -0.381303
vn 0.838846 0.424734 -0.340498
vn -0.047112 0.099779 0.993894
vn -0.047112 0.099779 0.993894
vn -0.729210 -0.654012 0.201300
vn 0.318720 -0.616095 0.720309
vn -0.047112 0.099779 0.993894
vn -0.729210 -0.654012 0.201300
vn 0.315224 -0.623142 -0.715771
vn 0.318720 -0.616095 0.720309
vn -0.729210 -0.654012 0.201300
vn 0.189134 -0.370807 -0.909247
vn 0.315224 -0.623142 -0.715771
vn -0.729210 -0.654012 0.201300
vn -0.047112 0.099779 0.993894
vn -0.047112 0.099779 0.993894
vn 0.958644 0.204457 0.197987
vn -0.047112 0.099779 0.993894
vn 0.318720 -0.616095 0.720309
vn 0.958644 0.204457 0.197987
vn 0.318720 -0.616095 0.720309
vn 0.315224 -0.623142 -0.715771
vn 0.958644 0.204457 0.197987
vn 0.315224 -0.623142 -0.715771
vn 0.189134 -0.370807 -0.909247
vn 0.958644 0.204457 0.197987
vt 0.275668 0.805485
vt 0.268718 0.817950
vt 0.268728 0.805485
vt 0.282598 0.817950
vt 0.275668 0.805485
vt 0.282608 0.805485
vt 0.280472 0.805498
vt 0.269943 0.805498
vt 0.276424 0.817279
vt 0.280472 0.805498
vt 0.276424 0.817279
vt 0.269943 0.805498
vt 0.276424 0.817279
vt 0.269943 0.805498
vt 0.280472 0.805498
vt 0.276424 0.817279
vt 0.280472 0.805498
vt 0.269943 0.805498
vt 0.268718 0.817950
vt 0.275668 0.805485
vt 0.268728 0.805485
vt 0.276424 0.817279
vt 0.280472 0.805498
vt 0.269943 0.805498
vt 0.280472 0.805498
vt 0.269943 0.805498
vt 0.276424 0.817279
vt 0.269943 0.805498
vt 0.280472 0.805498
vt 0.276424 0.817279
vt 0.268718 0.817950
vt 0.275668 0.805485
vt 0.268728 0.805485
vt 0.280472 0.805498
vt 0.276424 0.817279
vt 0.269943 0.805498
vt 0.280472 0.805498
vt 0.269943 0.805498
vt 0.276424 0.817279
vt 0.275668 0.805485
vt 0.282598 0.817950
vt 0.282608 0.805485
vt 0.269943 0.805498
vt 0.280472 0.805498
vt 0.276424 0.817279
vt 0.280472 0.805498
vt 0.276424 0.817279
vt 0.269943 0.805498
vt 0.269943 0.805498
vt 0.276424 0.817279
vt 0.280472 0.805498
vt 0.275668 0.805485
vt 0.268718 0.817950
vt 0.268728 0.805485
vt 0.276424 0.817279
vt 0.280472 0.805498
vt 0.269943 0.805498
vt 0.269943 0.805498
vt 0.280472 0.805498
vt 0.276424 0.817279
vt 0.287225 0.817950
vt 0.282598 0.817950
vt 0.282608 0.805485
vt 0.282598 0.817950
vt 0.287225 0.817950
vt 0.282608 0.805485
vt 0.287235 0.805485
vt 0.282608 0.805485
vt 0.287225 0.817950
vt 0.282608 0.805485
vt 0.287235 0.805485
vt 0.287225 0.817950
vt 0.287225 0.817950
vt 0.282598 0.817950
vt 0.282608 0.805485
vt 0.282598 0.817950
vt 0.275668 0.805485
vt 0.282608 0.805485
vt 0.276424 0.817279
vt 0.269943 0.805498
vt 0.280472 0.805498
vt 0.282608 0.805485
vt 0.287235 0.805485
vt 0.287225 0.817950
vt 0.287235 0.805485
vt 0.282608 0.805485
vt 0.287225 0.817950
vt 0.282598 0.817950
vt 0.287225 0.817950
vt 0.282608 0.805485
vt 0.275668 0.805485
vt 0.282598 0.817950
vt 0.282608 0.805485
vt 0.269943 0.805498
vt 0.276424 0.817279
vt 0.280472 0.805498
vt 0.488420 0.210515
vt 0.488302 0.289339
vt 0.470678 0.289244
vt 0.488302 0.289339
vt 0.488420 0.210515
vt 0.507183 0.289440
vt 0.507183 0.289440
vt 0.507292 0.217002
vt 0.488420 0.210515
vt 0.488420 0.210515
vt 0.488302 0.289339
vt 0.507183 0.289440
vt 0.507292 0.217002
vt 0.507183 0.289440
vt 0.488420 0.210515
vt 0.488302 0.289339
vt 0.488420 0.210515
vt 0.470678 0.289244
vt 0.470678 0.289244
vt 0.470786 0.216806
vt 0.488420 0.210515
vt 0.470786 0.216806
vt 0.470678 0.289244
vt 0.488420 0.210515
vt 0.280472 0.805498
vt 0.269943 0.805498
vt 0.276424 0.817279
vt 0.269943 0.805498
vt 0.280472 0.805498
vt 0.276424 0.817279
vt 0.276424 0.817279
vt 0.280472 0.805498
vt 0.269943 0.805498
vt 0.280472 0.805498
vt 0.276424 0.817279
vt 0.269943 0.805498
vt 0.202442 0.650709
vt 0.214657 0.653119
vt 0.214188 0.678501
vt 0.202442 0.650709
vt 0.199972 0.621672
vt 0.214657 0.653119
vt 0.201813 0.679488
vt 0.200803 0.650843
vt 0.202442 0.650709
vt 0.200803 0.650843
vt 0.199972 0.621672
vt 0.202442 0.650709
vt 0.201813 0.679488
vt 0.202442 0.650709
vt 0.203452 0.679355
vt 0.203452 0.679355
vt 0.202442 0.650709
vt 0.214188 0.678501
vt 0.214188 0.678501
vt 0.214657 0.653119
vt 0.239437 0.671257
vt 0.214657 0.653119
vt 0.235356 0.648641
vt 0.239437 0.671257
vt 0.214657 0.653119
vt 0.199972 0.621672
vt 0.235356 0.648641
vt 0.214657 0.653119
vt 0.214188 0.678501
vt 0.239437 0.671257
vt 0.202442 0.650709
vt 0.203452 0.679355
vt 0.214188 0.678501
vt 0.214657 0.653119
vt 0.202442 0.650709
vt 0.214188 0.678501
vt 0.235356 0.648641
vt 0.214657 0.653119
vt 0.239437 0.671257
vt 0.244028 0.652353
vt 0.239437 0.671257
vt 0.285619 0.676376
vt 0.244028 0.652353
vt 0.235356 0.648641
vt 0.239437 0.671257
vt 0.239437 0.671257
vt 0.244028 0.652353
vt 0.285619 0.676376
vt 0.235356 0.648641
vt 0.244028 0.652353
vt 0.239437 0.671257
vt 0.199972 0.621672
vt 0.214657 0.653119
vt 0.235356 0.648641
vt 0.199972 0.621672
vt 0.202442 0.650709
vt 0.214657 0.653119
vt 0.234830 0.624134
vt 0.199972 0.621672
vt 0.235356 0.648641
vt 0.234830 0.624134
vt 0.235356 0.648641
vt 0.244028 0.652353
vt 0.199972 0.621672
vt 0.234830 0.624134
vt 0.235356 0.648641
vt 0.214657 0.653119
vt 0.199972 0.621672
vt 0.235356 0.648641
vt 0.199972 0.621672
vt 0.115178 0.623519
vt 0.122023 0.663337
vt 0.115178 0.623519
vt 0.199972 0.621672
vt 0.122023 0.663337
vt 0.122023 0.663337
vt 0.199972 0.621672
vt 0.197525 0.651111
vt 0.197525 0.651111
vt 0.199972 0.621672
vt 0.200803 0.650843
vt 0.200803 0.650843
vt 0.199972 0.621672
vt 0.202442 0.650709
vt 0.202442 0.650709
vt 0.199972 0.621672
vt 0.214657 0.653119
vt 0.199972 0.621672
vt 0.122023 0.663337
vt 0.197525 0.651111
vt 0.199972 0.621672
vt 0.197525 0.651111
vt 0.200803 0.650843
vt 0.199972 0.621672
vt 0.200803 0.650843
vt 0.202442 0.650709
vt 0.235356 0.648641
vt 0.234830 0.624134
vt 0.244028 0.652353
vt 0.244028 0.652353
vt 0.234830 0.624134
vt 0.285619 0.676376
vt 0.234830 0.624134
vt 0.268052 0.630005
vt 0.285619 0.676376
vt 0.268052 0.630005
vt 0.234830 0.624134
vt 0.285619 0.676376
vt 0.234830 0.624134
vt 0.244028 0.652353
vt 0.285619 0.676376
vt 0.235356 0.648641
vt 0.244028 0.652353
vt 0.239437 0.671257
vt 0.214657 0.653119
vt 0.235356 0.648641
vt 0.239437 0.671257
vt 0.239437 0.671257
vt 0.244028 0.652353
vt 0.285619 0.676376
vt 0.244028 0.652353
vt 0.239437 0.671257
vt 0.285619 0.676376
vt 0.214188 0.678501
vt 0.214657 0.653119
vt 0.239437 0.671257
vt 0.214657 0.653119
vt 0.214188 0.678501
vt 0.239437 0.671257
vt 0.235356 0.648641
vt 0.214657 0.653119
vt 0.239437 0.671257
vt 0.244028 0.652353
vt 0.235356 0.648641
vt 0.239437 0.671257
vt 0.268052 0.630005
vt 0.234830 0.624134
vt 0.285619 0.676376
vt 0.234830 0.624134
vt 0.244028 0.652353
vt 0.285619 0.676376
vt 0.294280 0.678490
vt 0.281792 0.652281
vt 0.304428 0.687126
vt 0.304428 0.687126
vt 0.281792 0.652281
vt 0.297934 0.627940
vt 0.281792 0.652281
vt 0.294280 0.678490
vt 0.304428 0.687126
vt 0.281792 0.652281
vt 0.304428 0.687126
vt 0.297934 0.627940
vt 0.297934 0.627940
vt 0.277305 0.627894
vt 0.281792 0.652281
vt 0.277305 0.627894
vt 0.297934 0.627940
vt 0.281792 0.652281
vt 0.202442 0.650709
vt 0.214657 0.653119
vt 0.214188 0.678501
vt 0.297934 0.627940
vt 0.277305 0.627894
vt 0.281792 0.652281
vt 0.234830 0.624134
vt 0.268052 0.630005
vt 0.285619 0.676376
vt 0.244028 0.652353
vt 0.234830 0.624134
vt 0.285619 0.676376
vt 0.304428 0.687126
vt 0.281792 0.652281
vt 0.297934 0.627940
vt 0.277305 0.627894
vt 0.297934 0.627940
vt 0.281792 0.652281
vt 0.294280 0.678490
vt 0.281792 0.652281
vt 0.304428 0.687126
vt 0.281792 0.652281
vt 0.294280 0.678490
vt 0.304428 0.687126
vt 0.281792 0.652281
vt 0.304428 0.687126
vt 0.297934 0.627940
vt 0.235356 0.648641
vt 0.234830 0.624134
vt 0.244028 0.652353
vt 0.199972 0.621672
vt 0.234830 0.624134
vt 0.235356 0.648641
vt 0.234830 0.624134
vt 0.235356 0.648641
vt 0.244028 0.652353
vt 0.234830 0.624134
vt 0.199972 0.621672
vt 0.235356 0.648641
vt 0.197525 0.651111
vt 0.199972 0.621672
vt 0.200803 0.650843
vt 0.199972 0.621672
vt 0.115178 0.623519
vt 0.122023 0.663337
vt 0.115178 0.623519
vt 0.199972 0.621672
vt 0.122023 0.663337
vt 0.122023 0.663337
vt 0.199972 0.621672
vt 0.197525 0.651111
vt 0.199972 0.621672
vt 0.122023 0.663337
vt 0.197525 0.651111
vt 0.199972 0.621672
vt 0.197525 0.651111
vt 0.200803 0.650843
vt 0.199972 0.621672
vt 0.200803 0.650843
vt 0.202442 0.650709
vt 0.199972 0.621672
vt 0.214657 0.653119
vt 0.235356 0.648641
vt 0.199972 0.621672
vt 0.202442 0.650709
vt 0.214657 0.653119
vt 0.198535 0.679756
vt 0.200803 0.650843
vt 0.201813 0.679488
vt 0.200803 0.650843
vt 0.198535 0.679756
vt 0.201813 0.679488
vt 0.200803 0.650843
vt 0.201813 0.679488
vt 0.202442 0.650709
vt 0.202442 0.650709
vt 0.201813 0.679488
vt 0.203452 0.679355
vt 0.198535 0.679756
vt 0.197525 0.651111
vt 0.200803 0.650843
vt 0.120662 0.690713
vt 0.122023 0.663337
vt 0.197525 0.651111
vt 0.120662 0.690713
vt 0.197525 0.651111
vt 0.198535 0.679756
vt 0.197525 0.651111
vt 0.120662 0.690713
vt 0.198535 0.679756
vt 0.197525 0.651111
vt 0.198535 0.679756
vt 0.200803 0.650843
vt 0.122023 0.663337
vt 0.115178 0.623519
vt 0.104772 0.662118
vt 0.104772 0.662118
vt 0.115178 0.623519
vt 0.090048 0.659895
vt 0.115178 0.623519
vt 0.083510 0.648968
vt 0.090048 0.659895
vt 0.075337 0.626315
vt 0.115178 0.623519
vt 0.083510 0.648968
vt 0.115178 0.623519
vt 0.075337 0.626315
vt 0.083510 0.648968
vt 0.083510 0.648968
vt 0.115178 0.623519
vt 0.090048 0.659895
vt 0.115178 0.623519
vt 0.104772 0.662118
vt 0.090048 0.659895
vt 0.115178 0.623519
vt 0.122023 0.663337
vt 0.104772 0.662118
vt 0.122023 0.663337
vt 0.104772 0.662118
vt 0.102335 0.695963
vt 0.120662 0.690713
vt 0.122023 0.663337
vt 0.102335 0.695963
vt 0.122023 0.663337
vt 0.120662 0.690713
vt 0.197525 0.651111
vt 0.104772 0.662118
vt 0.122023 0.663337
vt 0.102335 0.695963
vt 0.122023 0.663337
vt 0.120662 0.690713
vt 0.102335 0.695963
vt 0.120662 0.690713
vt 0.122023 0.663337
vt 0.102335 0.695963
vt 0.122023 0.663337
vt 0.120662 0.690713
vt 0.197525 0.651111
vt 0.104772 0.662118
vt 0.090048 0.659895
vt 0.086098 0.699836
vt 0.102335 0.695963
vt 0.104772 0.662118
vt 0.086098 0.699836
vt 0.083510 0.648968
vt 0.066777 0.696620
vt 0.090048 0.659895
vt 0.090048 0.659895
vt 0.066777 0.696620
vt 0.086098 0.699836
vt 0.083510 0.648968
vt 0.072202 0.630091
vt 0.040209 0.672720
vt 0.083510 0.648968
vt 0.040209 0.672720
vt 0.066777 0.696620
vt 0.072202 0.630091
vt 0.083510 0.648968
vt 0.040209 0.672720
vt 0.040209 0.672720
vt 0.083510 0.648968
vt 0.066777 0.696620
vt 0.066777 0.696620
vt 0.083510 0.648968
vt 0.090048 0.659895
vt 0.083510 0.648968
vt 0.040209 0.672720
vt 0.066777 0.696620
vt 0.083510 0.648968
vt 0.066777 0.696620
vt 0.090048 0.659895
vt 0.115178 0.623519
vt 0.083510 0.648968
vt 0.090048 0.659895
vt 0.115178 0.623519
vt 0.075337 0.626315
vt 0.083510 0.648968
vt 0.083510 0.648968
vt 0.072202 0.630091
vt 0.040209 0.672720
vt 0.040209 0.672720
vt 0.083510 0.648968
vt 0.066777 0.696620
vt 0.072202 0.630091
vt 0.083510 0.648968
vt 0.040209 0.672720
vt 0.066777 0.696620
vt 0.090048 0.659895
vt 0.086098 0.699836
vt 0.090048 0.659895
vt 0.066777 0.696620
vt 0.086098 0.699836
vt 0.090048 0.659895
vt 0.104772 0.662118
vt 0.086098 0.699836
vt 0.104772 0.662118
vt 0.102335 0.695963
vt 0.086098 0.699836
vt 0.102335 0.695963
vt 0.104772 0.662118
vt 0.086098 0.699836
vt 0.122023 0.663337
vt 0.104772 0.662118
vt 0.102335 0.695963
vt 0.122023 0.663337
vt 0.115178 0.623519
vt 0.104772 0.662118
vt 0.104772 0.662118
vt 0.090048 0.659895
vt 0.086098 0.699836
vt 0.104772 0.662118
vt 0.115178 0.623519
vt 0.090048 0.659895
vt 0.075337 0.626315
vt 0.115178 0.623519
vt 0.083510 0.648968
vt 0.083510 0.648968
vt 0.115178 0.623519
vt 0.090048 0.659895
vt 0.115178 0.623519
vt 0.104772 0.662118
vt 0.090048 0.659895
vt 0.115178 0.623519
vt 0.122023 0.663337
vt 0.104772 0.662118
vt 0.066777 0.696620
vt 0.083510 0.648968
vt 0.090048 0.659895
vt 0.090048 0.659895
vt 0.104772 0.662118
vt 0.086098 0.699836
vt 0.066777 0.696620
vt 0.090048 0.659895
vt 0.086098 0.699836
vt 0.104772 0.662118
vt 0.122023 0.663337
vt 0.102335 0.695963
vt 0.104772 0.662118
vt 0.102335 0.695963
vt 0.086098 0.699836
vt 0.120662 0.690713
vt 0.122023 0.663337
vt 0.197525 0.651111
vt 0.122023 0.663337
vt 0.120662 0.690713
vt 0.102335 0.695963
vt 0.198535 0.679756
vt 0.197525 0.651111
vt 0.200803 0.650843
vt 0.120662 0.690713
vt 0.197525 0.651111
vt 0.198535 0.679756
vt 0.201813 0.679488
vt 0.200803 0.650843
vt 0.202442 0.650709
vt 0.198535 0.679756
vt 0.200803 0.650843
vt 0.201813 0.679488
vt 0.200803 0.650843
vt 0.198535 0.679756
vt 0.201813 0.679488
vt 0.200803 0.650843
vt 0.201813 0.679488
vt 0.202442 0.650709
vt 0.202442 0.650709
vt 0.201813 0.679488
vt 0.203452 0.679355
vt 0.201813 0.679488
vt 0.202442 0.650709
vt 0.203452 0.679355
vt 0.203452 0.679355
vt 0.202442 0.650709
vt 0.214188 0.678501
vt 0.197525 0.651111
vt 0.120662 0.690713
vt 0.198535 0.679756
vt 0.197525 0.651111
vt 0.198535 0.679756
vt 0.200803 0.650843
vt 0.214657 0.653119
vt 0.202442 0.650709
vt 0.214188 0.678501
vt 0.202442 0.650709
vt 0.203452 0.679355
vt 0.214188 0.678501
vt 0.289428 0.724998
vt 0.289498 0.689955
vt 0.304428 0.687126
vt 0.289498 0.689955
vt 0.289428 0.724998
vt 0.304428 0.687126
vt 0.289428 0.724998
vt 0.301827 0.723959
vt 0.304428 0.687126
vt 0.301827 0.723959
vt 0.289428 0.724998
vt 0.304428 0.687126
vt 0.289498 0.689955
vt 0.294280 0.678490
vt 0.304428 0.687126
vt 0.294280 0.678490
vt 0.289498 0.689955
vt 0.304428 0.687126
vt 0.327366 0.674561
vt 0.313688 0.700179
vt 0.304428 0.687126
vt 0.327366 0.674561
vt 0.304428 0.687126
vt 0.297934 0.627940
vt 0.313688 0.700179
vt 0.301827 0.723959
vt 0.304428 0.687126
vt 0.304428 0.687126
vt 0.327366 0.674561
vt 0.297934 0.627940
vt 0.301827 0.723959
vt 0.313688 0.700179
vt 0.304428 0.687126
vt 0.313688 0.700179
vt 0.327366 0.674561
vt 0.304428 0.687126
vt 0.340156 0.627914
vt 0.297934 0.627940
vt 0.327366 0.674561
vt 0.297934 0.627940
vt 0.340156 0.627914
vt 0.327366 0.674561
vt 0.327366 0.674561
vt 0.304428 0.687126
vt 0.297934 0.627940
vt 0.297934 0.627940
vt 0.340156 0.627914
vt 0.327366 0.674561
vt 0.470797 0.210421
vt 0.470786 0.216806
vt 0.488420 0.210515
vt 0.470786 0.216806
vt 0.470797 0.210421
vt 0.488420 0.210515
vt 0.507292 0.217002
vt 0.507302 0.210617
vt 0.488420 0.210515
vt 0.327366 0.674561
vt 0.313688 0.700179
vt 0.304428 0.687126
vt 0.313688 0.700179
vt 0.327366 0.674561
vt 0.304428 0.687126
vt 0.304428 0.687126
vt 0.327366 0.674561
vt 0.297934 0.627940
vt 0.340156 0.627914
vt 0.297934 0.627940
vt 0.327366 0.674561
vt 0.507302 0.210617
vt 0.507292 0.217002
vt 0.488420 0.210515
vt 0.289498 0.689955
vt 0.294280 0.678490
vt 0.304428 0.687126
vt 0.289428 0.724998
vt 0.289498 0.689955
vt 0.304428 0.687126
vt 0.301827 0.723959
vt 0.289428 0.724998
vt 0.304428 0.687126
vt 0.313688 0.700179
vt 0.301827 0.723959
vt 0.304428 0.687126
vt 0.294280 0.678490
vt 0.289498 0.689955
vt 0.304428 0.687126
vt 0.289498 0.689955
vt 0.289428 0.724998
vt 0.304428 0.687126
vt 0.289428 0.724998
vt 0.301827 0.723959
vt 0.304428 0.687126
vt 0.301827 0.723959
vt 0.313688 0.700179
vt 0.304428 0.687126
f 1003/1003/1003 1004/1004/1004 1005/1005/1005
f 1006/1006/1006 1007/1007/1007 1008/1008/1008
f 1009/1009/1009 1010/1010/1010 1011/1011/1011
f 1012/1012/1012 1013/1013/1013 1014/1014/1014
f 1015/1015/1015 1016/1016/1016 1017/1017/1017
f 1018/1018/1018 1019/1019/1019 1020/1020/1020
f 1021/1021/1021 1022/1022/1022 1023/1023/1023
f 1024/1024/1024 1025/1025/1025 1026/1026/1026
f 1027/1027/1027 1028/1028/1028 1029/1029/1029
f 1030/1030/1030 1031/1031/1031 1032/1032/1032
f 1033/1033/1033 1034/1034/1034 1035/1035/1035
f 1036/1036/1036 1037/1037/1037 1038/1038/1038
f 1039/1039/1039 1040/1040/1040 1041/1041/1041
f 1042/1042/1042 1043/1043/1043 1044/1044/1044
f 1045/1045/1045 1046/1046/1046 1047/1047/1047
f 1048/1048/1048 1049/1049/1049 1050/1050/1050
f 1051/1051/1051 1052/1052/1052 1053/1053/1053
f 1054/1054/1054 1055/1055/1055 1056/1056/1056
f 1057/1057/1057 1058/1058/1058 1059/1059/1059
f 1060/1060/1060 1061/1061/1061 1062/1062/1062
f 1063/1063/1063 1064/1064/1064 1065/1065/1065
f 1066/1066/1066 1067/1067/1067 1068/1068/1068
f 1069/1069/1069 1070/1070/1070 1071/1071/1071
f 1072/1072/1072 1073/1073/1073 1074/1074/1074
f 1075/1075/1075 1076/1076/1076 1077/1077/1077
f 1078/1078/1078 1079/1079/1079 1080/1080/1080
f 1081/1081/1081 1082/1082/1082 1083/1083/1083
f 1084/1084/1084 1085/1085/1085 1086/1086/1086
f 1087/1087/1087 1088/1088/1088 1089/1089/1089
f 1090/1090/1090 1091/1091/1091 1092/1092/1092
f 1093/1093/1093 1094/1094/1094 1095/1095/1095
f 1096/1096/1096 1097/1097/1097 1098/1098/1098
f 1099/1099/1099 1100/1100/1100 1101/1101/1101
f 1102/1102/1102 1103/1103/1103 1104/1104/1104
f 1105/1105/1105 1106/1106/1106 1107/1107/1107
f 1108/1108/1108 1109/1109/1109 1110/1110/1110
f 1111/1111/1111 1112/1112/1112 1113/1113/1113
f 1114/1114/1114 1115/1115/1115 1116/1116/1116
f 1117/1117/1117 1118/1118/1118 1119/1119/1119
f 1120/1120/1120 1121/1121/1121 1122/1122/1122
f 1123/1123/1123 1124/1124/1124 1125/1125/1125
f 1126/1126/1126 1127/1127/1127 1128/1128/1128
f 1129/1129/1129 1130/1130/1130 1131/1131/1131
f 1132/1132/1132 1133/1133/1133 1134/1134/1134
f 1135/1135/1135 1136/1136/1136 1137/1137/1137
f 1138/1138/1138 1139/1139/1139 1140/1140/1140
f 1141/1141/1141 1142/1142/1142 1143/1143/1143
f 1144/1144/1144 1145/1145/1145 1146/1146/1146
f 1147/1147/1147 1148/1148/1148 1149/1149/1149
f 1150/1150/1150 1151/1151/1151 1152/1152/1152
f 1153/1153/1153 1154/1154/1154 1155/1155/1155
f 1156/1156/1156 1157/1157/1157 1158/1158/1158
f 1159/1159/1159 1160/1160/1160 1161/1161/1161
f 1162/1162/1162 1163/1163/1163 1164/1164/1164
f 1165/1165/1165 1166/1166/1166 1167/1167/1167
f 1168/1168/1168 1169/1169/1169 1170/1170/1170
f 1171/1171/1171 1172/1172/1172 1173/1173/1173
f 1174/1174/1174 1175/1175/1175 1176/1176/1176
f 1177/1177/1177 1178/1178/1178 1179/1179/1179
f 1180/1180/1180 1181/1181/1181 1182/1182/1182
f 1183/1183/1183 1184/1184/1184 1185/1185/1185
f 1186/1186/1186 1187/1187/1187 1188/1188/1188
f 1189/1189/1189 1190/1190/1190 1191/1191/1191
f 1192/1192/1192 1193/1193/1193 1194/1194/1194
f 1195/1195/1195 1196/1196/1196 1197/1197/1197
f 1198/1198/1198 1199/1199/1199 1200/1200/1200
f 1201/1201/1201 1202/1202/1202 1203/1203/1203
f 1204/1204/1204 1205/1205/1205 1206/1206/1206
f 1207/1207/1207 1208/1208/1208 1209/1209/1209
f 1210/1210/1210 1211/1211/1211 1212/1212/1212
f 1213/1213/1213 1214/1214/1214 1215/1215/1215
f 1216/1216/1216 1217/1217/1217 1218/1218/1218
f 1219/1219/1219 1220/1220/1220 1221/1221/1221
f 1222/1222/1222 1223/1223/1223 1224/1224/1224
f 1225/1225/1225 1226/1226/1226 1227/1227/1227
f 1228/1228/1228 1229/1229/1229 1230/1230/1230
f 1231/1231/1231 1232/1232/1232 1233/1233/1233
f 1234/1234/1234 1235/1235/1235 1236/1236/1236
f 1237/1237/1237 1238/1238/1238 1239/1239/1239
f 1240/1240/1240 1241/1241/1241 1242/1242/1242
f 1243/1243/1243 1244/1244/1244 1245/1245/1245
f 1246/1246/1246 1247/1247/1247 1248/1248/1248
f 1249/1249/1249 1250/1250/1250 1251/1251/1251
f 1252/1252/1252 1253/1253/1253 1254/1254/1254
f 1255/1255/1255 1256/1256/1256 1257/1257/1257
f 1258/1258/1258 1259/1259/1259 1260/1260/1260
f 1261/1261/1261 1262/1262/1262 1263/1263/1263
f 1264/1264/1264 1265/1265/1265 1266/1266/1266
f 1267/1267/1267 1268/1268/1268 1269/1269/1269
f 1270/1270/1270 1271/1271/1271 1272/1272/1272
f 1273/1273/1273 1274/1274/1274 1275/1275/1275
f 1276/1276/1276 1277/1277/1277 1278/1278/1278
f 1279/1279/1279 1280/1280/1280 1281/1281/1281
f 1282/1282/1282 1283/1283/1283 1284/1284/1284
f 1285/1285/1285 1286/1286/1286 1287/1287/1287
f 1288/1288/1288 1289/1289/1289 1290/1290/1290
f 1291/1291/1291 1292/1292/1292 1293/1293/1293
f 1294/1294/1294 1295/1295/1295 1296/1296/1296
f 1297/1297/1297 1298/1298/1298 1299/1299/1299
f 1300/1300/1300 1301/1301/1301 1302/1302/1302
f 1303/1303/1303 1304/1304/1304 1305/1305/1305
f 1306/1306/1306 1307/1307/1307 1308/1308/1308
f 1309/1309/1309 1310/1310/1310 1311/1311/1311
f 1312/1312/1312 1313/1313/1313 1314/1314/1314
f 1315/1315/1315 1316/1316/1316 1317/1317/1317
f 1318/1318/1318 1319/1319/1319 1320/1320/1320
f 1321/1321/1321 1322/1322/1322 1323/1323/1323
f 1324/1324/1324 1325/1325/1325 1326/1326/1326
f 1327/1327/1327 1328/1328/1328 1329/1329/1329
f 1330/1330/1330 1331/1331/1331 1332/1332/1332
f 1333/1333/1333 1334/1334/1334 1335/1335/1335
f 1336/1336/1336 1337/1337/1337 1338/1338/1338
f 1339/1339/1339 1340/1340/1340 1341/1341/1341
f 1342/1342/1342 1343/1343/1343 1344/1344/1344
f 1345/1345/1345 1346/1346/1346 1347/1347/1347
f 1348/1348/1348 1349/1349/1349 1350/1350/1350
f 1351/1351/1351 1352/1352/1352 1353/1353/1353
f 1354/1354/1354 1355/1355/1355 1356/1356/1356
f 1357/1357/1357 1358/1358/1358 1359/1359/1359
f 1360/1360/1360 1361/1361/1361 1362/1362/1362
f 1363/1363/1363 1364/1364/1364 1365/1365/1365
f 1366/1366/1366 1367/1367/1367 1368/1368/1368
f 1369/1369/1369 1370/1370/1370 1371/1371/1371
f 1372/1372/1372 1373/1373/1373 1374/1374/1374
f 1375/1375/1375 1376/1376/1376 1377/1377/1377
f 1378/1378/1378 1379/1379/1379 1380/1380/1380
f 1381/1381/1381 1382/1382/1382 1383/1383/1383
f 1384/1384/1384 1385/1385/1385 1386/1386/1386
f 1387/1387/1387 1388/1388/1388 1389/1389/1389
f 1390/1390/1390 1391/1391/1391 1392/1392/1392
f 1393/1393/1393 1394/1394/1394 1395/1395/1395
f 1396/1396/1396 1397/1397/1397 1398/1398/1398
f 1399/1399/1399 1400/1400/1400 1401/1401/1401
f 1402/1402/1402 1403/1403/1403 1404/1404/1404
f 1405/1405/1405 1406/1406/1406 1407/1407/1407
f 1408/1408/1408 1409/1409/1409 1410/1410/1410
f 1411/1411/1411 1412/1412/1412 1413/1413/1413
f 1414/1414/1414 1415/1415/1415 1416/1416/1416
f 1417/1417/1417 1418/1418/1418 1419/1419/1419
f 1420/1420/1420 1421/1421/1421 1422/1422/1422
f 1423/1423/1423 1424/1424/1424 1425/1425/1425
f 1426/1426/1426 1427/1427/1427 1428/1428/1428
f 1429/1429/1429 1430/1430/1430 1431/1431/1431
f 1432/1432/1432 1433/1433/1433 1434/1434/1434
f 1435/1435/1435 1436/1436/1436 1437/1437/1437
f 1438/1438/1438 1439/1439/1439 1440/1440/1440
f 1441/1441/1441 1442/1442/1442 1443/1443/1443
f 1444/1444/1444 1445/1445/1445 1446/1446/1446
f 1447/1447/1447 1448/1448/1448 1449/1449/1449
f 1450/1450/1450 1451/1451/1451 1452/1452/1452
f 1453/1453/1453 1454/1454/1454 1455/1455/1455
f 1456/1456/1456 1457/1457/1457 1458/1458/1458
f 1459/1459/1459 1460/1460/1460 1461/1461/1461
f 1462/1462/1462 1463/1463/1463 1464/1464/1464
f 1465/1465/1465 1466/1466/1466 1467/1467/1467
f 1468/1468/1468 1469/1469/1469 1470/1470/1470
f 1471/1471/1471 1472/1472/1472 1473/1473/1473
f 1474/1474/1474 1475/1475/1475 1476/1476/1476
f 1477/1477/1477 1478/1478/1478 1479/1479/1479
f 1480/1480/1480 1481/1481/1481 1482/1482/1482
f 1483/1483/1483 1484/1484/1484 1485/1485/1485
f 1486/1486/1486 1487/1487/1487 1488/1488/1488
f 1489/1489/1489 1490/1490/1490 1491/1491/1491
f 1492/1492/1492 1493/1493/1493 1494/1494/1494
f 1495/1495/1495 1496/1496/1496 1497/1497/1497
f 1498/1498/1498 1499/1499/1499 1500/1500/1500
f 1501/1501/1501 1502/1502/1502 1503/1503/1503
f 1504/1504/1504 1505/1505/1505 1506/1506/1506
f 1507/1507/1507 1508/1508/1508 1509/1509/1509
f 1510/1510/1510 1511/1511/1511 1512/1512/1512
f 1513/1513/1513 1514/1514/1514 1515/1515/1515
f 1516/1516/1516 1517/1517/1517 1518/1518/1518
f 1519/1519/1519 1520/1520/1520 1521/1521/1521
f 1522/1522/1522 1523/1523/1523 1524/1524/1524
f 1525/1525/1525 1526/1526/1526 1527/1527/1527
f 1528/1528/1528 1529/1529/1529 1530/1530/1530
f 1531/1531/1531 1532/1532/1532 1533/1533/1533
f 1534/1534/1534 1535/1535/1535 1536/1536/1536
f 1537/1537/1537 1538/1538/1538 1539/1539/1539
f 1540/1540/1540 1541/1541/1541 1542/1542/1542
f 1543/1543/1543 1544/1544/1544 1545/1545/1545
f 1546/1546/1546 1547/1547/1547 1548/1548/1548
f 1549/1549/1549 1550/1550/1550 1551/1551/1551
f 1552/1552/1552 1553/1553/1553 1554/1554/1554
f 1555/1555/1555 1556/1556/1556 1557/1557/1557
f 1558/1558/1558 1559/1559/1559 1560/1560/1560
f 1561/1561/1561 1562/1562/1562 1563/1563/1563
f 1564/1564/1564 1565/1565/1565 1566/1566/1566
f 1567/1567/1567 1568/1568/1568 1569/1569/1569
f 1570/1570/1570 1571/1571/1571 1572/1572/1572
f 1573/1573/1573 1574/1574/1574 1575/1575/1575
f 1576/1576/1576 1577/1577/1577 1578/1578/1578
f 1579/1579/1579 1580/1580/1580 1581/1581/1581
f 1582/1582/1582 1583/1583/1583 1584/1584/1584
f 1585/1585/1585 1586/1586/1586 1587/1587/1587
f 1588/1588/1588 1589/1589/1589 1590/1590/1590
f 1591/1591/1591 1592/1592/1592 1593/1593/1593
f 1594/1594/1594 1595/1595/1595 1596/1596/1596
f 1597/1597/1597 1598/1598/1598 1599/1599/1599
f 1600/1600/1600 1601/1601/1601 1602/1602/1602
f 1603/1603/1603 1604/1604/1604 1605/1605/1605
f 1606/1606/1606 1607/1607/1607 1608/1608/1608
f 1609/1609/1609 1610/1610/1610 1611/1611/1611
f 1612/1612/1612 1613/1613/1613 1614/1614/1614
f 1615/1615/1615 1616/1616/1616 1617/1617/1617
f 1618/1618/1618 1619/1619/1619 1620/1620/1620
f 1621/1621/1621 1622/1622/1622 1623/1623/1623
f 1624/1624/1624 1625/1625/1625 1626/1626/1626
f 1627/1627/1627 1628/1628/1628 1629/1629/1629
f 1630/1630/1630 1631/1631/1631 1632/1632/1632
f 1633/1633/1633 1634/1634/1634 1635/1635/1635
f 1636/1636/1636 1637/1637/1637 1638/1638/1638
f 1639/1639/1639 1640/1640/1640 1641/1641/1641
f 1642/1642/1642 1643/1643/1643 1644/1644/1644
f 1645/1645/1645 1646/1646/1646 1647/1647/1647
f 1648/1648/1648 1649/1649/1649 1650/1650/1650
f 1651/1651/1651 1652/1652/1652 1653/1653/1653
f 1654/1654/1654 1655/1655/1655 1656/1656/1656
f 1657/1657/1657 1658/1658/1658 1659/1659/1659
f 1660/1660/1660 1661/1661/1661 1662/1662/1662
f 1663/1663/1663 1664/1664/1664 1665/1665/1665
f 1666/1666/1666 1667/1667/1667 1668/1668/1668
f 1669/1669/1669 1670/1670/1670 1671/1671/1671
f 1672/1672/1672 1673/1673/1673 1674/1674/1674
o Geoset_12
g Geoset_12
v 0.126670 85.325302 -14.413100
v -18.270901 64.737488 -4.952610
v 0.000000 83.047218 21.637800
v 18.431200 64.706589 -4.959540
v 0.126670 85.325302 -14.413100
v 0.000000 83.047218 21.637800
v 0.000000 83.047218 21.637800
v 20.792900 69.162605 20.899401
v 18.431200 64.706589 -4.959540
v 0.000000 83.047218 21.637800
v -18.270901 64.737488 -4.952610
v -20.535400 69.183708 20.913000
v 0.429070 102.338104 68.168999
v -12.072000 83.398232 62.178902
v -11.146200 82.199707 73.387100
v 0.198650 75.252533 67.228500
v -11.146200 82.199707 73.387100
v -12.072000 83.398232 62.178902
v 12.241100 83.158134 62.280300
v 11.279900 81.983810 73.519501
v 0.198650 75.252533 67.228500
v 12.241100 83.158134 62.280300
v 0.429070 102.338104 68.168999
v 11.279900 81.983810 73.519501
v 11.279900 81.983810 73.519501
v 0.429070 102.338104 68.168999
v 0.452470 91.265236 80.038200
v 0.452470 91.265236 80.038200
v 0.429070 102.338104 68.168999
v -11.146200 82.199707 73.387100
v -22.793800 34.871914 18.472401
v -18.013500 31.435240 41.810101
v -20.535400 69.183708 20.913000
v -11.002600 56.966537 56.622002
v -20.535400 69.183708 20.913000
v -18.013500 31.435240 41.810101
v -11.002600 56.966537 56.622002
v -18.013500 31.435240 41.810101
v -0.053700 31.709040 50.028099
v -0.053700 31.709040 50.028099
v -0.059900 60.083439 55.061798
v -11.002600 56.966537 56.622002
v 18.011801 31.982740 41.951900
v 22.881500 35.234715 18.478300
v 20.792900 69.162605 20.899401
v 20.792900 69.162605 20.899401
v 10.974500 57.154537 56.598202
v 18.011801 31.982740 41.951900
v 10.974500 57.154537 56.598202
v -0.053700 31.709040 50.028099
v 18.011801 31.982740 41.951900
v -0.053700 31.709040 50.028099
v 10.974500 57.154537 56.598202
v -0.059900 60.083439 55.061798
v 12.309900 74.258736 40.117001
v 0.429070 102.338104 68.168999
v 12.241100 83.158134 62.280300
v 12.309900 74.258736 40.117001
v 12.241100 83.158134 62.280300
v -0.059900 60.083439 55.061798
v -0.059900 60.083439 55.061798
v 12.241100 83.158134 62.280300
v 0.198650 75.252533 67.228500
v 0.198650 75.252533 67.228500
v -12.072000 83.398232 62.178902
v -0.059900 60.083439 55.061798
v -12.381100 74.222733 40.069901
v -0.059900 60.083439 55.061798
v -12.072000 83.398232 62.178902
v -12.381100 74.222733 40.069901
v -12.072000 83.398232 62.178902
v 0.429070 102.338104 68.168999
v 0.084200 57.629303 -46.341400
v 18.560801 34.411446 -37.612633
v 0.043000 36.348541 -45.516586
v 18.560801 34.411446 -37.612633
v 0.084200 57.629303 -46.341400
v 20.995001 67.774597 -26.272301
v 20.755100 35.615608 -2.499380
v 18.560801 34.411446 -37.612633
v 20.995001 67.774597 -26.272301
v 20.995001 67.774597 -26.272301
v 18.431200 64.706589 -4.959540
v 20.755100 35.615608 -2.499380
v -20.535400 69.183708 20.913000
v -11.002600 56.966537 56.622002
v -12.381100 74.222733 40.069901
v -12.381100 74.222733 40.069901
v -11.002600 56.966537 56.622002
v -0.059900 60.083439 55.061798
v 10.974500 57.154537 56.598202
v 20.792900 69.162605 20.899401
v 12.309900 74.258736 40.117001
v 10.974500 57.154537 56.598202
v 12.309900 74.258736 40.117001
v -0.059900 60.083439 55.061798
v -18.270901 64.737488 -4.952610
v -20.832800 67.774597 -26.272301
v -22.505100 35.263504 -2.505480
v -18.502100 34.051849 -37.618832
v -22.505100 35.263504 -2.505480
v -20.832800 67.774597 -26.272301
v -18.502100 34.051849 -37.618832
v -20.832800 67.774597 -26.272301
v 0.084200 57.629303 -46.341400
v 0.084200 57.629303 -46.341400
v 0.043000 36.348541 -45.516586
v -18.502100 34.051849 -37.618832
v 0.084200 57.629303 -46.341400
v -20.832800 67.774597 -26.272301
v 0.209950 75.655899 -36.026600
v 0.084200 57.629303 -46.341400
v 0.209950 75.655899 -36.026600
v 20.995001 67.774597 -26.272301
v 0.126670 85.325302 -14.413100
v 18.431200 64.706589 -4.959540
v 20.995001 67.774597 -26.272301
v 0.209950 75.655899 -36.026600
v 0.126670 85.325302 -14.413100
v 20.995001 67.774597 -26.272301
v 0.126670 85.325302 -14.413100
v -20.832800 67.774597 -26.272301
v -18.270901 64.737488 -4.952610
v 0.126670 85.325302 -14.413100
v 0.209950 75.655899 -36.026600
v -20.832800 67.774597 -26.272301
v 0.282530 95.900551 38.604599
v -12.381100 74.222733 40.069901
v 0.429070 102.338104 68.168999
v 0.282530 95.900551 38.604599
v 0.429070 102.338104 68.168999
v 12.309900 74.258736 40.117001
v -12.381100 74.222733 40.069901
v 0.000000 83.047218 21.637800
v -20.535400 69.183708 20.913000
v 0.000000 83.047218 21.637800
v -12.381100 74.222733 40.069901
v 0.282530 95.900551 38.604599
v 0.000000 83.047218 21.637800
v 0.282530 95.900551 38.604599
v 12.309900 74.258736 40.117001
v 20.792900 69.162605 20.899401
v 0.000000 83.047218 21.637800
v 12.309900 74.258736 40.117001
v -18.270901 64.737488 -4.952610
v -22.505100 35.263504 -2.505480
v -22.793800 34.871914 18.472401
v -22.793800 34.871914 18.472401
v -20.535400 69.183708 20.913000
v -18.270901 64.737488 -4.952610
v 20.755100 35.615608 -2.499380
v 18.431200 64.706589 -4.959540
v 20.792900 69.162605 20.899401
v 20.792900 69.162605 20.899401
v 22.881500 35.234715 18.478300
v 20.755100 35.615608 -2.499380
v 0.429070 102.338104 68.168999
v 0.234610 105.697380 50.441601
v 0.282530 95.900551 38.604599
v 0.282530 95.900551 38.604599
v 0.429070 102.338104 68.168999
v 0.234610 105.697380 50.441601
vn 0.001257 0.999597 -0.028363
vn -0.881958 0.463190 0.087200
vn -0.000108 0.985467 -0.169869
vn 0.874519 0.478563 0.078698
vn 0.001257 0.999597 -0.028363
vn -0.000108 0.985467 -0.169869
vn -0.000108 0.985467 -0.169869
vn 0.903821 0.408810 0.126421
vn 0.874519 0.478563 0.078698
vn -0.000108 0.985467 -0.169869
vn -0.881958 0.463190 0.087200
vn -0.888265 0.444022 0.117599
vn -0.363289 0.931412 0.022192
vn -0.965717 -0.202517 0.162414
vn -0.959796 0.094269 0.264396
vn -0.001132 -0.912164 0.409824
vn -0.959796 0.094269 0.264396
vn -0.965717 -0.202517 0.162414
vn 0.962268 -0.220636 0.159249
vn 0.964735 0.071683 0.253273
vn -0.001132 -0.912164 0.409824
vn 0.962268 -0.220636 0.159249
vn -0.363289 0.931412 0.022192
vn 0.964735 0.071683 0.253273
vn 0.964735 0.071683 0.253273
vn -0.363289 0.931412 0.022192
vn 0.018798 0.731142 0.681966
vn 0.018798 0.731142 0.681966
vn -0.363289 0.931412 0.022192
vn -0.959796 0.094269 0.264396
vn -0.993200 0.087450 0.076851
vn -0.862381 -0.100712 0.496141
vn -0.888265 0.444022 0.117599
vn -0.573312 0.176900 0.800012
vn -0.888265 0.444022 0.117599
vn -0.862381 -0.100712 0.496141
vn -0.573312 0.176900 0.800012
vn -0.862381 -0.100712 0.496141
vn 0.002772 -0.327701 0.944777
vn 0.002772 -0.327701 0.944777
vn 0.000069 -0.139046 0.990286
vn -0.573312 0.176900 0.800012
vn 0.861333 -0.101671 0.497764
vn 0.996444 0.063145 0.055782
vn 0.903821 0.408810 0.126421
vn 0.903821 0.408810 0.126421
vn 0.569098 0.181821 0.801916
vn 0.861333 -0.101671 0.497764
vn 0.569098 0.181821 0.801916
vn 0.002772 -0.327701 0.944777
vn 0.861333 -0.101671 0.497764
vn 0.002772 -0.327701 0.944777
vn 0.569098 0.181821 0.801916
vn 0.000069 -0.139046 0.990286
vn 0.875884 0.474032 0.090114
vn -0.363289 0.931412 0.022192
vn 0.962268 -0.220636 0.159249
vn 0.875884 0.474032 0.090114
vn 0.962268 -0.220636 0.159249
vn 0.000069 -0.139046 0.990286
vn 0.000069 -0.139046 0.990286
vn 0.962268 -0.220636 0.159249
vn -0.001132 -0.912164 0.409824
vn -0.001132 -0.912164 0.409824
vn -0.965717 -0.202517 0.162414
vn 0.000069 -0.139046 0.990286
vn -0.870555 0.483479 0.091550
vn 0.000069 -0.139046 0.990286
vn -0.965717 -0.202517 0.162414
vn -0.870555 0.483479 0.091550
vn -0.965717 -0.202517 0.162414
vn -0.363289 0.931412 0.022192
vn 0.001532 0.178792 -0.983886
vn 0.792026 -0.045087 -0.608820
vn 0.001267 -0.179558 -0.983747
vn 0.792026 -0.045087 -0.608820
vn 0.001532 0.178792 -0.983886
vn 0.781436 0.471220 -0.409034
vn 0.998260 0.045107 -0.037977
vn 0.792026 -0.045087 -0.608820
vn 0.781436 0.471220 -0.409034
vn 0.781436 0.471220 -0.409034
vn 0.874519 0.478563 0.078698
vn 0.998260 0.045107 -0.037977
vn -0.888265 0.444022 0.117599
vn -0.573312 0.176900 0.800012
vn -0.870555 0.483479 0.091550
vn -0.870555 0.483479 0.091550
vn -0.573312 0.176900 0.800012
vn 0.000069 -0.139046 0.990286
vn 0.569098 0.181821 0.801916
vn 0.903821 0.408810 0.126421
vn 0.875884 0.474032 0.090114
vn 0.569098 0.181821 0.801916
vn 0.875884 0.474032 0.090114
vn 0.000069 -0.139046 0.990286
vn -0.881958 0.463190 0.087200
vn -0.771373 0.483452 -0.413833
vn -0.994164 0.107763 -0.004960
vn -0.780603 -0.036276 -0.623973
vn -0.994164 0.107763 -0.004960
vn -0.771373 0.483452 -0.413833
vn -0.780603 -0.036276 -0.623973
vn -0.771373 0.483452 -0.413833
vn 0.001532 0.178792 -0.983886
vn 0.001532 0.178792 -0.983886
vn 0.001267 -0.179558 -0.983747
vn -0.780603 -0.036276 -0.623973
vn 0.001532 0.178792 -0.983886
vn -0.771373 0.483452 -0.413833
vn 0.002426 0.740645 -0.671893
vn 0.001532 0.178792 -0.983886
vn 0.002426 0.740645 -0.671893
vn 0.781436 0.471220 -0.409034
vn 0.001257 0.999597 -0.028363
vn 0.874519 0.478563 0.078698
vn 0.781436 0.471220 -0.409034
vn 0.002426 0.740645 -0.671893
vn 0.001257 0.999597 -0.028363
vn 0.781436 0.471220 -0.409034
vn 0.001257 0.999597 -0.028363
vn -0.771373 0.483452 -0.413833
vn -0.881958 0.463190 0.087200
vn 0.001257 0.999597 -0.028363
vn 0.002426 0.740645 -0.671893
vn -0.771373 0.483452 -0.413833
vn -0.536388 0.734664 -0.415399
vn -0.870555 0.483479 0.091550
vn -0.363289 0.931412 0.022192
vn -0.536388 0.734664 -0.415399
vn -0.363289 0.931412 0.022192
vn 0.875884 0.474032 0.090114
vn -0.870555 0.483479 0.091550
vn -0.000108 0.985467 -0.169869
vn -0.888265 0.444022 0.117599
vn -0.000108 0.985467 -0.169869
vn -0.870555 0.483479 0.091550
vn -0.536388 0.734664 -0.415399
vn -0.000108 0.985467 -0.169869
vn -0.536388 0.734664 -0.415399
vn 0.875884 0.474032 0.090114
vn 0.903821 0.408810 0.126421
vn -0.000108 0.985467 -0.169869
vn 0.875884 0.474032 0.090114
vn -0.881958 0.463190 0.087200
vn -0.994164 0.107763 -0.004960
vn -0.993200 0.087450 0.076851
vn -0.993200 0.087450 0.076851
vn -0.888265 0.444022 0.117599
vn -0.881958 0.463190 0.087200
vn 0.998260 0.045107 -0.037977
vn 0.874519 0.478563 0.078698
vn 0.903821 0.408810 0.126421
vn 0.903821 0.408810 0.126421
vn 0.996444 0.063145 0.055782
vn 0.998260 0.045107 -0.037977
vn -0.363289 0.931412 0.022192
vn -0.999858 -0.014764 0.008177
vn -0.536388 0.734664 -0.415399
vn -0.536388 0.734664 -0.415399
vn -0.363289 0.931412 0.022192
vn -0.999858 -0.014764 0.008177
vt 0.162158 0.510516
vt 0.170403 0.285594
vt 0.305406 0.513356
vt 0.170403 0.285594
vt 0.162158 0.510516
vt 0.305406 0.513356
vt 0.305406 0.513356
vt 0.304247 0.315254
vt 0.170403 0.285594
vt 0.305406 0.513356
vt 0.170403 0.285594
vt 0.304247 0.315254
vt 0.513657 0.602675
vt 0.466431 0.498506
vt 0.527270 0.499438
vt 0.507462 0.423985
vt 0.527270 0.499438
vt 0.466431 0.498506
vt 0.467521 0.498908
vt 0.527270 0.499438
vt 0.507462 0.423985
vt 0.467521 0.498908
vt 0.513657 0.602675
vt 0.527270 0.499438
vt 0.527270 0.499438
vt 0.513657 0.602675
vt 0.538675 0.561019
vt 0.538675 0.561019
vt 0.513657 0.602675
vt 0.527270 0.499438
vt 0.352016 0.094273
vt 0.354685 0.242013
vt 0.414527 0.094652
vt 0.411722 0.312900
vt 0.414527 0.094652
vt 0.354685 0.242013
vt 0.411722 0.312900
vt 0.354685 0.242013
vt 0.350352 0.322928
vt 0.350352 0.322928
vt 0.394786 0.247352
vt 0.411722 0.312900
vt 0.354685 0.242013
vt 0.352120 0.093794
vt 0.414686 0.094636
vt 0.414686 0.094636
vt 0.411722 0.312900
vt 0.354685 0.242013
vt 0.411722 0.312900
vt 0.350352 0.322928
vt 0.354685 0.242013
vt 0.350352 0.322928
vt 0.411722 0.312900
vt 0.394786 0.247352
vt 0.349015 0.173472
vt 0.353414 0.291591
vt 0.401642 0.264255
vt 0.349015 0.173472
vt 0.401642 0.264255
vt 0.428063 0.095435
vt 0.428063 0.095435
vt 0.401642 0.264255
vt 0.436179 0.214514
vt 0.436179 0.214514
vt 0.400552 0.263853
vt 0.428063 0.095435
vt 0.349015 0.173472
vt 0.428063 0.095435
vt 0.400552 0.263853
vt 0.349015 0.173472
vt 0.400552 0.263853
vt 0.353414 0.291591
vt 0.358826 0.197363
vt 0.375992 0.094147
vt 0.329936 0.094129
vt 0.375992 0.094147
vt 0.358826 0.197363
vt 0.383251 0.266400
vt 0.406019 0.095585
vt 0.375992 0.094147
vt 0.383251 0.266400
vt 0.383251 0.266400
vt 0.425189 0.095524
vt 0.406019 0.095585
vt 0.340182 0.094283
vt 0.389807 0.095450
vt 0.349015 0.173472
vt 0.349015 0.173472
vt 0.389807 0.095450
vt 0.428063 0.095435
vt 0.389807 0.095450
vt 0.340182 0.094283
vt 0.349015 0.173472
vt 0.389807 0.095450
vt 0.349015 0.173472
vt 0.428063 0.095435
vt 0.427643 0.094099
vt 0.383251 0.266400
vt 0.407598 0.095208
vt 0.375992 0.094147
vt 0.407598 0.095208
vt 0.383251 0.266400
vt 0.375992 0.094147
vt 0.383251 0.266400
vt 0.358826 0.197363
vt 0.358826 0.197363
vt 0.329936 0.094129
vt 0.375992 0.094147
vt 0.234709 0.888042
vt 0.241290 0.707177
vt 0.317449 0.801884
vt 0.234709 0.888042
vt 0.317449 0.801884
vt 0.241290 0.707177
vt 0.236392 0.870272
vt 0.240117 0.708017
vt 0.282512 0.757462
vt 0.319070 0.804097
vt 0.236392 0.870272
vt 0.282512 0.757462
vt 0.236392 0.870272
vt 0.282512 0.757462
vt 0.240117 0.708017
vt 0.236392 0.870272
vt 0.319070 0.804097
vt 0.282512 0.757462
vt 0.317225 0.808533
vt 0.236298 0.887018
vt 0.241488 0.706074
vt 0.317225 0.808533
vt 0.241488 0.706074
vt 0.236298 0.887018
vt 0.285853 0.760421
vt 0.234055 0.890720
vt 0.243107 0.709882
vt 0.234055 0.890720
vt 0.285853 0.760421
vt 0.316407 0.809042
vt 0.234055 0.890720
vt 0.316407 0.809042
vt 0.285853 0.760421
vt 0.243107 0.709882
vt 0.234055 0.890720
vt 0.285853 0.760421
vt 0.170403 0.285594
vt 0.174713 0.095845
vt 0.299684 0.095338
vt 0.299684 0.095338
vt 0.304247 0.315254
vt 0.170403 0.285594
vt 0.174713 0.095845
vt 0.170403 0.285594
vt 0.304247 0.315254
vt 0.304247 0.315254
vt 0.299684 0.095338
vt 0.174713 0.095845
vt 0.833519 0.559796
vt 0.798790 0.679125
vt 0.782061 0.587799
vt 0.782061 0.587799
vt 0.833519 0.559796
vt 0.798790 0.679125
f 1675/1675/1675 1676/1676/1676 1677/1677/1677
f 1678/1678/1678 1679/1679/1679 1680/1680/1680
f 1681/1681/1681 1682/1682/1682 1683/1683/1683
f 1684/1684/1684 1685/1685/1685 1686/1686/1686
f 1687/1687/1687 1688/1688/1688 1689/1689/1689
f 1690/1690/1690 1691/1691/1691 1692/1692/1692
f 1693/1693/1693 1694/1694/1694 1695/1695/1695
f 1696/1696/1696 1697/1697/1697 1698/1698/1698
f 1699/1699/1699 1700/1700/1700 1701/1701/1701
f 1702/1702/1702 1703/1703/1703 1704/1704/1704
f 1705/1705/1705 1706/1706/1706 1707/1707/1707
f 1708/1708/1708 1709/1709/1709 1710/1710/1710
f 1711/1711/1711 1712/1712/1712 1713/1713/1713
f 1714/1714/1714 1715/1715/1715 1716/1716/1716
f 1717/1717/1717 1718/1718/1718 1719/1719/1719
f 1720/1720/1720 1721/1721/1721 1722/1722/1722
f 1723/1723/1723 1724/1724/1724 1725/1725/1725
f 1726/1726/1726 1727/1727/1727 1728/1728/1728
f 1729/1729/1729 1730/1730/1730 1731/1731/1731
f 1732/1732/1732 1733/1733/1733 1734/1734/1734
f 1735/1735/1735 1736/1736/1736 1737/1737/1737
f 1738/1738/1738 1739/1739/1739 1740/1740/1740
f 1741/1741/1741 1742/1742/1742 1743/1743/1743
f 1744/1744/1744 1745/1745/1745 1746/1746/1746
f 1747/1747/1747 1748/1748/1748 1749/1749/1749
f 1750/1750/1750 1751/1751/1751 1752/1752/1752
f 1753/1753/1753 1754/1754/1754 1755/1755/1755
f 1756/1756/1756 1757/1757/1757 1758/1758/1758
f 1759/1759/1759 1760/1760/1760 1761/1761/1761
f 1762/1762/1762 1763/1763/1763 1764/1764/1764
f 1765/1765/1765 1766/1766/1766 1767/1767/1767
f 1768/1768/1768 1769/1769/1769 1770/1770/1770
f 1771/1771/1771 1772/1772/1772 1773/1773/1773
f 1774/1774/1774 1775/1775/1775 1776/1776/1776
f 1777/1777/1777 1778/1778/1778 1779/1779/1779
f 1780/1780/1780 1781/1781/1781 1782/1782/1782
f 1783/1783/1783 1784/1784/1784 1785/1785/1785
f 1786/1786/1786 1787/1787/1787 1788/1788/1788
f 1789/1789/1789 1790/1790/1790 1791/1791/1791
f 1792/1792/1792 1793/1793/1793 1794/1794/1794
f 1795/1795/1795 1796/1796/1796 1797/1797/1797
f 1798/1798/1798 1799/1799/1799 1800/1800/1800
f 1801/1801/1801 1802/1802/1802 1803/1803/1803
f 1804/1804/1804 1805/1805/1805 1806/1806/1806
f 1807/1807/1807 1808/1808/1808 1809/1809/1809
f 1810/1810/1810 1811/1811/1811 1812/1812/1812
f 1813/1813/1813 1814/1814/1814 1815/1815/1815
f 1816/1816/1816 1817/1817/1817 1818/1818/1818
f 1819/1819/1819 1820/1820/1820 1821/1821/1821
f 1822/1822/1822 1823/1823/1823 1824/1824/1824
f 1825/1825/1825 1826/1826/1826 1827/1827/1827
f 1828/1828/1828 1829/1829/1829 1830/1830/1830
f 1831/1831/1831 1832/1832/1832 1833/1833/1833
f 1834/1834/1834 1835/1835/1835 1836/1836/1836
o Geoset_13
g Geoset_13
v -0.192640 100.403999 -9.789910
v -10.195500 90.901299 -2.419470
v -13.769500 99.594803 -6.325630
v 10.082700 90.901199 -2.419470
v -0.192640 100.403999 -9.789910
v 12.738200 100.714996 -6.325630
v 29.236900 82.320099 -1.603520
v 26.080601 71.984299 -4.650060
v 23.785400 81.315598 5.740490
v 26.080601 71.984299 -4.650060
v 29.236900 82.320099 -1.603520
v 36.786800 75.980698 3.810890
v 32.383202 83.468399 5.580550
v 36.786800 75.980698 3.810890
v 29.236900 82.320099 -1.603520
v 16.758123 90.310997 -0.815864
v 14.964715 93.244400 0.031300
v 23.592979 95.611542 6.155740
v 16.758123 90.310997 -0.815864
v 23.592979 95.611542 6.155740
v 29.236900 82.320099 -1.603520
v 29.236900 82.320099 -1.603520
v 23.592979 95.611542 6.155740
v 32.383202 83.468399 5.580550
v 14.964715 93.244400 0.031300
v 20.087549 97.856300 6.010540
v 23.592979 95.611542 6.155740
v 23.785400 81.315598 5.740490
v 16.758123 90.310997 -0.815864
v 29.236900 82.320099 -1.603520
v 14.964715 93.244400 0.031300
v 12.738200 100.714996 -6.325630
v 20.087549 97.856300 6.010540
v 12.738200 100.714996 -6.325630
v 15.779664 103.473999 6.085720
v 20.087549 97.856300 6.010540
v -27.187901 71.984200 -4.650110
v -37.868397 75.980721 3.869926
v -30.344200 82.320099 -1.603550
v -30.344200 82.320099 -1.603550
v -24.892700 81.315598 5.740460
v -27.187901 71.984200 -4.650110
v -24.892700 81.315598 5.740460
v -30.344200 82.320099 -1.603550
v -18.844805 90.310997 -0.815864
v -18.844805 90.310997 -0.815864
v -30.344200 82.320099 -1.603550
v -25.642323 95.611542 6.155740
v -18.844805 90.310997 -0.815864
v -25.642323 95.611542 6.155740
v -15.988687 93.244400 0.031300
v -15.988687 93.244400 0.031300
v -25.642323 95.611542 6.155740
v -22.374229 97.856201 6.010540
v -13.769500 99.594803 -6.325630
v -22.374229 97.856201 6.010540
v -17.266289 103.473999 6.085720
v -15.988687 93.244400 0.031300
v -22.374229 97.856201 6.010540
v -13.769500 99.594803 -6.325630
v -0.056400 90.901299 -2.419470
v -10.195500 90.901299 -2.419470
v -0.192640 100.403999 -9.789910
v 10.082700 90.901199 -2.419470
v -0.056400 90.901299 -2.419470
v -0.192640 100.403999 -9.789910
v -10.195500 90.901299 -2.419470
v -13.150400 99.096497 3.462730
v -13.769500 99.594803 -6.325630
v 12.119200 99.656601 3.462730
v 10.082700 90.901199 -2.419470
v 12.738200 100.714996 -6.325630
v 23.785400 81.315598 5.740490
v 26.080601 71.984299 -4.650060
v 28.339800 70.902901 4.990720
v 36.786800 75.980698 3.810890
v 28.339800 70.902901 4.990720
v 26.080601 71.984299 -4.650060
v 16.687067 90.162598 4.396710
v 16.758123 90.310997 -0.815864
v 23.785400 81.315598 5.740490
v 16.687067 90.162598 4.396710
v 14.964715 93.244400 0.031300
v 16.758123 90.310997 -0.815864
v 16.687067 90.162598 4.396710
v 14.948815 93.144699 5.022000
v 14.964715 93.244400 0.031300
v -24.892700 81.315598 5.740460
v -29.392099 71.057098 5.045390
v -27.187901 71.984200 -4.650110
v -37.868397 75.980721 3.869926
v -27.187901 71.984200 -4.650110
v -29.392099 71.057098 5.045390
v -18.773748 90.162598 4.396710
v -18.844805 90.310997 -0.815864
v -15.988687 93.244400 0.031300
v -18.773748 90.162598 4.396710
v -15.988687 93.244400 0.031300
v -15.972787 93.144699 5.022000
v -18.773748 90.162598 4.396710
v -24.892700 81.315598 5.740460
v -18.844805 90.310997 -0.815864
v -31.917400 82.894203 4.783680
v -30.344200 82.320099 -1.603550
v -37.868397 75.980721 3.869926
v -30.344200 82.320099 -1.603550
v -31.917400 82.894203 4.783680
v -25.642323 95.611542 6.155740
v 14.948815 93.144699 5.022000
v 12.738200 100.714996 -6.325630
v 14.964715 93.244400 0.031300
v 14.948815 93.144699 5.022000
v 12.119200 99.656601 3.462730
v 12.738200 100.714996 -6.325630
v -15.972787 93.144699 5.022000
v -15.988687 93.244400 0.031300
v -13.769500 99.594803 -6.325630
v -15.972787 93.144699 5.022000
v -13.769500 99.594803 -6.325630
v -13.150400 99.096497 3.462730
v -10.195500 90.901299 -2.419470
v -4.082870 86.243896 12.729700
v -12.531400 98.598297 13.251100
v -12.531400 98.598297 13.251100
v -4.082870 86.243896 12.729700
v -0.190320 96.657600 19.493601
v 11.500100 98.598297 13.251100
v -0.190320 96.657600 19.493601
v 3.971770 86.243797 12.729700
v 11.500100 98.598297 13.251100
v 3.971770 86.243797 12.729700
v 10.082700 90.901199 -2.419470
v 29.224800 82.238197 11.765500
v 23.785400 81.315598 5.740490
v 30.599100 69.821602 14.631500
v 30.599100 69.821602 14.631500
v 36.786800 75.980698 3.810890
v 29.224800 82.238197 11.765500
v 32.383202 83.468399 5.580550
v 29.224800 82.238197 11.765500
v 36.786800 75.980698 3.810890
v 32.383202 83.468399 5.580550
v 23.592979 95.611542 6.155740
v 29.224800 82.238197 11.765500
v 23.592979 95.611542 6.155740
v 20.087549 97.856300 6.010540
v 16.616011 90.014099 11.391417
v 23.592979 95.611542 6.155740
v 16.616011 90.014099 11.391417
v 29.224800 82.238197 11.765500
v 29.224800 82.238197 11.765500
v 16.616011 90.014099 11.391417
v 23.785400 81.315598 5.740490
v 20.087549 97.856300 6.010540
v 14.932916 93.044998 10.012700
v 16.616011 90.014099 11.391417
v 20.087549 97.856300 6.010540
v 15.779664 103.473999 6.085720
v 11.500100 98.598297 13.251100
v 20.087549 97.856300 6.010540
v 11.500100 98.598297 13.251100
v 14.932916 93.044998 10.012700
v -33.490501 83.468399 11.170900
v -31.596300 70.129898 14.740900
v -24.892700 81.315598 5.740460
v -33.490501 83.468399 11.170900
v -24.892700 81.315598 5.740460
v -18.702690 90.014099 11.391417
v -25.642323 95.611542 6.155740
v -33.490501 83.468399 11.170900
v -18.702690 90.014099 11.391417
v -25.642323 95.611542 6.155740
v -18.702690 90.014099 11.391417
v -22.374229 97.856201 6.010540
v -22.374229 97.856201 6.010540
v -18.702690 90.014099 11.391417
v -15.956986 93.044998 10.012700
v -17.266289 103.473999 6.085720
v -22.374229 97.856201 6.010540
v -12.531400 98.598297 13.251100
v -22.374229 97.856201 6.010540
v -15.956986 93.044998 10.012700
v -12.531400 98.598297 13.251100
v -4.082870 86.243896 12.729700
v -0.055550 86.243896 12.729700
v -0.190320 96.657600 19.493601
v -0.055550 86.243896 12.729700
v 3.971770 86.243797 12.729700
v -0.190320 96.657600 19.493601
v -10.195500 90.901299 -2.419470
v -12.531400 98.598297 13.251100
v -13.150400 99.096497 3.462730
v 11.500100 98.598297 13.251100
v 10.082700 90.901199 -2.419470
v 12.119200 99.656601 3.462730
v 23.785400 81.315598 5.740490
v 28.339800 70.902901 4.990720
v 30.599100 69.821602 14.631500
v 36.786800 75.980698 3.810890
v 30.599100 69.821602 14.631500
v 28.339800 70.902901 4.990720
v 14.932916 93.044998 10.012700
v 14.948815 93.144699 5.022000
v 16.687067 90.162598 4.396710
v 16.616011 90.014099 11.391417
v 14.932916 93.044998 10.012700
v 16.687067 90.162598 4.396710
v 16.616011 90.014099 11.391417
v 16.687067 90.162598 4.396710
v 23.785400 81.315598 5.740490
v -24.892700 81.315598 5.740460
v -31.596300 70.129898 14.740900
v -29.392099 71.057098 5.045390
v -37.868397 75.980721 3.869926
v -29.392099 71.057098 5.045390
v -31.596300 70.129898 14.740900
v -15.956986 93.044998 10.012700
v -18.773748 90.162598 4.396710
v -15.972787 93.144699 5.022000
v -18.702690 90.014099 11.391417
v -18.773748 90.162598 4.396710
v -15.956986 93.044998 10.012700
v -18.702690 90.014099 11.391417
v -24.892700 81.315598 5.740460
v -18.773748 90.162598 4.396710
v -33.490501 83.468399 11.170900
v -31.917400 82.894203 4.783680
v -37.868397 75.980721 3.869926
v -31.917400 82.894203 4.783680
v -33.490501 83.468399 11.170900
v -25.642323 95.611542 6.155740
v 11.500100 98.598297 13.251100
v 12.119200 99.656601 3.462730
v 14.948815 93.144699 5.022000
v 14.932916 93.044998 10.012700
v 11.500100 98.598297 13.251100
v 14.948815 93.144699 5.022000
v -12.531400 98.598297 13.251100
v -15.972787 93.144699 5.022000
v -13.150400 99.096497 3.462730
v -15.956986 93.044998 10.012700
v -15.972787 93.144699 5.022000
v -12.531400 98.598297 13.251100
v -37.868397 75.980721 3.869926
v -37.868397 75.980721 3.869926
v -33.490501 83.468399 11.170900
v -33.490501 83.468399 11.170900
v -37.868397 75.980721 3.869926
v -31.596300 70.129898 14.740900
vn 0.050066 0.039904 -0.997948
vn -0.688409 -0.119293 -0.715445
vn -0.279736 -0.605584 -0.744994
vn 0.704341 -0.080439 -0.705290
vn 0.050066 0.039904 -0.997948
vn 0.543209 0.044527 -0.838416
vn 0.383174 0.179174 -0.906131
vn -0.341077 -0.488934 -0.802876
vn -0.894888 -0.438304 0.084049
vn -0.341077 -0.488934 -0.802876
vn 0.383174 0.179174 -0.906131
vn 0.990728 0.088944 -0.102701
vn 0.946219 0.321626 0.035031
vn 0.990728 0.088944 -0.102701
vn 0.383174 0.179174 -0.906131
vn -0.779969 0.176175 -0.600509
vn -0.272060 0.774601 -0.570944
vn 0.670992 0.734320 -0.102684
vn -0.779969 0.176175 -0.600509
vn 0.670992 0.734320 -0.102684
vn 0.383174 0.179174 -0.906131
vn 0.383174 0.179174 -0.906131
vn 0.670992 0.734320 -0.102684
vn 0.946219 0.321626 0.035031
vn -0.272060 0.774601 -0.570944
vn 0.622137 0.690343 0.369286
vn 0.670992 0.734320 -0.102684
vn -0.894888 -0.438304 0.084049
vn -0.779969 0.176175 -0.600509
vn 0.383174 0.179174 -0.906131
vn -0.396141 -0.800511 -0.449727
vn 0.543209 0.044527 -0.838416
vn 0.622137 0.690343 0.369286
vn 0.543209 0.044527 -0.838416
vn 0.946907 0.297190 0.122664
vn 0.622137 0.690343 0.369286
vn 0.162731 -0.618748 -0.768550
vn -0.903903 -0.149746 -0.400668
vn -0.536967 0.132452 -0.833140
vn -0.536967 0.132452 -0.833140
vn 0.896311 -0.414238 0.158220
vn 0.162731 -0.618748 -0.768550
vn 0.896311 -0.414238 0.158220
vn -0.536967 0.132452 -0.833140
vn 0.779416 0.176213 -0.601215
vn 0.779416 0.176213 -0.601215
vn -0.536967 0.132452 -0.833140
vn -0.593709 0.771911 -0.227294
vn 0.779416 0.176213 -0.601215
vn -0.593709 0.771911 -0.227294
vn 0.244847 0.741760 -0.624374
vn 0.244847 0.741760 -0.624374
vn -0.593709 0.771911 -0.227294
vn -0.727104 0.569894 0.382805
vn -0.279736 -0.605584 -0.744994
vn -0.727104 0.569894 0.382805
vn -0.947654 -0.300958 0.106658
vn 0.385922 -0.824395 -0.414050
vn -0.727104 0.569894 0.382805
vn -0.279736 -0.605584 -0.744994
vn 0.011104 -0.139206 -0.990201
vn -0.688409 -0.119293 -0.715445
vn 0.050066 0.039904 -0.997948
vn 0.704341 -0.080439 -0.705290
vn 0.011104 -0.139206 -0.990201
vn 0.050066 0.039904 -0.997948
vn -0.688409 -0.119293 -0.715445
vn -0.123349 -0.984465 -0.124957
vn -0.279736 -0.605584 -0.744994
vn 0.970461 -0.235437 0.052678
vn 0.704341 -0.080439 -0.705290
vn 0.543209 0.044527 -0.838416
vn -0.894888 -0.438304 0.084049
vn -0.341077 -0.488934 -0.802876
vn -0.465104 -0.884439 -0.038033
vn 0.990728 0.088944 -0.102701
vn -0.465104 -0.884439 -0.038033
vn -0.341077 -0.488934 -0.802876
vn -0.950863 0.236724 0.199554
vn -0.779969 0.176175 -0.600509
vn -0.894888 -0.438304 0.084049
vn -0.950863 0.236724 0.199554
vn -0.272060 0.774601 -0.570944
vn -0.779969 0.176175 -0.600509
vn -0.950863 0.236724 0.199554
vn -0.962599 -0.039164 0.268086
vn -0.272060 0.774601 -0.570944
vn 0.896311 -0.414238 0.158220
vn 0.515979 -0.838158 -0.176795
vn 0.162731 -0.618748 -0.768550
vn -0.903903 -0.149746 -0.400668
vn 0.162731 -0.618748 -0.768550
vn 0.515979 -0.838158 -0.176795
vn 0.940488 0.248927 0.231339
vn 0.779416 0.176213 -0.601215
vn 0.244847 0.741760 -0.624374
vn 0.940488 0.248927 0.231339
vn 0.244847 0.741760 -0.624374
vn 0.787150 0.606678 0.111070
vn 0.940488 0.248927 0.231339
vn 0.896311 -0.414238 0.158220
vn 0.779416 0.176213 -0.601215
vn -0.901148 0.431811 -0.038373
vn -0.536967 0.132452 -0.833140
vn -0.903903 -0.149746 -0.400668
vn -0.536967 0.132452 -0.833140
vn -0.901148 0.431811 -0.038373
vn -0.593709 0.771911 -0.227294
vn -0.962599 -0.039164 0.268086
vn 0.543209 0.044527 -0.838416
vn -0.396141 -0.800511 -0.449727
vn -0.962599 -0.039164 0.268086
vn 0.970461 -0.235437 0.052678
vn 0.543209 0.044527 -0.838416
vn 0.745332 -0.621555 0.241143
vn 0.385922 -0.824395 -0.414050
vn -0.279736 -0.605584 -0.744994
vn 0.745332 -0.621555 0.241143
vn -0.279736 -0.605584 -0.744994
vn -0.123349 -0.984465 -0.124957
vn -0.688409 -0.119293 -0.715445
vn -0.349830 0.252089 0.902258
vn 0.101182 -0.819476 0.564112
vn 0.101182 -0.819476 0.564112
vn -0.349830 0.252089 0.902258
vn 0.009203 -0.219788 0.975504
vn 0.373904 -0.267022 0.888198
vn 0.009203 -0.219788 0.975504
vn 0.353442 0.260326 0.898504
vn 0.373904 -0.267022 0.888198
vn 0.353442 0.260326 0.898504
vn 0.704341 -0.080439 -0.705290
vn 0.387251 0.084136 0.918127
vn -0.894888 -0.438304 0.084049
vn -0.237144 -0.610607 0.755593
vn -0.237144 -0.610607 0.755593
vn 0.990728 0.088944 -0.102701
vn 0.387251 0.084136 0.918127
vn 0.946219 0.321626 0.035031
vn 0.387251 0.084136 0.918127
vn 0.990728 0.088944 -0.102701
vn 0.946219 0.321626 0.035031
vn 0.670992 0.734320 -0.102684
vn 0.387251 0.084136 0.918127
vn 0.670992 0.734320 -0.102684
vn 0.622137 0.690343 0.369286
vn -0.481852 0.137964 0.865323
vn 0.670992 0.734320 -0.102684
vn -0.481852 0.137964 0.865323
vn 0.387251 0.084136 0.918127
vn 0.387251 0.084136 0.918127
vn -0.481852 0.137964 0.865323
vn -0.894888 -0.438304 0.084049
vn 0.622137 0.690343 0.369286
vn -0.627530 -0.026170 0.778152
vn -0.481852 0.137964 0.865323
vn 0.622137 0.690343 0.369286
vn 0.946907 0.297190 0.122664
vn 0.373904 -0.267022 0.888198
vn 0.622137 0.690343 0.369286
vn 0.373904 -0.267022 0.888198
vn -0.627530 -0.026170 0.778152
vn -0.495840 0.362447 0.789161
vn 0.599319 -0.619129 0.507441
vn 0.896311 -0.414238 0.158220
vn -0.495840 0.362447 0.789161
vn 0.896311 -0.414238 0.158220
vn 0.420291 0.141324 0.896316
vn -0.593709 0.771911 -0.227294
vn -0.495840 0.362447 0.789161
vn 0.420291 0.141324 0.896316
vn -0.593709 0.771911 -0.227294
vn 0.420291 0.141324 0.896316
vn -0.727104 0.569894 0.382805
vn -0.727104 0.569894 0.382805
vn 0.420291 0.141324 0.896316
vn 0.657843 -0.046033 0.751747
vn -0.947654 -0.300958 0.106658
vn -0.727104 0.569894 0.382805
vn 0.101182 -0.819476 0.564112
vn -0.727104 0.569894 0.382805
vn 0.657843 -0.046033 0.751747
vn 0.101182 -0.819476 0.564112
vn -0.349830 0.252089 0.902258
vn 0.001929 0.273689 0.961816
vn 0.009203 -0.219788 0.975504
vn 0.001929 0.273689 0.961816
vn 0.353442 0.260326 0.898504
vn 0.009203 -0.219788 0.975504
vn -0.688409 -0.119293 -0.715445
vn 0.101182 -0.819476 0.564112
vn -0.123349 -0.984465 -0.124957
vn 0.373904 -0.267022 0.888198
vn 0.704341 -0.080439 -0.705290
vn 0.970461 -0.235437 0.052678
vn -0.894888 -0.438304 0.084049
vn -0.465104 -0.884439 -0.038033
vn -0.237144 -0.610607 0.755593
vn 0.990728 0.088944 -0.102701
vn -0.237144 -0.610607 0.755593
vn -0.465104 -0.884439 -0.038033
vn -0.627530 -0.026170 0.778152
vn -0.962599 -0.039164 0.268086
vn -0.950863 0.236724 0.199554
vn -0.481852 0.137964 0.865323
vn -0.627530 -0.026170 0.778152
vn -0.950863 0.236724 0.199554
vn -0.481852 0.137964 0.865323
vn -0.950863 0.236724 0.199554
vn -0.894888 -0.438304 0.084049
vn 0.896311 -0.414238 0.158220
vn 0.599319 -0.619129 0.507441
vn 0.515979 -0.838158 -0.176795
vn -0.903903 -0.149746 -0.400668
vn 0.515979 -0.838158 -0.176795
vn 0.599319 -0.619129 0.507441
vn 0.657843 -0.046033 0.751747
vn 0.940488 0.248927 0.231339
vn 0.787150 0.606678 0.111070
vn 0.420291 0.141324 0.896316
vn 0.940488 0.248927 0.231339
vn 0.657843 -0.046033 0.751747
vn 0.420291 0.141324 0.896316
vn 0.896311 -0.414238 0.158220
vn 0.940488 0.248927 0.231339
vn -0.495840 0.362447 0.789161
vn -0.901148 0.431811 -0.038373
vn -0.903903 -0.149746 -0.400668
vn -0.901148 0.431811 -0.038373
vn -0.495840 0.362447 0.789161
vn -0.593709 0.771911 -0.227294
vn 0.373904 -0.267022 0.888198
vn 0.970461 -0.235437 0.052678
vn -0.962599 -0.039164 0.268086
vn -0.627530 -0.026170 0.778152
vn 0.373904 -0.267022 0.888198
vn -0.962599 -0.039164 0.268086
vn 0.101182 -0.819476 0.564112
vn 0.745332 -0.621555 0.241143
vn -0.123349 -0.984465 -0.124957
vn 0.657843 -0.046033 0.751747
vn 0.745332 -0.621555 0.241143
vn 0.101182 -0.819476 0.564112
vn -0.495840 0.362447 0.789161
vn 0.599319 -0.619129 0.507441
vn -0.495840 0.362447 0.789161
vn -0.495840 0.362447 0.789161
vn 0.599319 -0.619129 0.507441
vn 0.599319 -0.619129 0.507441
vt 0.836057 0.897996
vt 0.966863 0.968214
vt 0.835684 0.970766
vt 0.966863 0.968214
vt 0.836057 0.897996
vt 0.835684 0.970766
vt 0.040951 0.397563
vt 0.076871 0.321764
vt 0.084402 0.403773
vt 0.076871 0.321764
vt 0.040951 0.397563
vt 0.025263 0.297092
vt 0.006185 0.392854
vt 0.025263 0.297092
vt 0.040951 0.397563
vt 0.064832 0.466783
vt 0.067494 0.480965
vt -0.000472 0.449647
vt 0.064832 0.466783
vt -0.000472 0.449647
vt 0.040951 0.397563
vt 0.040951 0.397563
vt -0.000472 0.449647
vt 0.006185 0.392854
vt 0.067494 0.480965
vt 0.000060 0.470442
vt -0.000472 0.449647
vt 0.084402 0.403773
vt 0.064832 0.466783
vt 0.040951 0.397563
vt 0.067494 0.480965
vt 0.112062 0.569605
vt 0.000060 0.470442
vt 0.112062 0.569605
vt 0.029822 0.603595
vt 0.000060 0.470442
vt 0.076871 0.321764
vt 0.025249 0.297098
vt 0.040951 0.397563
vt 0.040951 0.397563
vt 0.084402 0.403773
vt 0.076871 0.321764
vt 0.084402 0.403773
vt 0.040951 0.397563
vt 0.064832 0.466783
vt 0.064832 0.466783
vt 0.040951 0.397563
vt -0.000472 0.449647
vt 0.064832 0.466783
vt -0.000472 0.449647
vt 0.067494 0.480965
vt 0.067494 0.480965
vt -0.000472 0.449647
vt 0.000060 0.470442
vt 0.112062 0.569605
vt 0.000060 0.470442
vt 0.029822 0.603595
vt 0.067494 0.480965
vt 0.000060 0.470442
vt 0.112062 0.569605
vt 0.985851 0.870895
vt 0.966863 0.968214
vt 0.836057 0.897996
vt 0.966863 0.968214
vt 0.985851 0.870895
vt 0.836057 0.897996
vt 0.966863 0.968214
vt 0.836280 0.965210
vt 0.835684 0.970766
vt 0.836280 0.965210
vt 0.966863 0.968214
vt 0.835684 0.970766
vt 0.084402 0.403773
vt 0.076871 0.321764
vt 0.092044 0.313065
vt 0.025263 0.297092
vt 0.092044 0.313065
vt 0.076871 0.321764
vt 0.088279 0.464403
vt 0.064832 0.466783
vt 0.084402 0.403773
vt 0.088279 0.464403
vt 0.067494 0.480965
vt 0.064832 0.466783
vt 0.088279 0.464403
vt 0.092629 0.479179
vt 0.067494 0.480965
vt 0.084402 0.403773
vt 0.092044 0.313065
vt 0.076871 0.321764
vt 0.025249 0.297098
vt 0.076871 0.321764
vt 0.092044 0.313065
vt 0.088279 0.464403
vt 0.064832 0.466783
vt 0.067494 0.480965
vt 0.088279 0.464403
vt 0.067494 0.480965
vt 0.092629 0.479179
vt 0.088279 0.464403
vt 0.084402 0.403773
vt 0.064832 0.466783
vt 0.006185 0.392854
vt 0.040951 0.397563
vt 0.025249 0.297098
vt 0.040951 0.397563
vt 0.006185 0.392854
vt -0.000472 0.449647
vt 0.092629 0.479179
vt 0.112062 0.569605
vt 0.067494 0.480965
vt 0.092629 0.479179
vt 0.087171 0.539081
vt 0.112062 0.569605
vt 0.092629 0.479179
vt 0.067494 0.480965
vt 0.112062 0.569605
vt 0.092629 0.479179
vt 0.112062 0.569605
vt 0.087171 0.539081
vt 0.966863 0.968214
vt 0.986394 0.896071
vt 0.835684 0.970766
vt 0.835684 0.970766
vt 0.986394 0.896071
vt 0.836057 0.897996
vt 0.835684 0.970766
vt 0.836057 0.897996
vt 0.986395 0.896106
vt 0.835684 0.970766
vt 0.986395 0.896106
vt 0.966863 0.968214
vt 0.040951 0.397563
vt 0.084402 0.403773
vt 0.076871 0.321764
vt 0.076871 0.321764
vt 0.024451 0.297092
vt 0.040951 0.397563
vt 0.006185 0.392854
vt 0.040951 0.397563
vt 0.024451 0.297092
vt 0.006185 0.392854
vt -0.000472 0.449647
vt 0.040951 0.397563
vt -0.000472 0.449647
vt 0.000060 0.470442
vt 0.064832 0.466783
vt -0.000472 0.449647
vt 0.064832 0.466783
vt 0.040951 0.397563
vt 0.040951 0.397563
vt 0.064832 0.466783
vt 0.084402 0.403773
vt 0.000060 0.470442
vt 0.067494 0.480965
vt 0.064832 0.466783
vt 0.000060 0.470442
vt 0.029822 0.603595
vt 0.112062 0.569605
vt 0.000060 0.470442
vt 0.112062 0.569605
vt 0.067494 0.480965
vt 0.040951 0.397563
vt 0.076871 0.321764
vt 0.084402 0.403773
vt 0.040951 0.397563
vt 0.084402 0.403773
vt 0.064832 0.466783
vt -0.000472 0.449647
vt 0.040951 0.397563
vt 0.064832 0.466783
vt -0.000472 0.449647
vt 0.064832 0.466783
vt 0.000060 0.470442
vt 0.000060 0.470442
vt 0.064832 0.466783
vt 0.067494 0.480965
vt 0.029822 0.603595
vt 0.000060 0.470442
vt 0.112062 0.569605
vt 0.000060 0.470442
vt 0.067494 0.480965
vt 0.112062 0.569605
vt 0.986394 0.896071
vt 0.985851 0.870895
vt 0.836057 0.897996
vt 0.985851 0.870895
vt 0.986395 0.896106
vt 0.836057 0.897996
vt 0.966863 0.968214
vt 0.835684 0.970766
vt 0.836280 0.965210
vt 0.835684 0.970766
vt 0.966863 0.968214
vt 0.836280 0.965210
vt 0.084402 0.403773
vt 0.092044 0.313065
vt 0.076871 0.321764
vt 0.024451 0.297092
vt 0.076871 0.321764
vt 0.092044 0.313065
vt 0.067494 0.480965
vt 0.092629 0.479179
vt 0.088279 0.464403
vt 0.064832 0.466783
vt 0.067494 0.480965
vt 0.088279 0.464403
vt 0.064832 0.466783
vt 0.088279 0.464403
vt 0.084402 0.403773
vt 0.084402 0.403773
vt 0.076871 0.321764
vt 0.092044 0.313065
vt 0.024465 0.297098
vt 0.092044 0.313065
vt 0.076871 0.321764
vt 0.067494 0.480965
vt 0.088279 0.464403
vt 0.092629 0.479179
vt 0.064832 0.466783
vt 0.088279 0.464403
vt 0.067494 0.480965
vt 0.064832 0.466783
vt 0.084402 0.403773
vt 0.088279 0.464403
vt 0.040951 0.397563
vt 0.006185 0.392854
vt 0.024465 0.297098
vt 0.006185 0.392854
vt 0.040951 0.397563
vt -0.000472 0.449647
vt 0.112062 0.569605
vt 0.087171 0.539081
vt 0.092629 0.479179
vt 0.067494 0.480965
vt 0.112062 0.569605
vt 0.092629 0.479179
vt 0.112062 0.569605
vt 0.092629 0.479179
vt 0.087171 0.539081
vt 0.067494 0.480965
vt 0.092629 0.479179
vt 0.112062 0.569605
vt 0.025279 0.297071
vt 0.025279 0.297071
vt 0.040951 0.397563
vt 0.040951 0.397563
vt 0.025279 0.297071
vt 0.076871 0.321764
f 1837/1837/1837 1838/1838/1838 1839/1839/1839
f 1840/1840/1840 1841/1841/1841 1842/1842/1842
f 1843/1843/1843 1844/1844/1844 1845/1845/1845
f 1846/1846/1846 1847/1847/1847 1848/1848/1848
f 1849/1849/1849 1850/1850/1850 1851/1851/1851
f 1852/1852/1852 1853/1853/1853 1854/1854/1854
f 1855/1855/1855 1856/1856/1856 1857/1857/1857
f 1858/1858/1858 1859/1859/1859 1860/1860/1860
f 1861/1861/1861 1862/1862/1862 1863/1863/1863
f 1864/1864/1864 1865/1865/1865 1866/1866/1866
f 1867/1867/1867 1868/1868/1868 1869/1869/1869
f 1870/1870/1870 1871/1871/1871 1872/1872/1872
f 1873/1873/1873 1874/1874/1874 1875/1875/1875
f 1876/1876/1876 1877/1877/1877 1878/1878/1878
f 1879/1879/1879 1880/1880/1880 1881/1881/1881
f 1882/1882/1882 1883/1883/1883 1884/1884/1884
f 1885/1885/1885 1886/1886/1886 1887/1887/1887
f 1888/1888/1888 1889/1889/1889 1890/1890/1890
f 1891/1891/1891 1892/1892/1892 1893/1893/1893
f 1894/1894/1894 1895/1895/1895 1896/1896/1896
f 1897/1897/1897 1898/1898/1898 1899/1899/1899
f 1900/1900/1900 1901/1901/1901 1902/1902/1902
f 1903/1903/1903 1904/1904/1904 1905/1905/1905
f 1906/1906/1906 1907/1907/1907 1908/1908/1908
f 1909/1909/1909 1910/1910/1910 1911/1911/1911
f 1912/1912/1912 1913/1913/1913 1914/1914/1914
f 1915/1915/1915 1916/1916/1916 1917/1917/1917
f 1918/1918/1918 1919/1919/1919 1920/1920/1920
f 1921/1921/1921 1922/1922/1922 1923/1923/1923
f 1924/1924/1924 1925/1925/1925 1926/1926/1926
f 1927/1927/1927 1928/1928/1928 1929/1929/1929
f 1930/1930/1930 1931/1931/1931 1932/1932/1932
f 1933/1933/1933 1934/1934/1934 1935/1935/1935
f 1936/1936/1936 1937/1937/1937 1938/1938/1938
f 1939/1939/1939 1940/1940/1940 1941/1941/1941
f 1942/1942/1942 1943/1943/1943 1944/1944/1944
f 1945/1945/1945 1946/1946/1946 1947/1947/1947
f 1948/1948/1948 1949/1949/1949 1950/1950/1950
f 1951/1951/1951 1952/1952/1952 1953/1953/1953
f 1954/1954/1954 1955/1955/1955 1956/1956/1956
f 1957/1957/1957 1958/1958/1958 1959/1959/1959
f 1960/1960/1960 1961/1961/1961 1962/1962/1962
f 1963/1963/1963 1964/1964/1964 1965/1965/1965
f 1966/1966/1966 1967/1967/1967 1968/1968/1968
f 1969/1969/1969 1970/1970/1970 1971/1971/1971
f 1972/1972/1972 1973/1973/1973 1974/1974/1974
f 1975/1975/1975 1976/1976/1976 1977/1977/1977
f 1978/1978/1978 1979/1979/1979 1980/1980/1980
f 1981/1981/1981 1982/1982/1982 1983/1983/1983
f 1984/1984/1984 1985/1985/1985 1986/1986/1986
f 1987/1987/1987 1988/1988/1988 1989/1989/1989
f 1990/1990/1990 1991/1991/1991 1992/1992/1992
f 1993/1993/1993 1994/1994/1994 1995/1995/1995
f 1996/1996/1996 1997/1997/1997 1998/1998/1998
f 1999/1999/1999 2000/2000/2000 2001/2001/2001
f 2002/2002/2002 2003/2003/2003 2004/2004/2004
f 2005/2005/2005 2006/2006/2006 2007/2007/2007
f 2008/2008/2008 2009/2009/2009 2010/2010/2010
f 2011/2011/2011 2012/2012/2012 2013/2013/2013
f 2014/2014/2014 2015/2015/2015 2016/2016/2016
f 2017/2017/2017 2018/2018/2018 2019/2019/2019
f 2020/2020/2020 2021/2021/2021 2022/2022/2022
f 2023/2023/2023 2024/2024/2024 2025/2025/2025
f 2026/2026/2026 2027/2027/2027 2028/2028/2028
f 2029/2029/2029 2030/2030/2030 2031/2031/2031
f 2032/2032/2032 2033/2033/2033 2034/2034/2034
f 2035/2035/2035 2036/2036/2036 2037/2037/2037
f 2038/2038/2038 2039/2039/2039 2040/2040/2040
f 2041/2041/2041 2042/2042/2042 2043/2043/2043
f 2044/2044/2044 2045/2045/2045 2046/2046/2046
f 2047/2047/2047 2048/2048/2048 2049/2049/2049
f 2050/2050/2050 2051/2051/2051 2052/2052/2052
f 2053/2053/2053 2054/2054/2054 2055/2055/2055
f 2056/2056/2056 2057/2057/2057 2058/2058/2058
f 2059/2059/2059 2060/2060/2060 2061/2061/2061
f 2062/2062/2062 2063/2063/2063 2064/2064/2064
f 2065/2065/2065 2066/2066/2066 2067/2067/2067
f 2068/2068/2068 2069/2069/2069 2070/2070/2070
f 2071/2071/2071 2072/2072/2072 2073/2073/2073
f 2074/2074/2074 2075/2075/2075 2076/2076/2076
f 2077/2077/2077 2078/2078/2078 2079/2079/2079
f 2080/2080/2080 2081/2081/2081 2082/2082/2082
f 2083/2083/2083 2084/2084/2084 2085/2085/2085
o Geoset_14
g Geoset_14
v -0.187460 110.387001 -2.878980
v -0.192640 100.403999 -9.789910
v -13.769500 99.594803 -6.325630
v -10.099700 108.163002 -0.098400
v -0.187460 110.387001 -2.878980
v -13.769500 99.594803 -6.325630
v -5.555630 110.446999 -0.693880
v -0.187460 110.387001 -2.878980
v -10.099700 108.163002 -0.098400
v -9.921120 110.656998 8.266980
v -5.555630 110.446999 -0.693880
v -10.099700 108.163002 -0.098400
v 12.738200 100.714996 -6.325630
v -0.192640 100.403999 -9.789910
v 9.330410 108.302002 -1.533390
v 9.330410 108.302002 -1.533390
v -0.192640 100.403999 -9.789910
v -0.187460 110.387001 -2.878980
v -0.187460 110.387001 -2.878980
v 5.350090 110.453003 -0.420050
v 9.330410 108.302002 -1.533390
v 5.350090 110.453003 -0.420050
v 9.417220 110.656998 8.266980
v 9.330410 108.302002 -1.533390
v 9.330410 108.302002 -1.533390
v 9.417220 110.656998 8.266980
v 13.280566 104.960159 1.955474
v 13.280566 104.960159 1.955474
v 9.417220 110.656998 8.266980
v 14.596432 107.819443 6.142380
v 13.280566 104.960159 1.955474
v 14.596432 107.819443 6.142380
v 15.779664 103.473999 6.085720
v 12.738200 100.714996 -6.325630
v 13.280566 104.960159 1.955474
v 15.779664 103.473999 6.085720
v 12.738200 100.714996 -6.325630
v 9.330410 108.302002 -1.533390
v 13.280566 104.960159 1.955474
v -10.099700 108.163002 -0.098400
v -13.910853 105.464745 2.508990
v -9.921120 110.656998 8.266980
v -13.910853 105.464745 2.508990
v -15.113839 107.976738 6.142380
v -9.921120 110.656998 8.266980
v -13.910853 105.464745 2.508990
v -17.266289 103.473999 6.085720
v -15.113839 107.976738 6.142380
v -13.769500 99.594803 -6.325630
v -17.266289 103.473999 6.085720
v -13.910853 105.464745 2.508990
v -13.769500 99.594803 -6.325630
v -13.910853 105.464745 2.508990
v -10.099700 108.163002 -0.098400
v -0.190300 103.945999 18.367701
v -0.190320 96.657600 19.493601
v 11.500100 98.598297 13.251100
v -12.531400 98.598297 13.251100
v -0.190320 96.657600 19.493601
v -0.190300 103.945999 18.367701
v -9.921120 110.656998 8.266980
v -12.531400 98.598297 13.251100
v -0.190300 103.945999 18.367701
v -0.190300 103.945999 18.367701
v 11.500100 98.598297 13.251100
v 9.417220 110.656998 8.266980
v -0.190300 103.945999 18.367701
v 9.417220 110.656998 8.266980
v -0.192720 106.004997 14.769000
v -0.190300 103.945999 18.367701
v -0.192720 106.004997 14.769000
v -9.921120 110.656998 8.266980
v -6.002990 110.842003 9.036250
v -9.921120 110.656998 8.266980
v -0.192720 106.004997 14.769000
v 5.617520 110.842003 9.036250
v -0.192720 106.004997 14.769000
v 9.417220 110.656998 8.266980
v 14.596432 107.819443 6.142380
v 13.317231 105.058197 9.562860
v 15.779664 103.473999 6.085720
v 13.317231 105.058197 9.562860
v 11.500100 98.598297 13.251100
v 15.779664 103.473999 6.085720
v 9.417220 110.656998 8.266980
v 11.500100 98.598297 13.251100
v 13.317231 105.058197 9.562860
v 9.417220 110.656998 8.266980
v 13.317231 105.058197 9.562860
v 14.596432 107.819443 6.142380
v -15.113839 107.976738 6.142380
v -17.266289 103.473999 6.085720
v -13.877253 105.431038 7.413443
v -13.877253 105.431038 7.413443
v -17.266289 103.473999 6.085720
v -12.531400 98.598297 13.251100
v -9.921120 110.656998 8.266980
v -13.877253 105.431038 7.413443
v -12.531400 98.598297 13.251100
v -9.921120 110.656998 8.266980
v -15.113839 107.976738 6.142380
v -13.877253 105.431038 7.413443
vn -0.038463 0.645345 -0.762922
vn 0.050066 0.039904 -0.997948
vn -0.279736 -0.605584 -0.744994
vn -0.396423 0.678860 -0.618060
vn -0.038463 0.645345 -0.762922
vn -0.279736 -0.605584 -0.744994
vn -0.450740 0.647526 -0.614446
vn -0.038463 0.645345 -0.762922
vn -0.396423 0.678860 -0.618060
vn -0.492933 0.762180 0.419641
vn -0.450740 0.647526 -0.614446
vn -0.396423 0.678860 -0.618060
vn 0.543209 0.044527 -0.838416
vn 0.050066 0.039904 -0.997948
vn 0.031164 0.777875 -0.627646
vn 0.031164 0.777875 -0.627646
vn 0.050066 0.039904 -0.997948
vn -0.038463 0.645345 -0.762922
vn -0.038463 0.645345 -0.762922
vn 0.437021 0.702227 -0.562041
vn 0.031164 0.777875 -0.627646
vn 0.437021 0.702227 -0.562041
vn 0.297728 0.858213 0.418126
vn 0.031164 0.777875 -0.627646
vn 0.031164 0.777875 -0.627646
vn 0.297728 0.858213 0.418126
vn 0.290895 0.766105 -0.573117
vn 0.290895 0.766105 -0.573117
vn 0.297728 0.858213 0.418126
vn 0.525640 0.817035 0.236975
vn 0.290895 0.766105 -0.573117
vn 0.525640 0.817035 0.236975
vn 0.946907 0.297190 0.122664
vn 0.543209 0.044527 -0.838416
vn 0.290895 0.766105 -0.573117
vn 0.946907 0.297190 0.122664
vn 0.543209 0.044527 -0.838416
vn 0.031164 0.777875 -0.627646
vn 0.290895 0.766105 -0.573117
vn -0.031164 0.777875 -0.627646
vn -0.290895 0.766105 -0.573117
vn -0.297728 0.858213 0.418126
vn -0.290895 0.766105 -0.573117
vn -0.525640 0.817035 0.236975
vn -0.297728 0.858213 0.418126
vn -0.290895 0.766105 -0.573117
vn -0.946907 0.297190 0.122664
vn -0.525640 0.817035 0.236975
vn -0.543209 0.044527 -0.838416
vn -0.946907 0.297190 0.122664
vn -0.290895 0.766105 -0.573117
vn -0.543209 0.044527 -0.838416
vn -0.290895 0.766105 -0.573117
vn -0.031164 0.777875 -0.627646
vn 0.007095 0.551084 0.834419
vn 0.009203 -0.219788 0.975504
vn 0.373904 -0.267022 0.888198
vn 0.101182 -0.819476 0.564112
vn 0.009203 -0.219788 0.975504
vn 0.007095 0.551084 0.834419
vn -0.492933 0.762180 0.419641
vn 0.101182 -0.819476 0.564112
vn 0.007095 0.551084 0.834419
vn 0.007095 0.551084 0.834419
vn 0.373904 -0.267022 0.888198
vn 0.297728 0.858213 0.418126
vn 0.007095 0.551084 0.834419
vn 0.297728 0.858213 0.418126
vn 0.001224 0.777894 0.628394
vn 0.007095 0.551084 0.834419
vn 0.001224 0.777894 0.628394
vn -0.492933 0.762180 0.419641
vn -0.560442 0.016706 0.828025
vn -0.492933 0.762180 0.419641
vn 0.001224 0.777894 0.628394
vn 0.562544 0.014314 0.826643
vn 0.001224 0.777894 0.628394
vn 0.297728 0.858213 0.418126
vn 0.525640 0.817035 0.236975
vn 0.337432 0.320267 0.885194
vn 0.946907 0.297190 0.122664
vn 0.337432 0.320267 0.885194
vn 0.373904 -0.267022 0.888198
vn 0.946907 0.297190 0.122664
vn 0.297728 0.858213 0.418126
vn 0.373904 -0.267022 0.888198
vn 0.337432 0.320267 0.885194
vn 0.297728 0.858213 0.418126
vn 0.337432 0.320267 0.885194
vn 0.525640 0.817035 0.236975
vn -0.525640 0.817035 0.236975
vn -0.946907 0.297190 0.122664
vn -0.337432 0.320267 0.885194
vn -0.337432 0.320267 0.885194
vn -0.946907 0.297190 0.122664
vn -0.373904 -0.267022 0.888198
vn -0.297728 0.858213 0.418126
vn -0.337432 0.320267 0.885194
vn -0.373904 -0.267022 0.888198
vn -0.297728 0.858213 0.418126
vn -0.525640 0.817035 0.236975
vn -0.337432 0.320267 0.885194
vt 0.729378 0.892746
vt 0.836057 0.897996
vt 0.835684 0.970766
vt 0.742111 0.971348
vt 0.729378 0.892746
vt 0.835684 0.970766
vt 0.726621 0.944369
vt 0.729378 0.892746
vt 0.742111 0.971348
vt 0.739502 0.969283
vt 0.726621 0.944369
vt 0.742111 0.971348
vt 0.835684 0.970766
vt 0.836057 0.897996
vt 0.742108 0.971349
vt 0.742108 0.971349
vt 0.836057 0.897996
vt 0.729378 0.892746
vt 0.729378 0.892746
vt 0.726621 0.944369
vt 0.742108 0.971349
vt 0.726621 0.944369
vt 0.739502 0.969283
vt 0.742108 0.971349
vt 0.726252 0.929766
vt 0.727607 0.920093
vt 0.781535 0.914114
vt 0.781535 0.914114
vt 0.727607 0.920093
vt 0.839433 0.913234
vt 0.781535 0.914114
vt 0.839433 0.913234
vt 0.727638 0.902484
vt 0.726632 0.912927
vt 0.781535 0.914114
vt 0.727638 0.902484
vt 0.726632 0.912927
vt 0.726252 0.929766
vt 0.781535 0.914114
vt 0.726249 0.929767
vt 0.781535 0.914114
vt 0.727607 0.920093
vt 0.781535 0.914114
vt 0.839433 0.913234
vt 0.727607 0.920093
vt 0.781535 0.914114
vt 0.727638 0.902484
vt 0.839433 0.913234
vt 0.726632 0.912927
vt 0.727638 0.902484
vt 0.781535 0.914114
vt 0.726632 0.912927
vt 0.781535 0.914114
vt 0.726249 0.929767
vt 0.740522 0.883772
vt 0.836057 0.897996
vt 0.835684 0.970766
vt 0.835684 0.970766
vt 0.836057 0.897996
vt 0.740522 0.883772
vt 0.739502 0.969283
vt 0.835684 0.970766
vt 0.740522 0.883772
vt 0.740522 0.883772
vt 0.835684 0.970766
vt 0.739502 0.969283
vt 0.740522 0.883772
vt 0.739502 0.969283
vt 0.729378 0.892746
vt 0.740522 0.883772
vt 0.729378 0.892746
vt 0.739502 0.969283
vt 0.729527 0.937741
vt 0.739502 0.969283
vt 0.729378 0.892746
vt 0.729527 0.937738
vt 0.729378 0.892746
vt 0.739502 0.969283
vt 0.839433 0.913234
vt 0.781535 0.914114
vt 0.727638 0.902484
vt 0.781535 0.914114
vt 0.726632 0.912927
vt 0.727638 0.902484
vt 0.727607 0.920093
vt 0.726632 0.912927
vt 0.781535 0.914114
vt 0.727607 0.920093
vt 0.781535 0.914114
vt 0.839433 0.913234
vt 0.839433 0.913234
vt 0.727638 0.902484
vt 0.781535 0.914114
vt 0.781535 0.914114
vt 0.727638 0.902484
vt 0.726632 0.912927
vt 0.727607 0.920093
vt 0.781535 0.914114
vt 0.726632 0.912927
vt 0.727607 0.920093
vt 0.839433 0.913234
vt 0.781535 0.914114
f 2086/2086/2086 2087/2087/2087 2088/2088/2088
f 2089/2089/2089 2090/2090/2090 2091/2091/2091
f 2092/2092/2092 2093/2093/2093 2094/2094/2094
f 2095/2095/2095 2096/2096/2096 2097/2097/2097
f 2098/2098/2098 2099/2099/2099 2100/2100/2100
f 2101/2101/2101 2102/2102/2102 2103/2103/2103
f 2104/2104/2104 2105/2105/2105 2106/2106/2106
f 2107/2107/2107 2108/2108/2108 2109/2109/2109
f 2110/2110/2110 2111/2111/2111 2112/2112/2112
f 2113/2113/2113 2114/2114/2114 2115/2115/2115
f 2116/2116/2116 2117/2117/2117 2118/2118/2118
f 2119/2119/2119 2120/2120/2120 2121/2121/2121
f 2122/2122/2122 2123/2123/2123 2124/2124/2124
f 2125/2125/2125 2126/2126/2126 2127/2127/2127
f 2128/2128/2128 2129/2129/2129 2130/2130/2130
f 2131/2131/2131 2132/2132/2132 2133/2133/2133
f 2134/2134/2134 2135/2135/2135 2136/2136/2136
f 2137/2137/2137 2138/2138/2138 2139/2139/2139
f 2140/2140/2140 2141/2141/2141 2142/2142/2142
f 2143/2143/2143 2144/2144/2144 2145/2145/2145
f 2146/2146/2146 2147/2147/2147 2148/2148/2148
f 2149/2149/2149 2150/2150/2150 2151/2151/2151
f 2152/2152/2152 2153/2153/2153 2154/2154/2154
f 2155/2155/2155 2156/2156/2156 2157/2157/2157
f 2158/2158/2158 2159/2159/2159 2160/2160/2160
f 2161/2161/2161 2162/2162/2162 2163/2163/2163
f 2164/2164/2164 2165/2165/2165 2166/2166/2166
f 2167/2167/2167 2168/2168/2168 2169/2169/2169
f 2170/2170/2170 2171/2171/2171 2172/2172/2172
f 2173/2173/2173 2174/2174/2174 2175/2175/2175
f 2176/2176/2176 2177/2177/2177 2178/2178/2178
f 2179/2179/2179 2180/2180/2180 2181/2181/2181
f 2182/2182/2182 2183/2183/2183 2184/2184/2184
f 2185/2185/2185 2186/2186/2186 2187/2187/2187
o Geoset_15
g Geoset_15
v -25.062763 108.686050 14.772455
v -27.056971 110.445427 11.004126
v -24.935291 106.770020 13.092710
v -27.056971 110.445427 11.004126
v -28.097332 112.143066 4.903564
v -24.935291 106.770020 13.092710
v -27.659159 109.564880 4.819782
v -24.935291 106.770020 13.092710
v -28.097332 112.143066 4.903564
v -28.097332 112.143066 4.903564
v -26.781216 109.438957 -1.041120
v -27.659159 109.564880 4.819782
v -26.781216 109.438957 -1.041120
v -25.253332 106.985191 -4.809714
v -27.659159 109.564880 4.819782
v -13.078668 110.062553 14.130888
v -27.056971 110.445427 11.004126
v -25.062763 108.686050 14.772455
v -25.062763 108.686050 14.772455
v -15.595532 100.371078 18.060633
v -13.078668 110.062553 14.130888
v -9.670412 99.782333 18.095726
v -13.078668 110.062553 14.130888
v -15.595532 100.371078 18.060633
v -9.670412 99.782333 18.095726
v -15.595532 100.371078 18.060633
v -9.591302 98.445656 15.705628
v -13.078668 110.062553 14.130888
v -9.670412 99.782333 18.095726
v -10.389192 111.766312 17.905422
v -13.078668 110.062553 14.130888
v -14.310779 114.153801 3.956025
v -27.056971 110.445427 11.004126
v -11.679604 119.032211 13.997651
v -14.310779 114.153801 3.956025
v -13.078668 110.062553 14.130888
v -13.078668 110.062553 14.130888
v -10.389192 111.766312 17.905422
v -11.679604 119.032211 13.997651
v -14.310779 114.153801 3.956025
v -11.840952 121.788025 10.306061
v -12.020585 123.432442 3.859609
v -14.310779 114.153801 3.956025
v -11.679604 119.032211 13.997651
v -11.840952 121.788025 10.306061
v -12.020585 123.432442 3.859609
v -11.791757 121.003967 -1.299389
v -14.310779 114.153801 3.956025
v -11.791757 121.003967 -1.299389
v -11.761991 117.863724 -5.027922
v -14.310779 114.153801 3.956025
v -14.677294 108.937569 -5.150511
v -14.310779 114.153801 3.956025
v -11.761991 117.863724 -5.027922
v -9.819130 112.299339 4.341532
v -9.659660 108.862251 11.037042
v -27.659159 109.564880 4.819782
v -27.659159 109.564880 4.819782
v -25.066801 105.716835 -3.171910
v -9.819130 112.299339 4.341532
v -25.066801 105.716835 -3.171910
v -27.659159 109.564880 4.819782
v -25.253332 106.985191 -4.809714
v -25.253332 106.985191 -4.809714
v -18.007858 99.264145 -8.517183
v -25.066801 105.716835 -3.171910
v -25.253332 106.985191 -4.809714
v -18.007858 99.264145 -8.517183
v -25.253332 106.985191 -4.809714
v -14.677294 108.937569 -5.150511
v -18.007858 99.264145 -8.517183
v -25.253332 106.985191 -4.809714
v -25.253332 106.985191 -4.809714
v -26.781216 109.438957 -1.041120
v -14.677294 108.937569 -5.150511
v -26.781216 109.438957 -1.041120
v -14.310779 114.153801 3.956025
v -14.677294 108.937569 -5.150511
v -14.310779 114.153801 3.956025
v -26.781216 109.438957 -1.041120
v -28.097332 112.143066 4.903564
v -28.097332 112.143066 4.903564
v -27.056971 110.445427 11.004126
v -14.310779 114.153801 3.956025
v -18.354790 98.036606 -6.278514
v -25.066801 105.716835 -3.171910
v -18.007858 99.264145 -8.517183
v -10.679235 108.126076 -1.563770
v -9.819130 112.299339 4.341532
v -25.066801 105.716835 -3.171910
v -25.066801 105.716835 -3.171910
v -18.354790 98.036606 -6.278514
v -10.679235 108.126076 -1.563770
v -11.770281 97.828712 -6.441021
v -10.679235 108.126076 -1.563770
v -18.354790 98.036606 -6.278514
v -18.354790 98.036606 -6.278514
v -18.007858 99.264145 -8.517183
v -11.770281 97.828712 -6.441021
v -11.547230 99.115608 -8.626916
v -11.770281 97.828712 -6.441021
v -18.007858 99.264145 -8.517183
v -18.007858 99.264145 -8.517183
v -14.677294 108.937569 -5.150511
v -11.547230 99.115608 -8.626916
v -12.071496 112.033073 -7.562325
v -11.547230 99.115608 -8.626916
v -14.677294 108.937569 -5.150511
v -11.761991 117.863724 -5.027922
v -12.071496 112.033073 -7.562325
v -14.677294 108.937569 -5.150511
v -25.062763 108.686050 14.772455
v -15.595532 100.371078 18.060633
v -25.062763 108.686050 14.772455
v -15.595532 100.371078 18.060633
v -25.062763 108.686050 14.772455
v -16.007324 98.921547 15.748836
v -16.007324 98.921547 15.748836
v -9.591302 98.445656 15.705628
v -15.595532 100.371078 18.060633
v -16.007324 98.921547 15.748836
v -24.935291 106.770020 13.092710
v -9.591302 98.445656 15.705628
v -9.659660 108.862251 11.037042
v -9.591302 98.445656 15.705628
v -24.935291 106.770020 13.092710
v -24.935291 106.770020 13.092710
v -27.659159 109.564880 4.819782
v -9.659660 108.862251 11.037042
v -24.935291 106.770020 13.092710
v -16.007324 98.921547 15.748836
v -25.062763 108.686050 14.772455
v -9.659660 108.862251 11.037042
v -9.819130 112.299339 4.341532
v -11.679604 119.032211 13.997651
v -11.679604 119.032211 13.997651
v -10.389192 111.766312 17.905422
v -9.659660 108.862251 11.037042
v -10.389192 111.766312 17.905422
v -9.670412 99.782333 18.095726
v -9.659660 108.862251 11.037042
v -9.591302 98.445656 15.705628
v -9.659660 108.862251 11.037042
v -9.670412 99.782333 18.095726
v -11.761991 117.863724 -5.027922
v -11.791757 121.003967 -1.299389
v -10.679235 108.126076 -1.563770
v -11.791757 121.003967 -1.299389
v -12.020585 123.432442 3.859609
v -10.679235 108.126076 -1.563770
v -9.819130 112.299339 4.341532
v -10.679235 108.126076 -1.563770
v -12.020585 123.432442 3.859609
v -12.020585 123.432442 3.859609
v -11.840952 121.788025 10.306061
v -9.819130 112.299339 4.341532
v -11.840952 121.788025 10.306061
v -11.679604 119.032211 13.997651
v -9.819130 112.299339 4.341532
v -10.679235 108.126076 -1.563770
v -11.770281 97.828712 -6.441021
v -11.761991 117.863724 -5.027922
v -12.071496 112.033073 -7.562325
v -11.761991 117.863724 -5.027922
v -11.770281 97.828712 -6.441021
v -11.547230 99.115608 -8.626916
v -12.071496 112.033073 -7.562325
v -11.770281 97.828712 -6.441021
v 24.791327 108.686050 14.772455
v 24.663855 106.770020 13.092710
v 26.785534 110.445427 11.004126
v 12.807232 110.062553 14.130888
v 24.791327 108.686050 14.772455
v 26.785534 110.445427 11.004126
v 24.791327 108.686050 14.772455
v 12.807232 110.062553 14.130888
v 15.324097 100.371078 18.060633
v 24.791327 108.686050 14.772455
v 24.791327 108.686050 14.772455
v 15.324097 100.371078 18.060633
v 15.324097 100.371078 18.060633
v 15.735888 98.921547 15.748836
v 24.791327 108.686050 14.772455
v 24.663855 106.770020 13.092710
v 24.791327 108.686050 14.772455
v 15.735888 98.921547 15.748836
v 26.785534 110.445427 11.004126
v 24.663855 106.770020 13.092710
v 27.825895 112.143066 4.903564
v 12.807232 110.062553 14.130888
v 26.785534 110.445427 11.004126
v 14.039343 114.153801 3.956025
v 27.825895 112.143066 4.903564
v 14.039343 114.153801 3.956025
v 26.785534 110.445427 11.004126
v 27.387722 109.564880 4.819782
v 27.825895 112.143066 4.903564
v 24.663855 106.770020 13.092710
v 15.735888 98.921547 15.748836
v 9.319866 98.445656 15.705628
v 24.663855 106.770020 13.092710
v 9.388225 108.862251 11.037042
v 24.663855 106.770020 13.092710
v 9.319866 98.445656 15.705628
v 24.663855 106.770020 13.092710
v 9.388225 108.862251 11.037042
v 27.387722 109.564880 4.819782
v 27.825895 112.143066 4.903564
v 27.387722 109.564880 4.819782
v 26.509779 109.438957 -1.041120
v 14.039343 114.153801 3.956025
v 27.825895 112.143066 4.903564
v 26.509779 109.438957 -1.041120
v 26.509779 109.438957 -1.041120
v 27.387722 109.564880 4.819782
v 24.981895 106.985191 -4.809714
v 9.547694 112.299339 4.341532
v 27.387722 109.564880 4.819782
v 9.388225 108.862251 11.037042
v 27.387722 109.564880 4.819782
v 9.547694 112.299339 4.341532
v 24.795364 105.716835 -3.171910
v 24.795364 105.716835 -3.171910
v 24.981895 106.985191 -4.809714
v 27.387722 109.564880 4.819782
v 24.981895 106.985191 -4.809714
v 14.405858 108.937569 -5.150511
v 26.509779 109.438957 -1.041120
v 26.509779 109.438957 -1.041120
v 14.405858 108.937569 -5.150511
v 14.039343 114.153801 3.956025
v 24.981895 106.985191 -4.809714
v 24.795364 105.716835 -3.171910
v 17.736422 99.264145 -8.517183
v 24.981895 106.985191 -4.809714
v 24.981895 106.985191 -4.809714
v 17.736422 99.264145 -8.517183
v 14.405858 108.937569 -5.150511
v 24.981895 106.985191 -4.809714
v 17.736422 99.264145 -8.517183
v 9.398976 99.782333 18.095726
v 15.324097 100.371078 18.060633
v 12.807232 110.062553 14.130888
v 12.807232 110.062553 14.130888
v 10.117756 111.766312 17.905422
v 9.398976 99.782333 18.095726
v 11.408168 119.032211 13.997651
v 12.807232 110.062553 14.130888
v 14.039343 114.153801 3.956025
v 12.807232 110.062553 14.130888
v 11.408168 119.032211 13.997651
v 10.117756 111.766312 17.905422
v 9.398976 99.782333 18.095726
v 9.319866 98.445656 15.705628
v 15.324097 100.371078 18.060633
v 15.735888 98.921547 15.748836
v 15.324097 100.371078 18.060633
v 9.319866 98.445656 15.705628
v 10.117756 111.766312 17.905422
v 9.388225 108.862251 11.037042
v 9.398976 99.782333 18.095726
v 9.319866 98.445656 15.705628
v 9.398976 99.782333 18.095726
v 9.388225 108.862251 11.037042
v 11.408168 119.032211 13.997651
v 9.388225 108.862251 11.037042
v 10.117756 111.766312 17.905422
v 14.039343 114.153801 3.956025
v 11.749149 123.432442 3.859609
v 11.569516 121.788025 10.306061
v 14.039343 114.153801 3.956025
v 11.569516 121.788025 10.306061
v 11.408168 119.032211 13.997651
v 11.749149 123.432442 3.859609
v 14.039343 114.153801 3.956025
v 11.520321 121.003967 -1.299389
v 11.520321 121.003967 -1.299389
v 14.039343 114.153801 3.956025
v 11.490555 117.863724 -5.027922
v 14.405858 108.937569 -5.150511
v 11.490555 117.863724 -5.027922
v 14.039343 114.153801 3.956025
v 9.388225 108.862251 11.037042
v 11.408168 119.032211 13.997651
v 9.547694 112.299339 4.341532
v 11.569516 121.788025 10.306061
v 9.547694 112.299339 4.341532
v 11.408168 119.032211 13.997651
v 11.520321 121.003967 -1.299389
v 10.407799 108.126076 -1.563770
v 11.749149 123.432442 3.859609
v 9.547694 112.299339 4.341532
v 11.749149 123.432442 3.859609
v 10.407799 108.126076 -1.563770
v 11.749149 123.432442 3.859609
v 9.547694 112.299339 4.341532
v 11.569516 121.788025 10.306061
v 11.490555 117.863724 -5.027922
v 10.407799 108.126076 -1.563770
v 11.520321 121.003967 -1.299389
v 11.490555 117.863724 -5.027922
v 14.405858 108.937569 -5.150511
v 11.800060 112.033073 -7.562325
v 10.407799 108.126076 -1.563770
v 11.490555 117.863724 -5.027922
v 11.498845 97.828712 -6.441021
v 11.800060 112.033073 -7.562325
v 11.498845 97.828712 -6.441021
v 11.490555 117.863724 -5.027922
v 17.736422 99.264145 -8.517183
v 11.275794 99.115608 -8.626916
v 14.405858 108.937569 -5.150511
v 11.800060 112.033073 -7.562325
v 14.405858 108.937569 -5.150511
v 11.275794 99.115608 -8.626916
v 10.407799 108.126076 -1.563770
v 24.795364 105.716835 -3.171910
v 9.547694 112.299339 4.341532
v 18.083353 98.036606 -6.278514
v 17.736422 99.264145 -8.517183
v 24.795364 105.716835 -3.171910
v 24.795364 105.716835 -3.171910
v 10.407799 108.126076 -1.563770
v 18.083353 98.036606 -6.278514
v 18.083353 98.036606 -6.278514
v 11.498845 97.828712 -6.441021
v 17.736422 99.264145 -8.517183
v 11.275794 99.115608 -8.626916
v 17.736422 99.264145 -8.517183
v 11.498845 97.828712 -6.441021
v 11.498845 97.828712 -6.441021
v 18.083353 98.036606 -6.278514
v 10.407799 108.126076 -1.563770
v 11.275794 99.115608 -8.626916
v 11.498845 97.828712 -6.441021
v 11.800060 112.033073 -7.562325
vn -0.264526 0.422675 0.866817
vn -0.971289 -0.028898 0.236139
vn -0.926806 0.017934 0.375113
vn -0.971289 -0.028898 0.236139
vn -0.998473 0.050727 -0.021879
vn -0.926806 0.017934 0.375113
vn -0.964290 0.171541 -0.201789
vn -0.926806 0.017934 0.375113
vn -0.998473 0.050727 -0.021879
vn -0.998473 0.050727 -0.021879
vn -0.938365 -0.128903 -0.320710
vn -0.964290 0.171541 -0.201789
vn -0.938365 -0.128903 -0.320710
vn -0.415956 0.307861 -0.855688
vn -0.964290 0.171541 -0.201789
vn -0.417393 0.510807 0.751572
vn 0.307480 0.841502 0.444219
vn -0.264526 0.422675 0.866817
vn -0.264526 0.422675 0.866817
vn -0.233308 -0.281602 0.930735
vn -0.417393 0.510807 0.751572
vn 0.321797 -0.051709 0.945396
vn -0.417393 0.510807 0.751572
vn -0.233308 -0.281602 0.930735
vn 0.321797 -0.051709 0.945396
vn -0.233308 -0.281602 0.930735
vn 0.704000 -0.697767 0.132304
vn -0.417393 0.510807 0.751572
vn 0.321797 -0.051709 0.945396
vn 0.322571 0.238076 0.916116
vn -0.417393 0.510807 0.751572
vn -0.775588 0.629806 -0.042523
vn 0.307480 0.841502 0.444219
vn 0.814324 0.418252 0.402419
vn -0.775588 0.629806 -0.042523
vn -0.417393 0.510807 0.751572
vn -0.417393 0.510807 0.751572
vn 0.322571 0.238076 0.916116
vn 0.814324 0.418252 0.402419
vn -0.775588 0.629806 -0.042523
vn 0.060386 0.879533 0.471990
vn 0.061972 0.955511 -0.288371
vn -0.775588 0.629806 -0.042523
vn 0.814324 0.418252 0.402419
vn 0.060386 0.879533 0.471990
vn 0.061972 0.955511 -0.288371
vn 0.134998 0.796159 -0.589836
vn -0.775588 0.629806 -0.042523
vn 0.134998 0.796159 -0.589836
vn 0.158411 0.542868 -0.824743
vn -0.775588 0.629806 -0.042523
vn -0.444658 0.481806 -0.755078
vn -0.775588 0.629806 -0.042523
vn 0.158411 0.542868 -0.824743
vn 0.954216 -0.272571 0.123197
vn 0.815343 -0.454119 -0.359153
vn -0.964290 0.171541 -0.201789
vn -0.964290 0.171541 -0.201789
vn -0.867468 -0.175369 -0.465559
vn 0.954216 -0.272571 0.123197
vn -0.867468 -0.175369 -0.465559
vn -0.964290 0.171541 -0.201789
vn -0.415956 0.307861 -0.855688
vn -0.415956 0.307861 -0.855688
vn -0.319548 -0.353778 -0.879051
vn -0.867468 -0.175369 -0.465559
vn -0.415956 0.307861 -0.855688
vn -0.319548 -0.353778 -0.879051
vn -0.415956 0.307861 -0.855688
vn -0.444658 0.481806 -0.755078
vn -0.319548 -0.353778 -0.879051
vn -0.415956 0.307861 -0.855688
vn -0.415956 0.307861 -0.855688
vn 0.250572 0.799287 -0.546217
vn -0.444658 0.481806 -0.755078
vn 0.250572 0.799287 -0.546217
vn -0.775588 0.629806 -0.042523
vn -0.444658 0.481806 -0.755078
vn -0.775588 0.629806 -0.042523
vn 0.250572 0.799287 -0.546217
vn 0.551135 0.833564 -0.037685
vn 0.551135 0.833564 -0.037685
vn 0.307480 0.841502 0.444219
vn -0.775588 0.629806 -0.042523
vn -0.262598 -0.888910 0.375341
vn -0.867468 -0.175369 -0.465559
vn -0.319548 -0.353778 -0.879051
vn 0.780879 -0.328342 0.531431
vn 0.954216 -0.272571 0.123197
vn -0.867468 -0.175369 -0.465559
vn -0.867468 -0.175369 -0.465559
vn -0.262598 -0.888910 0.375341
vn 0.780879 -0.328342 0.531431
vn 0.725196 -0.664250 -0.181283
vn 0.780879 -0.328342 0.531431
vn -0.262598 -0.888910 0.375341
vn -0.262598 -0.888910 0.375341
vn -0.319548 -0.353778 -0.879051
vn 0.725196 -0.664250 -0.181283
vn 0.331501 -0.166158 -0.928708
vn 0.725196 -0.664250 -0.181283
vn -0.319548 -0.353778 -0.879051
vn -0.319548 -0.353778 -0.879051
vn -0.444658 0.481806 -0.755078
vn 0.331501 -0.166158 -0.928708
vn 0.201745 0.178881 -0.962964
vn 0.331501 -0.166158 -0.928708
vn -0.444658 0.481806 -0.755078
vn 0.158411 0.542868 -0.824743
vn 0.201745 0.178881 -0.962964
vn -0.444658 0.481806 -0.755078
vn -0.264526 0.422675 0.866817
vn -0.233308 -0.281602 0.930735
vn -0.264526 0.422675 0.866817
vn -0.233308 -0.281602 0.930735
vn -0.264526 0.422675 0.866817
vn -0.454102 -0.835754 0.308717
vn -0.454102 -0.835754 0.308717
vn 0.704000 -0.697767 0.132304
vn -0.233308 -0.281602 0.930735
vn -0.454102 -0.835754 0.308717
vn -0.926806 0.017934 0.375113
vn 0.704000 -0.697767 0.132304
vn 0.815343 -0.454119 -0.359153
vn 0.704000 -0.697767 0.132304
vn -0.926806 0.017934 0.375113
vn -0.926806 0.017934 0.375113
vn -0.964290 0.171541 -0.201789
vn 0.815343 -0.454119 -0.359153
vn -0.926806 0.017934 0.375113
vn -0.454102 -0.835754 0.308717
vn -0.264526 0.422675 0.866817
vn 0.815343 -0.454119 -0.359153
vn 0.954216 -0.272571 0.123197
vn 0.814324 0.418252 0.402419
vn 0.814324 0.418252 0.402419
vn 0.322571 0.238076 0.916116
vn 0.815343 -0.454119 -0.359153
vn 0.322571 0.238076 0.916116
vn 0.321797 -0.051709 0.945396
vn 0.815343 -0.454119 -0.359153
vn 0.704000 -0.697767 0.132304
vn 0.815343 -0.454119 -0.359153
vn 0.321797 -0.051709 0.945396
vn 0.158411 0.542868 -0.824743
vn 0.134998 0.796159 -0.589836
vn 0.780879 -0.328342 0.531431
vn 0.134998 0.796159 -0.589836
vn 0.061972 0.955511 -0.288371
vn 0.780879 -0.328342 0.531431
vn 0.954216 -0.272571 0.123197
vn 0.780879 -0.328342 0.531431
vn 0.061972 0.955511 -0.288371
vn 0.061972 0.955511 -0.288371
vn 0.060386 0.879533 0.471990
vn 0.954216 -0.272571 0.123197
vn 0.060386 0.879533 0.471990
vn 0.814324 0.418252 0.402419
vn 0.954216 -0.272571 0.123197
vn 0.780879 -0.328342 0.531431
vn 0.725196 -0.664250 -0.181283
vn 0.158411 0.542868 -0.824743
vn 0.201745 0.178881 -0.962964
vn 0.158411 0.542868 -0.824743
vn 0.725196 -0.664250 -0.181283
vn 0.331501 -0.166158 -0.928708
vn 0.201745 0.178881 -0.962964
vn 0.725196 -0.664250 -0.181283
vn 0.264526 0.422675 0.866817
vn 0.926806 0.017934 0.375113
vn 0.971289 -0.028898 0.236139
vn 0.417393 0.510807 0.751572
vn 0.264526 0.422675 0.866817
vn -0.307480 0.841502 0.444219
vn 0.264526 0.422675 0.866817
vn 0.417393 0.510807 0.751572
vn 0.233308 -0.281602 0.930735
vn 0.264526 0.422675 0.866817
vn 0.264526 0.422675 0.866817
vn 0.233308 -0.281602 0.930735
vn 0.233308 -0.281602 0.930735
vn 0.454102 -0.835754 0.308717
vn 0.264526 0.422675 0.866817
vn 0.926806 0.017934 0.375113
vn 0.264526 0.422675 0.866817
vn 0.454102 -0.835754 0.308717
vn 0.971289 -0.028898 0.236139
vn 0.926806 0.017934 0.375113
vn 0.998473 0.050727 -0.021879
vn 0.417393 0.510807 0.751572
vn -0.307480 0.841502 0.444219
vn 0.775588 0.629806 -0.042523
vn -0.551135 0.833564 -0.037685
vn 0.775588 0.629806 -0.042523
vn -0.307480 0.841502 0.444219
vn 0.964290 0.171541 -0.201789
vn 0.998473 0.050727 -0.021879
vn 0.926806 0.017934 0.375113
vn 0.454102 -0.835754 0.308717
vn -0.704000 -0.697767 0.132304
vn 0.926806 0.017934 0.375113
vn -0.815343 -0.454119 -0.359153
vn 0.926806 0.017934 0.375113
vn -0.704000 -0.697767 0.132304
vn 0.926806 0.017934 0.375113
vn -0.815343 -0.454119 -0.359153
vn 0.964290 0.171541 -0.201789
vn 0.998473 0.050727 -0.021879
vn 0.964290 0.171541 -0.201789
vn 0.938365 -0.128903 -0.320710
vn 0.775588 0.629806 -0.042523
vn -0.551135 0.833564 -0.037685
vn -0.250572 0.799287 -0.546217
vn 0.938365 -0.128903 -0.320710
vn 0.964290 0.171541 -0.201789
vn 0.415956 0.307861 -0.855688
vn -0.954216 -0.272571 0.123197
vn 0.964290 0.171541 -0.201789
vn -0.815343 -0.454119 -0.359153
vn 0.964290 0.171541 -0.201789
vn -0.954216 -0.272571 0.123197
vn 0.867468 -0.175369 -0.465559
vn 0.867468 -0.175369 -0.465559
vn 0.415956 0.307861 -0.855688
vn 0.964290 0.171541 -0.201789
vn 0.415956 0.307861 -0.855688
vn 0.444658 0.481806 -0.755078
vn -0.250572 0.799287 -0.546217
vn -0.250572 0.799287 -0.546217
vn 0.444658 0.481806 -0.755078
vn 0.775588 0.629806 -0.042523
vn 0.415956 0.307861 -0.855688
vn 0.867468 -0.175369 -0.465559
vn 0.319548 -0.353778 -0.879051
vn 0.415956 0.307861 -0.855688
vn 0.415956 0.307861 -0.855688
vn 0.319548 -0.353778 -0.879051
vn 0.444658 0.481806 -0.755078
vn 0.415956 0.307861 -0.855688
vn 0.319548 -0.353778 -0.879051
vn -0.321797 -0.051709 0.945396
vn 0.233308 -0.281602 0.930735
vn 0.417393 0.510807 0.751572
vn 0.417393 0.510807 0.751572
vn -0.322571 0.238076 0.916116
vn -0.321797 -0.051709 0.945396
vn -0.814324 0.418252 0.402419
vn 0.417393 0.510807 0.751572
vn 0.775588 0.629806 -0.042523
vn 0.417393 0.510807 0.751572
vn -0.814324 0.418252 0.402419
vn -0.322571 0.238076 0.916116
vn -0.321797 -0.051709 0.945396
vn -0.704000 -0.697767 0.132304
vn 0.233308 -0.281602 0.930735
vn 0.454102 -0.835754 0.308717
vn 0.233308 -0.281602 0.930735
vn -0.704000 -0.697767 0.132304
vn -0.322571 0.238076 0.916116
vn -0.815343 -0.454119 -0.359153
vn -0.321797 -0.051709 0.945396
vn -0.704000 -0.697767 0.132304
vn -0.321797 -0.051709 0.945396
vn -0.815343 -0.454119 -0.359153
vn -0.814324 0.418252 0.402419
vn -0.815343 -0.454119 -0.359153
vn -0.322571 0.238076 0.916116
vn 0.775588 0.629806 -0.042523
vn -0.061972 0.955511 -0.288371
vn -0.060386 0.879533 0.471990
vn 0.775588 0.629806 -0.042523
vn -0.060386 0.879533 0.471990
vn -0.814324 0.418252 0.402419
vn -0.061972 0.955511 -0.288371
vn 0.775588 0.629806 -0.042523
vn -0.134998 0.796159 -0.589836
vn -0.134998 0.796159 -0.589836
vn 0.775588 0.629806 -0.042523
vn -0.158411 0.542868 -0.824743
vn 0.444658 0.481806 -0.755078
vn -0.158411 0.542868 -0.824743
vn 0.775588 0.629806 -0.042523
vn -0.815343 -0.454119 -0.359153
vn -0.814324 0.418252 0.402419
vn -0.954216 -0.272571 0.123197
vn -0.060386 0.879533 0.471990
vn -0.954216 -0.272571 0.123197
vn -0.814324 0.418252 0.402419
vn -0.134998 0.796159 -0.589836
vn -0.780879 -0.328342 0.531431
vn -0.061972 0.955511 -0.288371
vn -0.954216 -0.272571 0.123197
vn -0.061972 0.955511 -0.288371
vn -0.780879 -0.328342 0.531431
vn -0.061972 0.955511 -0.288371
vn -0.954216 -0.272571 0.123197
vn -0.060386 0.879533 0.471990
vn -0.158411 0.542868 -0.824743
vn -0.780879 -0.328342 0.531431
vn -0.134998 0.796159 -0.589836
vn -0.158411 0.542868 -0.824743
vn 0.444658 0.481806 -0.755078
vn -0.201745 0.178881 -0.962964
vn -0.780879 -0.328342 0.531431
vn -0.158411 0.542868 -0.824743
vn -0.725196 -0.664250 -0.181283
vn -0.201745 0.178881 -0.962964
vn -0.725196 -0.664250 -0.181283
vn -0.158411 0.542868 -0.824743
vn 0.319548 -0.353778 -0.879051
vn -0.331501 -0.166158 -0.928708
vn 0.444658 0.481806 -0.755078
vn -0.201745 0.178881 -0.962964
vn 0.444658 0.481806 -0.755078
vn -0.331501 -0.166158 -0.928708
vn -0.780879 -0.328342 0.531431
vn 0.867468 -0.175369 -0.465559
vn -0.954216 -0.272571 0.123197
vn 0.262598 -0.888910 0.375341
vn 0.319548 -0.353778 -0.879051
vn 0.867468 -0.175369 -0.465559
vn 0.867468 -0.175369 -0.465559
vn -0.780879 -0.328342 0.531431
vn 0.262598 -0.888910 0.375341
vn 0.262598 -0.888910 0.375341
vn -0.725196 -0.664250 -0.181283
vn 0.319548 -0.353778 -0.879051
vn -0.331501 -0.166158 -0.928708
vn 0.319548 -0.353778 -0.879051
vn -0.725196 -0.664250 -0.181283
vn -0.725196 -0.664250 -0.181283
vn 0.262598 -0.888910 0.375341
vn -0.780879 -0.328342 0.531431
vn -0.331501 -0.166158 -0.928708
vn -0.725196 -0.664250 -0.181283
vn -0.201745 0.178881 -0.962964
vt 0.538654 0.755040
vt 0.542805 0.817617
vt 0.542198 0.754685
vt 0.542805 0.817617
vt 0.543880 0.819482
vt 0.542198 0.754685
vt 0.548030 0.814735
vt 0.542198 0.754685
vt 0.543880 0.819482
vt 0.543880 0.819482
vt 0.542805 0.817866
vt 0.548030 0.814735
vt 0.542805 0.817866
vt 0.538654 0.755040
vt 0.548030 0.814735
vt 0.497508 0.810772
vt 0.546292 0.813811
vt 0.543381 0.780996
vt 0.543381 0.780996
vt 0.536757 0.732471
vt 0.497508 0.810772
vt 0.471743 0.730531
vt 0.497508 0.810772
vt 0.536757 0.732471
vt 0.471743 0.730531
vt 0.536757 0.732471
vt 0.453530 0.729379
vt 0.497508 0.810772
vt 0.471743 0.730531
vt 0.450954 0.836654
vt 0.497508 0.810772
vt 0.496503 0.885729
vt 0.546292 0.813811
vt 0.449827 0.858692
vt 0.496503 0.885729
vt 0.497508 0.810772
vt 0.497508 0.810772
vt 0.450954 0.836654
vt 0.449827 0.858692
vt 0.496503 0.885729
vt 0.449261 0.901214
vt 0.448621 0.931931
vt 0.496503 0.885729
vt 0.449827 0.858692
vt 0.449261 0.901214
vt 0.448621 0.931931
vt 0.449261 0.900311
vt 0.496503 0.885729
vt 0.449261 0.900311
vt 0.449261 0.875185
vt 0.496503 0.885729
vt 0.497508 0.810772
vt 0.496503 0.885729
vt 0.449261 0.875185
vt 0.449343 0.931099
vt 0.449766 0.873455
vt 0.548030 0.814735
vt 0.548030 0.814735
vt 0.542198 0.754685
vt 0.449343 0.931099
vt 0.542198 0.754685
vt 0.548030 0.814735
vt 0.538654 0.755040
vt 0.538654 0.755040
vt 0.536757 0.732471
vt 0.542198 0.754685
vt 0.542760 0.781157
vt 0.536757 0.732471
vt 0.538654 0.755040
vt 0.497508 0.810772
vt 0.536757 0.732471
vt 0.542760 0.781157
vt 0.542760 0.781157
vt 0.547264 0.812601
vt 0.497508 0.810772
vt 0.547264 0.812601
vt 0.496503 0.885729
vt 0.497508 0.810772
vt 0.496503 0.885729
vt 0.547264 0.812601
vt 0.547060 0.827364
vt 0.547060 0.827364
vt 0.546292 0.813811
vt 0.496503 0.885729
vt 0.537463 0.729558
vt 0.542198 0.754685
vt 0.536757 0.732471
vt 0.449343 0.873987
vt 0.449343 0.931099
vt 0.542198 0.754685
vt 0.542198 0.754685
vt 0.537463 0.729558
vt 0.449343 0.873987
vt 0.453530 0.729379
vt 0.449343 0.873987
vt 0.537463 0.729558
vt 0.537463 0.729558
vt 0.536757 0.732471
vt 0.453530 0.729379
vt 0.453524 0.731867
vt 0.453530 0.729379
vt 0.536757 0.732471
vt 0.536757 0.732471
vt 0.497508 0.810772
vt 0.453524 0.731867
vt 0.449261 0.836838
vt 0.453524 0.731867
vt 0.497508 0.810772
vt 0.449261 0.875185
vt 0.449261 0.836838
vt 0.497508 0.810772
vt 0.538654 0.755040
vt 0.536757 0.732471
vt 0.543381 0.780996
vt 0.536757 0.732471
vt 0.538654 0.755040
vt 0.537463 0.729558
vt 0.537463 0.729558
vt 0.453530 0.729379
vt 0.536757 0.732471
vt 0.537463 0.729558
vt 0.542198 0.754685
vt 0.453530 0.729379
vt 0.449766 0.873455
vt 0.453530 0.729379
vt 0.542198 0.754685
vt 0.542198 0.754685
vt 0.548030 0.814735
vt 0.449766 0.873455
vt 0.542198 0.754685
vt 0.537463 0.729558
vt 0.538654 0.755040
vt 0.545257 0.789734
vt 0.547323 0.825067
vt 0.449693 0.878584
vt 0.449693 0.878584
vt 0.450047 0.836392
vt 0.545257 0.789734
vt 0.450047 0.836392
vt 0.454827 0.729068
vt 0.545257 0.789734
vt 0.537752 0.727631
vt 0.545257 0.789734
vt 0.454827 0.729068
vt 0.449693 0.878584
vt 0.449155 0.904650
vt 0.545257 0.789734
vt 0.449155 0.904650
vt 0.450054 0.930582
vt 0.545257 0.789734
vt 0.547323 0.825067
vt 0.545257 0.789734
vt 0.450054 0.930582
vt 0.450054 0.930582
vt 0.449155 0.904650
vt 0.547323 0.825067
vt 0.449155 0.904650
vt 0.449693 0.878584
vt 0.547323 0.825067
vt 0.545257 0.789734
vt 0.537752 0.727631
vt 0.449693 0.878584
vt 0.450047 0.836392
vt 0.449693 0.878584
vt 0.537752 0.727631
vt 0.454827 0.729068
vt 0.450047 0.836392
vt 0.537752 0.727631
vt 0.538654 0.755040
vt 0.542198 0.754685
vt 0.542805 0.817617
vt 0.497508 0.810772
vt 0.543381 0.780996
vt 0.546292 0.813811
vt 0.543381 0.780996
vt 0.497508 0.810772
vt 0.536757 0.732471
vt 0.538654 0.755040
vt 0.543381 0.780996
vt 0.536757 0.732471
vt 0.536757 0.732471
vt 0.537463 0.729558
vt 0.538654 0.755040
vt 0.542198 0.754685
vt 0.538654 0.755040
vt 0.537463 0.729558
vt 0.542805 0.817617
vt 0.542198 0.754685
vt 0.543880 0.819482
vt 0.497508 0.810772
vt 0.546292 0.813811
vt 0.496503 0.885729
vt 0.547060 0.827364
vt 0.496503 0.885729
vt 0.546292 0.813811
vt 0.548030 0.814735
vt 0.543880 0.819482
vt 0.542198 0.754685
vt 0.537463 0.729558
vt 0.453530 0.729379
vt 0.542198 0.754685
vt 0.449766 0.873455
vt 0.542198 0.754685
vt 0.453530 0.729379
vt 0.542198 0.754685
vt 0.449766 0.873455
vt 0.548030 0.814735
vt 0.543880 0.819482
vt 0.548030 0.814735
vt 0.542805 0.817866
vt 0.496503 0.885729
vt 0.547060 0.827364
vt 0.547264 0.812601
vt 0.542805 0.817866
vt 0.548030 0.814735
vt 0.538654 0.755040
vt 0.449343 0.931099
vt 0.548030 0.814735
vt 0.449766 0.873455
vt 0.548030 0.814735
vt 0.449343 0.931099
vt 0.542198 0.754685
vt 0.542198 0.754685
vt 0.538654 0.755040
vt 0.548030 0.814735
vt 0.542760 0.781157
vt 0.497508 0.810772
vt 0.547264 0.812601
vt 0.547264 0.812601
vt 0.497508 0.810772
vt 0.496503 0.885729
vt 0.538654 0.755040
vt 0.542198 0.754685
vt 0.536757 0.732471
vt 0.542760 0.781157
vt 0.538654 0.755040
vt 0.536757 0.732471
vt 0.497508 0.810772
vt 0.542760 0.781157
vt 0.536757 0.732471
vt 0.471743 0.730531
vt 0.536757 0.732471
vt 0.497508 0.810772
vt 0.497508 0.810772
vt 0.450954 0.836654
vt 0.471743 0.730531
vt 0.449827 0.858692
vt 0.497508 0.810772
vt 0.496503 0.885729
vt 0.497508 0.810772
vt 0.449827 0.858692
vt 0.450954 0.836654
vt 0.471743 0.730531
vt 0.453530 0.729379
vt 0.536757 0.732471
vt 0.537463 0.729558
vt 0.536757 0.732471
vt 0.453530 0.729379
vt 0.450047 0.836392
vt 0.545257 0.789734
vt 0.454827 0.729068
vt 0.537752 0.727631
vt 0.454827 0.729068
vt 0.545257 0.789734
vt 0.449693 0.878584
vt 0.545257 0.789734
vt 0.450047 0.836392
vt 0.496503 0.885729
vt 0.448621 0.931931
vt 0.449261 0.901214
vt 0.496503 0.885729
vt 0.449261 0.901214
vt 0.449827 0.858692
vt 0.448621 0.931931
vt 0.496503 0.885729
vt 0.449261 0.900311
vt 0.449261 0.900311
vt 0.496503 0.885729
vt 0.449261 0.875185
vt 0.497508 0.810772
vt 0.449261 0.875185
vt 0.496503 0.885729
vt 0.545257 0.789734
vt 0.449693 0.878584
vt 0.547323 0.825067
vt 0.449155 0.904650
vt 0.547323 0.825067
vt 0.449693 0.878584
vt 0.449155 0.904650
vt 0.545257 0.789734
vt 0.450054 0.930582
vt 0.547323 0.825067
vt 0.450054 0.930582
vt 0.545257 0.789734
vt 0.450054 0.930582
vt 0.547323 0.825067
vt 0.449155 0.904650
vt 0.449693 0.878584
vt 0.545257 0.789734
vt 0.449155 0.904650
vt 0.449261 0.875185
vt 0.497508 0.810772
vt 0.449261 0.836838
vt 0.545257 0.789734
vt 0.449693 0.878584
vt 0.537752 0.727631
vt 0.450047 0.836392
vt 0.537752 0.727631
vt 0.449693 0.878584
vt 0.536757 0.732471
vt 0.453524 0.731867
vt 0.497508 0.810772
vt 0.449261 0.836838
vt 0.497508 0.810772
vt 0.453524 0.731867
vt 0.449343 0.873987
vt 0.542198 0.754685
vt 0.449343 0.931099
vt 0.537463 0.729558
vt 0.536757 0.732471
vt 0.542198 0.754685
vt 0.542198 0.754685
vt 0.449343 0.873987
vt 0.537463 0.729558
vt 0.537463 0.729558
vt 0.453530 0.729379
vt 0.536757 0.732471
vt 0.453524 0.731867
vt 0.536757 0.732471
vt 0.453530 0.729379
vt 0.453530 0.729379
vt 0.537463 0.729558
vt 0.449343 0.873987
vt 0.454827 0.729068
vt 0.537752 0.727631
vt 0.450047 0.836392
f 2188/2188/2188 2189/2189/2189 2190/2190/2190
f 2191/2191/2191 2192/2192/2192 2193/2193/2193
f 2194/2194/2194 2195/2195/2195 2196/2196/2196
f 2197/2197/2197 2198/2198/2198 2199/2199/2199
f 2200/2200/2200 2201/2201/2201 2202/2202/2202
f 2203/2203/2203 2204/2204/2204 2205/2205/2205
f 2206/2206/2206 2207/2207/2207 2208/2208/2208
f 2209/2209/2209 2210/2210/2210 2211/2211/2211
f 2212/2212/2212 2213/2213/2213 2214/2214/2214
f 2215/2215/2215 2216/2216/2216 2217/2217/2217
f 2218/2218/2218 2219/2219/2219 2220/2220/2220
f 2221/2221/2221 2222/2222/2222 2223/2223/2223
f 2224/2224/2224 2225/2225/2225 2226/2226/2226
f 2227/2227/2227 2228/2228/2228 2229/2229/2229
f 2230/2230/2230 2231/2231/2231 2232/2232/2232
f 2233/2233/2233 2234/2234/2234 2235/2235/2235
f 2236/2236/2236 2237/2237/2237 2238/2238/2238
f 2239/2239/2239 2240/2240/2240 2241/2241/2241
f 2242/2242/2242 2243/2243/2243 2244/2244/2244
f 2245/2245/2245 2246/2246/2246 2247/2247/2247
f 2248/2248/2248 2249/2249/2249 2250/2250/2250
f 2251/2251/2251 2252/2252/2252 2253/2253/2253
f 2254/2254/2254 2255/2255/2255 2256/2256/2256
f 2257/2257/2257 2258/2258/2258 2259/2259/2259
f 2260/2260/2260 2261/2261/2261 2262/2262/2262
f 2263/2263/2263 2264/2264/2264 2265/2265/2265
f 2266/2266/2266 2267/2267/2267 2268/2268/2268
f 2269/2269/2269 2270/2270/2270 2271/2271/2271
f 2272/2272/2272 2273/2273/2273 2274/2274/2274
f 2275/2275/2275 2276/2276/2276 2277/2277/2277
f 2278/2278/2278 2279/2279/2279 2280/2280/2280
f 2281/2281/2281 2282/2282/2282 2283/2283/2283
f 2284/2284/2284 2285/2285/2285 2286/2286/2286
f 2287/2287/2287 2288/2288/2288 2289/2289/2289
f 2290/2290/2290 2291/2291/2291 2292/2292/2292
f 2293/2293/2293 2294/2294/2294 2295/2295/2295
f 2296/2296/2296 2297/2297/2297 2298/2298/2298
f 2299/2299/2299 2300/2300/2300 2301/2301/2301
f 2302/2302/2302 2303/2303/2303 2304/2304/2304
f 2305/2305/2305 2306/2306/2306 2307/2307/2307
f 2308/2308/2308 2309/2309/2309 2310/2310/2310
f 2311/2311/2311 2312/2312/2312 2313/2313/2313
f 2314/2314/2314 2315/2315/2315 2316/2316/2316
f 2317/2317/2317 2318/2318/2318 2319/2319/2319
f 2320/2320/2320 2321/2321/2321 2322/2322/2322
f 2323/2323/2323 2324/2324/2324 2325/2325/2325
f 2326/2326/2326 2327/2327/2327 2328/2328/2328
f 2329/2329/2329 2330/2330/2330 2331/2331/2331
f 2332/2332/2332 2333/2333/2333 2334/2334/2334
f 2335/2335/2335 2336/2336/2336 2337/2337/2337
f 2338/2338/2338 2339/2339/2339 2340/2340/2340
f 2341/2341/2341 2342/2342/2342 2343/2343/2343
f 2344/2344/2344 2345/2345/2345 2346/2346/2346
f 2347/2347/2347 2348/2348/2348 2349/2349/2349
f 2350/2350/2350 2351/2351/2351 2352/2352/2352
f 2353/2353/2353 2354/2354/2354 2355/2355/2355
f 2356/2356/2356 2357/2357/2357 2358/2358/2358
f 2359/2359/2359 2360/2360/2360 2361/2361/2361
f 2362/2362/2362 2363/2363/2363 2364/2364/2364
f 2365/2365/2365 2366/2366/2366 2367/2367/2367
f 2368/2368/2368 2369/2369/2369 2370/2370/2370
f 2371/2371/2371 2372/2372/2372 2373/2373/2373
f 2374/2374/2374 2375/2375/2375 2376/2376/2376
f 2377/2377/2377 2378/2378/2378 2379/2379/2379
f 2380/2380/2380 2381/2381/2381 2382/2382/2382
f 2383/2383/2383 2384/2384/2384 2385/2385/2385
f 2386/2386/2386 2387/2387/2387 2388/2388/2388
f 2389/2389/2389 2390/2390/2390 2391/2391/2391
f 2392/2392/2392 2393/2393/2393 2394/2394/2394
f 2395/2395/2395 2396/2396/2396 2397/2397/2397
f 2398/2398/2398 2399/2399/2399 2400/2400/2400
f 2401/2401/2401 2402/2402/2402 2403/2403/2403
f 2404/2404/2404 2405/2405/2405 2406/2406/2406
f 2407/2407/2407 2408/2408/2408 2409/2409/2409
f 2410/2410/2410 2411/2411/2411 2412/2412/2412
f 2413/2413/2413 2414/2414/2414 2415/2415/2415
f 2416/2416/2416 2417/2417/2417 2418/2418/2418
f 2419/2419/2419 2420/2420/2420 2421/2421/2421
f 2422/2422/2422 2423/2423/2423 2424/2424/2424
f 2425/2425/2425 2426/2426/2426 2427/2427/2427
f 2428/2428/2428 2429/2429/2429 2430/2430/2430
f 2431/2431/2431 2432/2432/2432 2433/2433/2433
f 2434/2434/2434 2435/2435/2435 2436/2436/2436
f 2437/2437/2437 2438/2438/2438 2439/2439/2439
f 2440/2440/2440 2441/2441/2441 2442/2442/2442
f 2443/2443/2443 2444/2444/2444 2445/2445/2445
f 2446/2446/2446 2447/2447/2447 2448/2448/2448
f 2449/2449/2449 2450/2450/2450 2451/2451/2451
f 2452/2452/2452 2453/2453/2453 2454/2454/2454
f 2455/2455/2455 2456/2456/2456 2457/2457/2457
f 2458/2458/2458 2459/2459/2459 2460/2460/2460
f 2461/2461/2461 2462/2462/2462 2463/2463/2463
f 2464/2464/2464 2465/2465/2465 2466/2466/2466
f 2467/2467/2467 2468/2468/2468 2469/2469/2469
f 2470/2470/2470 2471/2471/2471 2472/2472/2472
f 2473/2473/2473 2474/2474/2474 2475/2475/2475
f 2476/2476/2476 2477/2477/2477 2478/2478/2478
f 2479/2479/2479 2480/2480/2480 2481/2481/2481
f 2482/2482/2482 2483/2483/2483 2484/2484/2484
f 2485/2485/2485 2486/2486/2486 2487/2487/2487
f 2488/2488/2488 2489/2489/2489 2490/2490/2490
f 2491/2491/2491 2492/2492/2492 2493/2493/2493
f 2494/2494/2494 2495/2495/2495 2496/2496/2496
f 2497/2497/2497 2498/2498/2498 2499/2499/2499
f 2500/2500/2500 2501/2501/2501 2502/2502/2502
f 2503/2503/2503 2504/2504/2504 2505/2505/2505
f 2506/2506/2506 2507/2507/2507 2508/2508/2508
f 2509/2509/2509 2510/2510/2510 2511/2511/2511
f 2512/2512/2512 2513/2513/2513 2514/2514/2514
f 2515/2515/2515 2516/2516/2516 2517/2517/2517
f 2518/2518/2518 2519/2519/2519 2520/2520/2520
f 2521/2521/2521 2522/2522/2522 2523/2523/2523
o Geoset_16
g Geoset_16
v -15.172312 113.971512 13.453083
v -12.270922 103.558334 18.303345
v -13.809576 114.413216 18.133591
v -14.250132 120.152664 14.937824
v -16.114761 116.692619 4.263849
v -15.172312 113.971512 13.453083
v -15.172312 113.971512 13.453083
v -13.809576 114.413216 18.133591
v -14.250132 120.152664 14.937824
v -13.809576 114.413216 18.133591
v -12.270922 103.558334 18.303345
v -14.007912 113.235550 10.766366
v -12.402980 103.169228 16.375580
v -14.007912 113.235550 10.766366
v -12.270922 103.558334 18.303345
v -14.250132 120.152664 14.937824
v -13.809576 114.413216 18.133591
v -14.007912 113.235550 10.766366
v -16.114761 116.692619 4.263849
v -14.292419 122.956596 10.682181
v -13.899329 124.542480 4.058199
v -16.114761 116.692619 4.263849
v -14.250132 120.152664 14.937824
v -14.292419 122.956596 10.682181
v -13.899329 124.542480 4.058199
v -14.201068 122.438469 -1.298984
v -16.114761 116.692619 4.263849
v -14.201068 122.438469 -1.298984
v -14.208649 118.413826 -5.840727
v -16.114761 116.692619 4.263849
v -15.752217 113.458160 -4.513221
v -16.114761 116.692619 4.263849
v -14.208649 118.413826 -5.840727
v -14.007912 113.235550 10.766366
v -14.007035 115.501640 4.568563
v -14.250132 120.152664 14.937824
v -14.292419 122.956596 10.682181
v -14.250132 120.152664 14.937824
v -14.007035 115.501640 4.568563
v -14.201068 122.438469 -1.298984
v -13.899329 124.542480 4.058199
v -13.978524 112.899429 -0.974311
v -14.007035 115.501640 4.568563
v -13.978524 112.899429 -0.974311
v -13.899329 124.542480 4.058199
v -13.899329 124.542480 4.058199
v -14.292419 122.956596 10.682181
v -14.007035 115.501640 4.568563
v -14.208649 118.413826 -5.840727
v -14.201068 122.438469 -1.298984
v -13.978524 112.899429 -0.974311
v -14.208649 118.413826 -5.840727
v -14.073088 113.568474 -8.241525
v -15.752217 113.458160 -4.513221
v -13.978524 112.899429 -0.974311
v -13.795558 102.938416 -6.751936
v -14.208649 118.413826 -5.840727
v -14.073088 113.568474 -8.241525
v -14.208649 118.413826 -5.840727
v -13.795558 102.938416 -6.751936
v -14.073088 113.568474 -8.241525
v -13.785626 103.535248 -8.172964
v -15.752217 113.458160 -4.513221
v -13.785626 103.535248 -8.172964
v -14.073088 113.568474 -8.241525
v -13.795558 102.938416 -6.751936
v -23.345566 112.168839 15.078585
v -25.047159 113.260864 10.349907
v -22.744869 110.821976 13.479649
v -23.345566 112.168839 15.078585
v -16.944414 104.929817 18.180986
v -23.345566 112.168839 15.078585
v -16.944414 104.929817 18.180986
v -23.345566 112.168839 15.078585
v -17.021416 104.469772 16.257748
v -22.744869 110.821976 13.479649
v -17.021416 104.469772 16.257748
v -23.345566 112.168839 15.078585
v -15.172312 113.972061 13.453090
v -25.047159 113.260864 10.349907
v -23.345566 112.168839 15.078585
v -23.345566 112.168839 15.078585
v -16.944414 104.929817 18.180986
v -15.172312 113.972061 13.453090
v -25.047159 113.260864 10.349907
v -26.487453 114.522141 5.122663
v -22.744869 110.821976 13.479649
v -26.487453 114.522141 5.122663
v -25.047159 113.260864 10.349907
v -16.114761 116.693169 4.263855
v -15.172312 113.972061 13.453090
v -16.114761 116.693169 4.263855
v -25.047159 113.260864 10.349907
v -25.636969 112.845238 5.001876
v -22.744869 110.821976 13.479649
v -26.487453 114.522141 5.122663
v -17.021416 104.469772 16.257748
v -22.744869 110.821976 13.479649
v -12.402980 103.169777 16.375586
v -26.487453 114.522141 5.122663
v -25.344801 112.991295 -0.828192
v -25.636969 112.845238 5.001876
v -16.114761 116.693169 4.263855
v -25.344801 112.991295 -0.828192
v -26.487453 114.522141 5.122663
v -25.344801 112.991295 -0.828192
v -24.179138 111.482895 -4.055350
v -25.636969 112.845238 5.001876
v -23.786720 110.323601 -2.525989
v -25.636969 112.845238 5.001876
v -24.179138 111.482895 -4.055350
v -24.179138 111.482895 -4.055350
v -25.344801 112.991295 -0.828192
v -15.752217 113.458710 -4.513214
v -25.344801 112.991295 -0.828192
v -16.114761 116.693169 4.263855
v -15.752217 113.458710 -4.513214
v -24.179138 111.482895 -4.055350
v -17.735865 104.888077 -8.209413
v -23.786720 110.323601 -2.525989
v -24.179138 111.482895 -4.055350
v -17.735865 104.888077 -8.209413
v -24.179138 111.482895 -4.055350
v -15.752217 113.458710 -4.513214
v -17.735865 104.888077 -8.209413
v -24.179138 111.482895 -4.055350
v -17.775940 104.297150 -6.772316
v -23.786720 110.323601 -2.525989
v -17.735865 104.888077 -8.209413
v -12.270922 103.558884 18.303352
v -15.172312 113.972061 13.453090
v -16.944414 104.929817 18.180986
v -17.735865 104.888077 -8.209413
v -15.752217 113.458710 -4.513214
v -13.785626 103.535789 -8.172957
v -12.270922 103.558884 18.303352
v -16.944414 104.929817 18.180986
v -12.402980 103.169777 16.375586
v -17.021416 104.469772 16.257748
v -12.402980 103.169777 16.375586
v -16.944414 104.929817 18.180986
v -17.775940 104.297150 -6.772316
v -17.735865 104.888077 -8.209413
v -13.795558 102.938965 -6.751929
v -13.785626 103.535789 -8.172957
v -13.795558 102.938965 -6.751929
v -17.735865 104.888077 -8.209413
vn -0.596347 0.427388 0.679492
vn 0.602203 -0.180210 0.777737
vn 0.285312 0.314375 0.905409
vn 0.806427 0.460328 0.371178
vn -0.849813 0.526577 -0.023096
vn -0.596347 0.427388 0.679492
vn -0.596347 0.427388 0.679492
vn 0.285312 0.314375 0.905409
vn 0.806427 0.460328 0.371178
vn 0.285312 0.314375 0.905409
vn 0.602203 -0.180210 0.777737
vn 0.826094 -0.378433 -0.417561
vn 0.682048 -0.661591 -0.311621
vn 0.826094 -0.378433 -0.417561
vn 0.602203 -0.180210 0.777737
vn 0.806427 0.460328 0.371178
vn 0.285312 0.314375 0.905409
vn 0.826094 -0.378433 -0.417561
vn -0.849813 0.526577 -0.023096
vn 0.060869 0.900124 0.431361
vn 0.074396 0.969695 -0.232717
vn -0.849813 0.526577 -0.023096
vn 0.806427 0.460328 0.371178
vn 0.060869 0.900124 0.431361
vn 0.074396 0.969695 -0.232717
vn 0.140115 0.838095 -0.527223
vn -0.849813 0.526577 -0.023096
vn 0.140115 0.838095 -0.527223
vn 0.170698 0.638919 -0.750097
vn -0.849813 0.526577 -0.023096
vn -0.589781 0.473441 -0.654226
vn -0.849813 0.526577 -0.023096
vn 0.170698 0.638919 -0.750097
vn 0.826094 -0.378433 -0.417561
vn 0.970454 -0.219039 0.101196
vn 0.806427 0.460328 0.371178
vn 0.060869 0.900124 0.431361
vn 0.806427 0.460328 0.371178
vn 0.970454 -0.219039 0.101196
vn 0.140115 0.838095 -0.527223
vn 0.074396 0.969695 -0.232717
vn 0.814494 -0.356355 0.457833
vn 0.970454 -0.219039 0.101196
vn 0.814494 -0.356355 0.457833
vn 0.074396 0.969695 -0.232717
vn 0.074396 0.969695 -0.232717
vn 0.060869 0.900124 0.431361
vn 0.970454 -0.219039 0.101196
vn 0.170698 0.638919 -0.750097
vn 0.140115 0.838095 -0.527223
vn 0.814494 -0.356355 0.457833
vn 0.170698 0.638919 -0.750097
vn 0.306056 0.282363 -0.909176
vn -0.589781 0.473441 -0.654226
vn 0.814494 -0.356355 0.457833
vn 0.760477 -0.649086 -0.019026
vn 0.170698 0.638919 -0.750097
vn 0.306056 0.282363 -0.909176
vn 0.170698 0.638919 -0.750097
vn 0.760477 -0.649086 -0.019026
vn 0.306056 0.282363 -0.909176
vn 0.557100 -0.168707 -0.813129
vn -0.589781 0.473441 -0.654226
vn 0.557100 -0.168707 -0.813129
vn 0.306056 0.282363 -0.909176
vn 0.760477 -0.649086 -0.019026
vn -0.636016 0.082451 0.767258
vn -0.977774 -0.030768 0.207390
vn -0.627155 -0.766843 -0.136484
vn -0.636016 0.082451 0.767258
vn -0.222809 -0.408168 0.885299
vn 0.049367 0.686735 0.725230
vn -0.222809 -0.408168 0.885299
vn -0.636016 0.082451 0.767258
vn -0.324857 -0.921788 0.211602
vn -0.627155 -0.766843 -0.136484
vn -0.324857 -0.921788 0.211602
vn -0.636016 0.082451 0.767258
vn -0.596347 0.427388 0.679492
vn 0.045783 0.905287 0.422326
vn 0.049367 0.686735 0.725230
vn 0.049367 0.686735 0.725230
vn -0.222809 -0.408168 0.885299
vn -0.596347 0.427388 0.679492
vn -0.977774 -0.030768 0.207390
vn -0.778592 0.626545 -0.035168
vn -0.627155 -0.766843 -0.136484
vn 0.212740 0.976058 -0.045305
vn 0.045783 0.905287 0.422326
vn -0.849813 0.526577 -0.023096
vn -0.596347 0.427388 0.679492
vn -0.849813 0.526577 -0.023096
vn 0.045783 0.905287 0.422326
vn -0.597180 -0.782905 -0.174457
vn -0.627155 -0.766843 -0.136484
vn -0.778592 0.626545 -0.035168
vn -0.324857 -0.921788 0.211602
vn -0.627155 -0.766843 -0.136484
vn 0.682048 -0.661591 -0.311621
vn -0.778592 0.626545 -0.035168
vn -0.949201 -0.127106 -0.287857
vn -0.597180 -0.782905 -0.174457
vn -0.849813 0.526577 -0.023096
vn -0.020373 0.872276 -0.488590
vn 0.212740 0.976058 -0.045305
vn -0.949201 -0.127106 -0.287857
vn -0.452187 0.364897 -0.813865
vn -0.597180 -0.782905 -0.174457
vn -0.395753 -0.910283 0.121505
vn -0.597180 -0.782905 -0.174457
vn -0.452187 0.364897 -0.813865
vn -0.452187 0.364897 -0.813865
vn -0.020373 0.872276 -0.488590
vn -0.589781 0.473441 -0.654226
vn -0.020373 0.872276 -0.488590
vn -0.849813 0.526577 -0.023096
vn -0.589781 0.473441 -0.654226
vn -0.452187 0.364897 -0.813865
vn -0.282597 -0.334096 -0.899177
vn -0.395753 -0.910283 0.121505
vn -0.452187 0.364897 -0.813865
vn -0.282597 -0.334096 -0.899177
vn -0.452187 0.364897 -0.813865
vn -0.589781 0.473441 -0.654226
vn -0.282597 -0.334096 -0.899177
vn -0.452187 0.364897 -0.813865
vn -0.135490 -0.946543 0.292742
vn -0.395753 -0.910283 0.121505
vn -0.282597 -0.334096 -0.899177
vn 0.602203 -0.180210 0.777737
vn -0.596347 0.427388 0.679492
vn -0.222809 -0.408168 0.885299
vn -0.282597 -0.334096 -0.899177
vn -0.589781 0.473441 -0.654226
vn 0.557100 -0.168707 -0.813129
vn 0.602203 -0.180210 0.777737
vn -0.222809 -0.408168 0.885299
vn 0.682048 -0.661591 -0.311621
vn -0.324857 -0.921788 0.211602
vn 0.682048 -0.661591 -0.311621
vn -0.222809 -0.408168 0.885299
vn -0.135490 -0.946543 0.292742
vn -0.282597 -0.334096 -0.899177
vn 0.760477 -0.649086 -0.019026
vn 0.557100 -0.168707 -0.813129
vn 0.760477 -0.649086 -0.019026
vn -0.282597 -0.334096 -0.899177
vt 0.475801 0.766686
vt 0.476678 0.730051
vt 0.454543 0.729706
vt 0.454546 0.805008
vt 0.477362 0.856769
vt 0.475801 0.766686
vt 0.475801 0.766686
vt 0.454543 0.729706
vt 0.454546 0.805008
vt 0.454431 0.794484
vt 0.464968 0.741013
vt 0.463782 0.814876
vt 0.474517 0.777235
vt 0.463782 0.814876
vt 0.464968 0.741013
vt 0.453665 0.818488
vt 0.454431 0.794484
vt 0.463782 0.814876
vt 0.477362 0.856769
vt 0.454019 0.844343
vt 0.454277 0.887364
vt 0.477362 0.856769
vt 0.454546 0.805008
vt 0.454019 0.844343
vt 0.454277 0.887364
vt 0.454010 0.843709
vt 0.477362 0.856769
vt 0.454010 0.843709
vt 0.454825 0.805242
vt 0.477362 0.856769
vt 0.475635 0.766698
vt 0.477362 0.856769
vt 0.454825 0.805242
vt 0.463782 0.814876
vt 0.477206 0.861731
vt 0.453665 0.818488
vt 0.452988 0.839417
vt 0.453665 0.818488
vt 0.477206 0.861731
vt 0.452988 0.839417
vt 0.454118 0.860238
vt 0.463782 0.814876
vt 0.477206 0.861731
vt 0.463782 0.814876
vt 0.454118 0.860238
vt 0.454118 0.860238
vt 0.452988 0.839417
vt 0.477206 0.861731
vt 0.453665 0.818488
vt 0.452988 0.839417
vt 0.463782 0.814876
vt 0.454825 0.805242
vt 0.454514 0.729799
vt 0.475635 0.766698
vt 0.463782 0.814876
vt 0.474517 0.777235
vt 0.453665 0.818488
vt 0.454691 0.795756
vt 0.453665 0.818488
vt 0.474517 0.777235
vt 0.454514 0.729799
vt 0.476475 0.729972
vt 0.475635 0.766698
vt 0.453966 0.769961
vt 0.454691 0.795756
vt 0.474517 0.777235
vt 0.919602 0.596319
vt 0.946174 0.604573
vt 0.918828 0.579928
vt 0.919602 0.596319
vt 0.891202 0.583753
vt 0.936850 0.595942
vt 0.891202 0.583753
vt 0.919602 0.596319
vt 0.889821 0.578443
vt 0.918828 0.579928
vt 0.889821 0.578443
vt 0.919602 0.596319
vt 0.899350 0.653846
vt 0.953480 0.610765
vt 0.936850 0.595942
vt 0.936850 0.595942
vt 0.891202 0.583753
vt 0.899350 0.653846
vt 0.946174 0.604573
vt 0.958333 0.617502
vt 0.918828 0.579928
vt 0.972705 0.623264
vt 0.953480 0.610765
vt 0.927178 0.687038
vt 0.899350 0.653846
vt 0.927178 0.687038
vt 0.953480 0.610765
vt 0.966031 0.611121
vt 0.918828 0.579928
vt 0.958333 0.617502
vt 0.889821 0.578443
vt 0.918828 0.579928
vt 0.825312 0.601149
vt 0.958333 0.617502
vt 0.942490 0.607106
vt 0.966031 0.611121
vt 0.927178 0.687038
vt 0.954032 0.609494
vt 0.972705 0.623264
vt 0.942490 0.607106
vt 0.919602 0.596319
vt 0.966031 0.611121
vt 0.918828 0.579928
vt 0.966031 0.611121
vt 0.919602 0.596319
vt 0.936313 0.596297
vt 0.954032 0.609494
vt 0.899350 0.653846
vt 0.954032 0.609494
vt 0.927178 0.687038
vt 0.899350 0.653846
vt 0.919602 0.596319
vt 0.891202 0.583753
vt 0.918828 0.579928
vt 0.936313 0.596297
vt 0.891202 0.583753
vt 0.919602 0.596319
vt 0.899350 0.653846
vt 0.891202 0.583753
vt 0.936313 0.596297
vt 0.889821 0.578443
vt 0.918828 0.579928
vt 0.891202 0.583753
vt 0.850284 0.583634
vt 0.899350 0.653846
vt 0.891202 0.583753
vt 0.891202 0.583753
vt 0.899350 0.653846
vt 0.826051 0.603014
vt 0.850284 0.583634
vt 0.891202 0.583753
vt 0.825312 0.601149
vt 0.889821 0.578443
vt 0.825312 0.601149
vt 0.891202 0.583753
vt 0.889821 0.578443
vt 0.891202 0.583753
vt 0.825312 0.601149
vt 0.826051 0.603014
vt 0.825312 0.601149
vt 0.891202 0.583753
f 2524/2524/2524 2525/2525/2525 2526/2526/2526
f 2527/2527/2527 2528/2528/2528 2529/2529/2529
f 2530/2530/2530 2531/2531/2531 2532/2532/2532
f 2533/2533/2533 2534/2534/2534 2535/2535/2535
f 2536/2536/2536 2537/2537/2537 2538/2538/2538
f 2539/2539/2539 2540/2540/2540 2541/2541/2541
f 2542/2542/2542 2543/2543/2543 2544/2544/2544
f 2545/2545/2545 2546/2546/2546 2547/2547/2547
f 2548/2548/2548 2549/2549/2549 2550/2550/2550
f 2551/2551/2551 2552/2552/2552 2553/2553/2553
f 2554/2554/2554 2555/2555/2555 2556/2556/2556
f 2557/2557/2557 2558/2558/2558 2559/2559/2559
f 2560/2560/2560 2561/2561/2561 2562/2562/2562
f 2563/2563/2563 2564/2564/2564 2565/2565/2565
f 2566/2566/2566 2567/2567/2567 2568/2568/2568
f 2569/2569/2569 2570/2570/2570 2571/2571/2571
f 2572/2572/2572 2573/2573/2573 2574/2574/2574
f 2575/2575/2575 2576/2576/2576 2577/2577/2577
f 2578/2578/2578 2579/2579/2579 2580/2580/2580
f 2581/2581/2581 2582/2582/2582 2583/2583/2583
f 2584/2584/2584 2585/2585/2585 2586/2586/2586
f 2587/2587/2587 2588/2588/2588 2589/2589/2589
f 2590/2590/2590 2591/2591/2591 2592/2592/2592
f 2593/2593/2593 2594/2594/2594 2595/2595/2595
f 2596/2596/2596 2597/2597/2597 2598/2598/2598
f 2599/2599/2599 2600/2600/2600 2601/2601/2601
f 2602/2602/2602 2603/2603/2603 2604/2604/2604
f 2605/2605/2605 2606/2606/2606 2607/2607/2607
f 2608/2608/2608 2609/2609/2609 2610/2610/2610
f 2611/2611/2611 2612/2612/2612 2613/2613/2613
f 2614/2614/2614 2615/2615/2615 2616/2616/2616
f 2617/2617/2617 2618/2618/2618 2619/2619/2619
f 2620/2620/2620 2621/2621/2621 2622/2622/2622
f 2623/2623/2623 2624/2624/2624 2625/2625/2625
f 2626/2626/2626 2627/2627/2627 2628/2628/2628
f 2629/2629/2629 2630/2630/2630 2631/2631/2631
f 2632/2632/2632 2633/2633/2633 2634/2634/2634
f 2635/2635/2635 2636/2636/2636 2637/2637/2637
f 2638/2638/2638 2639/2639/2639 2640/2640/2640
f 2641/2641/2641 2642/2642/2642 2643/2643/2643
f 2644/2644/2644 2645/2645/2645 2646/2646/2646
f 2647/2647/2647 2648/2648/2648 2649/2649/2649
f 2650/2650/2650 2651/2651/2651 2652/2652/2652
f 2653/2653/2653 2654/2654/2654 2655/2655/2655
f 2656/2656/2656 2657/2657/2657 2658/2658/2658
f 2659/2659/2659 2660/2660/2660 2661/2661/2661
f 2662/2662/2662 2663/2663/2663 2664/2664/2664
f 2665/2665/2665 2666/2666/2666 2667/2667/2667
f 2668/2668/2668 2669/2669/2669 2670/2670/2670
o Geoset_17
g Geoset_17
v 17.534679 103.096153 19.729177
v 12.242444 104.478630 20.079090
v 11.591404 103.602486 18.340311
v 17.086533 111.648918 15.474629
v 12.242444 104.478630 20.079090
v 17.534679 103.096153 19.729177
v 17.534679 103.096153 19.729177
v 23.218723 112.751991 14.826823
v 17.086533 111.648918 15.474629
v 23.218723 112.751991 14.826823
v 17.534679 103.096153 19.729177
v 16.973356 102.414375 18.068220
v 11.591404 103.602486 18.340311
v 16.973356 102.414375 18.068220
v 17.534679 103.096153 19.729177
v 12.961751 112.008888 14.592113
v 11.591404 103.602486 18.340311
v 12.242444 104.478630 20.079090
v 21.280359 110.224258 14.438770
v 16.973356 102.414375 18.068220
v 11.591404 103.602486 18.340311
v 11.591404 103.602486 18.340311
v 12.961751 112.008888 14.592113
v 21.280359 110.224258 14.438770
v 12.242444 104.478630 20.079090
v 14.459829 118.804901 14.442275
v 12.961751 112.008888 14.592113
v 12.242444 104.478630 20.079090
v 17.086533 111.648918 15.474629
v 14.459829 118.804901 14.442275
v 14.428693 117.928314 3.961926
v 12.961751 112.008888 14.592113
v 14.459829 118.804901 14.442275
v 24.573460 114.877876 4.184639
v 21.280359 110.224258 14.438770
v 12.961751 112.008888 14.592113
v 12.961751 112.008888 14.592113
v 14.428693 117.928314 3.961926
v 24.573460 114.877876 4.184639
v 14.459829 118.804901 14.442275
v 15.289847 121.861099 10.159655
v 14.428693 117.928314 3.961926
v 14.459829 118.804901 14.442275
v 19.928432 117.537247 4.065531
v 15.289847 121.861099 10.159655
v 19.928432 117.537247 4.065531
v 14.459829 118.804901 14.442275
v 17.086533 111.648918 15.474629
v 15.289847 121.861099 10.159655
v 16.078442 123.457626 4.280797
v 14.428693 117.928314 3.961926
v 13.286991 113.804100 -4.849836
v 14.428693 117.928314 3.961926
v 16.078442 123.457626 4.280797
v 21.505219 110.383072 -4.772026
v 24.573460 114.877876 4.184639
v 14.428693 117.928314 3.961926
v 14.428693 117.928314 3.961926
v 13.286991 113.804100 -4.849836
v 21.505219 110.383072 -4.772026
v 15.289847 121.861099 10.159655
v 19.928432 117.537247 4.065531
v 16.078442 123.457626 4.280797
v 15.293636 121.318123 -1.260623
v 16.078442 123.457626 4.280797
v 19.928432 117.537247 4.065531
v 16.078442 123.457626 4.280797
v 15.293636 121.318123 -1.260623
v 13.286991 113.804100 -4.849836
v 14.247772 117.953514 -5.163994
v 15.293636 121.318123 -1.260623
v 19.928432 117.537247 4.065531
v 19.928432 117.537247 4.065531
v 17.061350 111.661308 -6.099086
v 14.247772 117.953514 -5.163994
v 23.218723 112.751991 14.826823
v 25.910276 117.639549 4.060823
v 19.928432 117.537247 4.065531
v 23.231514 113.021599 -4.830672
v 19.928432 117.537247 4.065531
v 25.910276 117.639549 4.060823
v 19.928432 117.537247 4.065531
v 23.231514 113.021599 -4.830672
v 17.061350 111.661308 -6.099086
v 19.928432 117.537247 4.065531
v 17.086533 111.648918 15.474629
v 23.218723 112.751991 14.826823
v 15.293636 121.318123 -1.260623
v 14.247772 117.953514 -5.163994
v 13.286991 113.804100 -4.849836
v 12.384566 104.697739 -10.198075
v 14.247772 117.953514 -5.163994
v 17.061350 111.661308 -6.099086
v 14.247772 117.953514 -5.163994
v 12.384566 104.697739 -10.198075
v 11.563299 104.183159 -8.430046
v 11.563299 104.183159 -8.430046
v 13.286991 113.804100 -4.849836
v 14.247772 117.953514 -5.163994
v 13.286991 113.804100 -4.849836
v 11.563299 104.183159 -8.430046
v 16.837709 103.074577 -8.135904
v 16.837709 103.074577 -8.135904
v 21.505219 110.383072 -4.772026
v 13.286991 113.804100 -4.849836
v 17.698902 103.458130 -9.824435
v 17.061350 111.661308 -6.099086
v 23.231514 113.021599 -4.830672
v 17.061350 111.661308 -6.099086
v 17.698902 103.458130 -9.824435
v 12.384566 104.697739 -10.198075
v 11.563299 104.183159 -8.430046
v 12.384566 104.697739 -10.198075
v 17.698902 103.458130 -9.824435
v 25.910276 117.639549 4.060823
v 23.218723 112.751991 14.826823
v 21.280359 110.224258 14.438770
v 16.973356 102.414375 18.068220
v 21.280359 110.224258 14.438770
v 23.218723 112.751991 14.826823
v 23.231514 113.021599 -4.830672
v 25.910276 117.639549 4.060823
v 24.573460 114.877876 4.184639
v 21.280359 110.224258 14.438770
v 24.573460 114.877876 4.184639
v 25.910276 117.639549 4.060823
v 17.698902 103.458130 -9.824435
v 23.231514 113.021599 -4.830672
v 21.505219 110.383072 -4.772026
v 24.573460 114.877876 4.184639
v 21.505219 110.383072 -4.772026
v 23.231514 113.021599 -4.830672
v 17.698902 103.458130 -9.824435
v 16.837709 103.074577 -8.135904
v 11.563299 104.183159 -8.430046
v 21.505219 110.383072 -4.772026
v 16.837709 103.074577 -8.135904
v 17.698902 103.458130 -9.824435
vn 0.118985 -0.983999 0.132619
vn -0.907778 -0.295694 0.297496
vn -0.907778 -0.295694 0.297496
vn 0.807097 0.176383 0.563456
vn -0.907778 -0.295694 0.297496
vn 0.118985 -0.983999 0.132619
vn 0.118985 -0.983999 0.132619
vn 0.665916 -0.745927 0.012230
vn 0.807097 0.176383 0.563456
vn 0.665916 -0.745927 0.012230
vn 0.118985 -0.983999 0.132619
vn 0.118985 -0.983999 0.132619
vn -0.907778 -0.295694 0.297496
vn 0.118985 -0.983999 0.132619
vn 0.118985 -0.983999 0.132619
vn -0.970489 -0.159732 -0.180658
vn -0.907778 -0.295694 0.297496
vn -0.907778 -0.295694 0.297496
vn 0.665916 -0.745927 0.012230
vn 0.118985 -0.983999 0.132619
vn -0.907778 -0.295694 0.297496
vn -0.907778 -0.295694 0.297496
vn -0.970489 -0.159732 -0.180658
vn 0.665916 -0.745927 0.012230
vn -0.907778 -0.295694 0.297496
vn -0.065843 0.793607 0.604858
vn -0.970489 -0.159732 -0.180658
vn -0.907778 -0.295694 0.297496
vn 0.807097 0.176383 0.563456
vn -0.065843 0.793607 0.604858
vn -0.980089 -0.101430 0.170697
vn -0.970489 -0.159732 -0.180658
vn -0.065843 0.793607 0.604858
vn 0.725161 -0.688573 -0.003081
vn 0.665916 -0.745927 0.012230
vn -0.970489 -0.159732 -0.180658
vn -0.970489 -0.159732 -0.180658
vn -0.980089 -0.101430 0.170697
vn 0.725161 -0.688573 -0.003081
vn -0.065843 0.793607 0.604858
vn 0.106166 0.933638 0.342124
vn -0.980089 -0.101430 0.170697
vn -0.065843 0.793607 0.604858
vn 0.956870 0.279397 -0.079612
vn 0.106166 0.933638 0.342124
vn 0.956870 0.279397 -0.079612
vn -0.065843 0.793607 0.604858
vn 0.807097 0.176383 0.563456
vn 0.106166 0.933638 0.342124
vn -0.400372 0.916326 -0.006934
vn -0.980089 -0.101430 0.170697
vn -0.927376 0.001109 0.374129
vn -0.980089 -0.101430 0.170697
vn -0.400372 0.916326 -0.006934
vn 0.601954 -0.795649 -0.067787
vn 0.725161 -0.688573 -0.003081
vn -0.980089 -0.101430 0.170697
vn -0.980089 -0.101430 0.170697
vn -0.927376 0.001109 0.374129
vn 0.601954 -0.795649 -0.067787
vn 0.106166 0.933638 0.342124
vn 0.956870 0.279397 -0.079612
vn -0.400372 0.916326 -0.006934
vn 0.022134 0.899953 -0.435425
vn -0.400372 0.916326 -0.006934
vn 0.956870 0.279397 -0.079612
vn -0.400372 0.916326 -0.006934
vn 0.022134 0.899953 -0.435425
vn -0.927376 0.001109 0.374129
vn -0.261767 0.738354 -0.621540
vn 0.022134 0.899953 -0.435425
vn 0.956870 0.279397 -0.079612
vn 0.956870 0.279397 -0.079612
vn 0.634795 0.193954 -0.747941
vn -0.261767 0.738354 -0.621540
vn 0.665916 -0.745927 0.012230
vn 0.725161 -0.688573 -0.003081
vn 0.956870 0.279397 -0.079612
vn 0.601954 -0.795649 -0.067787
vn 0.956870 0.279397 -0.079612
vn 0.725161 -0.688573 -0.003081
vn 0.956870 0.279397 -0.079612
vn 0.601954 -0.795649 -0.067787
vn 0.634795 0.193954 -0.747941
vn 0.956870 0.279397 -0.079612
vn 0.807097 0.176383 0.563456
vn 0.665916 -0.745927 0.012230
vn 0.022134 0.899953 -0.435425
vn -0.261767 0.738354 -0.621540
vn -0.927376 0.001109 0.374129
vn -0.775050 -0.380630 -0.504399
vn -0.261767 0.738354 -0.621540
vn 0.634795 0.193954 -0.747941
vn -0.261767 0.738354 -0.621540
vn -0.775050 -0.380630 -0.504399
vn -0.775050 -0.380630 -0.504399
vn -0.775050 -0.380630 -0.504399
vn -0.927376 0.001109 0.374129
vn -0.261767 0.738354 -0.621540
vn -0.927376 0.001109 0.374129
vn -0.775050 -0.380630 -0.504399
vn -0.097895 -0.994913 -0.023773
vn -0.097895 -0.994913 -0.023773
vn 0.601954 -0.795649 -0.067787
vn -0.927376 0.001109 0.374129
vn -0.097895 -0.994913 -0.023773
vn 0.634795 0.193954 -0.747941
vn 0.601954 -0.795649 -0.067787
vn 0.634795 0.193954 -0.747941
vn -0.097895 -0.994913 -0.023773
vn -0.775050 -0.380630 -0.504399
vn -0.775050 -0.380630 -0.504399
vn -0.775050 -0.380630 -0.504399
vn -0.097895 -0.994913 -0.023773
vn 0.725161 -0.688573 -0.003081
vn 0.665916 -0.745927 0.012230
vn 0.665916 -0.745927 0.012230
vn 0.118985 -0.983999 0.132619
vn 0.665916 -0.745927 0.012230
vn 0.665916 -0.745927 0.012230
vn 0.601954 -0.795649 -0.067787
vn 0.725161 -0.688573 -0.003081
vn 0.725161 -0.688573 -0.003081
vn 0.665916 -0.745927 0.012230
vn 0.725161 -0.688573 -0.003081
vn 0.725161 -0.688573 -0.003081
vn -0.097895 -0.994913 -0.023773
vn 0.601954 -0.795649 -0.067787
vn 0.601954 -0.795649 -0.067787
vn 0.725161 -0.688573 -0.003081
vn 0.601954 -0.795649 -0.067787
vn 0.601954 -0.795649 -0.067787
vn -0.097895 -0.994913 -0.023773
vn -0.097895 -0.994913 -0.023773
vn -0.775050 -0.380630 -0.504399
vn 0.601954 -0.795649 -0.067787
vn -0.097895 -0.994913 -0.023773
vn -0.097895 -0.994913 -0.023773
vt 0.577445 0.608992
vt 0.588189 0.600592
vt 0.590063 0.601862
vt 0.597452 0.655921
vt 0.588189 0.600592
vt 0.577445 0.608992
vt 0.577445 0.608992
vt 0.616206 0.593571
vt 0.597452 0.655921
vt 0.616206 0.593571
vt 0.577445 0.608992
vt 0.576787 0.606565
vt 0.590063 0.601862
vt 0.576787 0.606565
vt 0.577445 0.608992
vt 0.544234 0.625022
vt 0.590063 0.601862
vt 0.588189 0.600592
vt 0.615980 0.592673
vt 0.576787 0.606565
vt 0.590063 0.601862
vt 0.590063 0.601862
vt 0.544234 0.625022
vt 0.615980 0.592673
vt 0.588189 0.600592
vt 0.544432 0.625417
vt 0.544234 0.625022
vt 0.588189 0.600592
vt 0.597452 0.655921
vt 0.544432 0.625417
vt 0.569326 0.612774
vt 0.544234 0.625022
vt 0.544432 0.625417
vt 0.598864 0.596376
vt 0.615980 0.592673
vt 0.544234 0.625022
vt 0.544234 0.625022
vt 0.569326 0.612774
vt 0.598864 0.596376
vt 0.544432 0.625417
vt 0.553587 0.620755
vt 0.569326 0.612774
vt 0.544432 0.625417
vt 0.598859 0.667165
vt 0.553587 0.620755
vt 0.598859 0.667165
vt 0.544432 0.625417
vt 0.597452 0.655921
vt 0.553587 0.620755
vt 0.569584 0.611770
vt 0.569326 0.612774
vt 0.544234 0.625022
vt 0.569326 0.612774
vt 0.569584 0.611770
vt 0.615980 0.592673
vt 0.598864 0.596376
vt 0.569326 0.612774
vt 0.569326 0.612774
vt 0.544234 0.625022
vt 0.615980 0.592673
vt 0.553587 0.620755
vt 0.598859 0.667165
vt 0.569584 0.611770
vt 0.559510 0.615827
vt 0.569584 0.611770
vt 0.598859 0.667165
vt 0.569584 0.611770
vt 0.559510 0.615827
vt 0.544234 0.625022
vt 0.544432 0.625417
vt 0.559510 0.615827
vt 0.598859 0.667165
vt 0.598859 0.667165
vt 0.597452 0.655921
vt 0.544432 0.625417
vt 0.616206 0.593571
vt 0.599663 0.597679
vt 0.598859 0.667165
vt 0.616206 0.593571
vt 0.598859 0.667165
vt 0.599663 0.597679
vt 0.598859 0.667165
vt 0.616206 0.593571
vt 0.597452 0.655921
vt 0.598859 0.667165
vt 0.597452 0.655921
vt 0.616206 0.593571
vt 0.559510 0.615827
vt 0.544432 0.625417
vt 0.544234 0.625022
vt 0.588189 0.600592
vt 0.544432 0.625417
vt 0.597452 0.655921
vt 0.544432 0.625417
vt 0.588189 0.600592
vt 0.590063 0.601862
vt 0.590063 0.601862
vt 0.544234 0.625022
vt 0.544432 0.625417
vt 0.544234 0.625022
vt 0.590063 0.601862
vt 0.576787 0.606565
vt 0.576787 0.606565
vt 0.615980 0.592673
vt 0.544234 0.625022
vt 0.577445 0.608992
vt 0.597452 0.655921
vt 0.616206 0.593571
vt 0.597452 0.655921
vt 0.577445 0.608992
vt 0.588189 0.600592
vt 0.590063 0.601862
vt 0.588189 0.600592
vt 0.577445 0.608992
vt 0.599663 0.597679
vt 0.616206 0.593571
vt 0.615980 0.592673
vt 0.576787 0.606565
vt 0.615980 0.592673
vt 0.616206 0.593571
vt 0.616206 0.593571
vt 0.599663 0.597679
vt 0.598864 0.596376
vt 0.615980 0.592673
vt 0.598864 0.596376
vt 0.599663 0.597679
vt 0.577445 0.608992
vt 0.616206 0.593571
vt 0.615980 0.592673
vt 0.598864 0.596376
vt 0.615980 0.592673
vt 0.616206 0.593571
vt 0.577445 0.608992
vt 0.576787 0.606565
vt 0.590063 0.601862
vt 0.615980 0.592673
vt 0.576787 0.606565
vt 0.577445 0.608992
f 2671/2671/2671 2672/2672/2672 2673/2673/2673
f 2674/2674/2674 2675/2675/2675 2676/2676/2676
f 2677/2677/2677 2678/2678/2678 2679/2679/2679
f 2680/2680/2680 2681/2681/2681 2682/2682/2682
f 2683/2683/2683 2684/2684/2684 2685/2685/2685
f 2686/2686/2686 2687/2687/2687 2688/2688/2688
f 2689/2689/2689 2690/2690/2690 2691/2691/2691
f 2692/2692/2692 2693/2693/2693 2694/2694/2694
f 2695/2695/2695 2696/2696/2696 2697/2697/2697
f 2698/2698/2698 2699/2699/2699 2700/2700/2700
f 2701/2701/2701 2702/2702/2702 2703/2703/2703
f 2704/2704/2704 2705/2705/2705 2706/2706/2706
f 2707/2707/2707 2708/2708/2708 2709/2709/2709
f 2710/2710/2710 2711/2711/2711 2712/2712/2712
f 2713/2713/2713 2714/2714/2714 2715/2715/2715
f 2716/2716/2716 2717/2717/2717 2718/2718/2718
f 2719/2719/2719 2720/2720/2720 2721/2721/2721
f 2722/2722/2722 2723/2723/2723 2724/2724/2724
f 2725/2725/2725 2726/2726/2726 2727/2727/2727
f 2728/2728/2728 2729/2729/2729 2730/2730/2730
f 2731/2731/2731 2732/2732/2732 2733/2733/2733
f 2734/2734/2734 2735/2735/2735 2736/2736/2736
f 2737/2737/2737 2738/2738/2738 2739/2739/2739
f 2740/2740/2740 2741/2741/2741 2742/2742/2742
f 2743/2743/2743 2744/2744/2744 2745/2745/2745
f 2746/2746/2746 2747/2747/2747 2748/2748/2748
f 2749/2749/2749 2750/2750/2750 2751/2751/2751
f 2752/2752/2752 2753/2753/2753 2754/2754/2754
f 2755/2755/2755 2756/2756/2756 2757/2757/2757
f 2758/2758/2758 2759/2759/2759 2760/2760/2760
f 2761/2761/2761 2762/2762/2762 2763/2763/2763
f 2764/2764/2764 2765/2765/2765 2766/2766/2766
f 2767/2767/2767 2768/2768/2768 2769/2769/2769
f 2770/2770/2770 2771/2771/2771 2772/2772/2772
f 2773/2773/2773 2774/2774/2774 2775/2775/2775
f 2776/2776/2776 2777/2777/2777 2778/2778/2778
f 2779/2779/2779 2780/2780/2780 2781/2781/2781
f 2782/2782/2782 2783/2783/2783 2784/2784/2784
f 2785/2785/2785 2786/2786/2786 2787/2787/2787
f 2788/2788/2788 2789/2789/2789 2790/2790/2790
f 2791/2791/2791 2792/2792/2792 2793/2793/2793
f 2794/2794/2794 2795/2795/2795 2796/2796/2796
f 2797/2797/2797 2798/2798/2798 2799/2799/2799
f 2800/2800/2800 2801/2801/2801 2802/2802/2802
f 2803/2803/2803 2804/2804/2804 2805/2805/2805
f 2806/2806/2806 2807/2807/2807 2808/2808/2808
o Geoset_18
g Geoset_18
v 26.937187 87.559578 -2.201880
v 22.002481 95.157211 -1.826794
v 24.536751 91.915611 0.791283
v 24.311262 96.857483 1.787467
v 24.536751 91.915611 0.791283
v 22.002481 95.157211 -1.826794
v 24.536751 91.915611 0.791283
v 24.311262 96.857483 1.787467
v 28.970770 91.413826 4.364792
v 25.411983 98.978165 5.130919
v 28.970770 91.413826 4.364792
v 24.311262 96.857483 1.787467
v 28.970770 91.413826 4.364792
v 25.411983 98.978165 5.130919
v 24.155235 96.989365 8.038521
v 24.155235 96.989365 8.038521
v 25.485935 92.241653 9.215170
v 28.970770 91.413826 4.364792
v 25.485935 92.241653 9.215170
v 24.155235 96.989365 8.038521
v 21.931984 95.473549 11.327906
v 21.931984 95.473549 11.327906
v 26.708815 87.250603 12.277637
v 25.485935 92.241653 9.215170
v 31.240891 83.727219 10.356050
v 25.485935 92.241653 9.215170
v 26.708815 87.250603 12.277637
v 25.485935 92.241653 9.215170
v 31.240891 83.727219 10.356050
v 28.970770 91.413826 4.364792
v 28.970770 91.413826 4.364792
v 33.533436 84.525528 4.646825
v 31.125029 84.029480 -0.416007
v 33.533436 84.525528 4.646825
v 28.970770 91.413826 4.364792
v 31.240891 83.727219 10.356050
v 31.125029 84.029480 -0.416007
v 24.536751 91.915611 0.791283
v 28.970770 91.413826 4.364792
v 24.536751 91.915611 0.791283
v 31.125029 84.029480 -0.416007
v 26.937187 87.559578 -2.201880
v 33.358780 81.687042 -2.201880
v 30.054028 84.776535 -1.826794
v 33.219639 82.436607 0.791283
v 32.630714 86.769684 1.787467
v 33.219639 82.436607 0.791283
v 30.054028 84.776535 -1.826794
v 33.219639 82.436607 0.791283
v 32.630714 86.769684 1.787467
v 35.966015 82.761841 4.364792
v 34.526798 86.306198 5.130919
v 35.966015 82.761841 4.364792
v 32.630714 86.769684 1.787467
v 35.966015 82.761841 4.364792
v 34.526798 86.306198 5.130919
v 32.494282 86.921753 8.038521
v 32.494282 86.921753 8.038521
v 33.220169 83.092194 9.215170
v 35.966015 82.761841 4.364792
v 33.220169 83.092194 9.215170
v 32.494282 86.921753 8.038521
v 30.027649 85.099556 11.327906
v 30.027649 85.099556 11.327906
v 33.090134 81.412361 12.277637
v 33.220169 83.092194 9.215170
v 34.988400 78.576447 10.356050
v 33.220169 83.092194 9.215170
v 33.090134 81.412361 12.277637
v 33.220169 83.092194 9.215170
v 34.988400 78.576447 10.356050
v 35.966015 82.761841 4.364792
v 35.966015 82.761841 4.364792
v 37.483292 78.162125 4.646825
v 34.915154 78.891762 -0.416007
v 37.483292 78.162125 4.646825
v 35.966015 82.761841 4.364792
v 34.988400 78.576447 10.356050
v 34.915154 78.891762 -0.416007
v 33.219639 82.436607 0.791283
v 35.966015 82.761841 4.364792
v 33.219639 82.436607 0.791283
v 34.915154 78.891762 -0.416007
v 33.358780 81.687042 -2.201880
v -29.433920 87.559578 -2.201880
v -27.033484 91.915611 0.791283
v -24.499214 95.157211 -1.826794
v -26.807995 96.857483 1.787467
v -24.499214 95.157211 -1.826794
v -27.033484 91.915611 0.791283
v -27.033484 91.915611 0.791283
v -31.467503 91.413826 4.364792
v -26.807995 96.857483 1.787467
v -27.908716 98.978165 5.130919
v -26.807995 96.857483 1.787467
v -31.467503 91.413826 4.364792
v -31.467503 91.413826 4.364792
v -26.651968 96.989365 8.038521
v -27.908716 98.978165 5.130919
v -26.651968 96.989365 8.038521
v -31.467503 91.413826 4.364792
v -27.982666 92.241653 9.215170
v -27.982666 92.241653 9.215170
v -24.428717 95.473549 11.327906
v -26.651968 96.989365 8.038521
v -24.428717 95.473549 11.327906
v -27.982666 92.241653 9.215170
v -29.205547 87.250603 12.277637
v -33.737621 83.727219 10.356050
v -29.205547 87.250603 12.277637
v -27.982666 92.241653 9.215170
v -27.982666 92.241653 9.215170
v -31.467503 91.413826 4.364792
v -33.737621 83.727219 10.356050
v -31.467503 91.413826 4.364792
v -33.621761 84.029480 -0.416007
v -36.030167 84.525528 4.646825
v -36.030167 84.525528 4.646825
v -33.737621 83.727219 10.356050
v -31.467503 91.413826 4.364792
v -33.621761 84.029480 -0.416007
v -31.467503 91.413826 4.364792
v -27.033484 91.915611 0.791283
v -27.033484 91.915611 0.791283
v -29.433920 87.559578 -2.201880
v -33.621761 84.029480 -0.416007
v -35.855511 81.687042 -2.201880
v -35.716370 82.436607 0.791283
v -32.550762 84.776535 -1.826794
v -35.127449 86.769684 1.787467
v -32.550762 84.776535 -1.826794
v -35.716370 82.436607 0.791283
v -35.716370 82.436607 0.791283
v -38.462746 82.761841 4.364792
v -35.127449 86.769684 1.787467
v -37.023529 86.306198 5.130919
v -35.127449 86.769684 1.787467
v -38.462746 82.761841 4.364792
v -38.462746 82.761841 4.364792
v -34.991013 86.921753 8.038521
v -37.023529 86.306198 5.130919
v -34.991013 86.921753 8.038521
v -38.462746 82.761841 4.364792
v -35.716904 83.092194 9.215170
v -35.716904 83.092194 9.215170
v -32.524380 85.099556 11.327906
v -34.991013 86.921753 8.038521
v -32.524380 85.099556 11.327906
v -35.716904 83.092194 9.215170
v -35.586864 81.412361 12.277637
v -37.485130 78.576447 10.356050
v -35.586864 81.412361 12.277637
v -35.716904 83.092194 9.215170
v -35.716904 83.092194 9.215170
v -38.462746 82.761841 4.364792
v -37.485130 78.576447 10.356050
v -38.462746 82.761841 4.364792
v -37.411884 78.891762 -0.416007
v -39.980026 78.162125 4.646825
v -39.980026 78.162125 4.646825
v -37.485130 78.576447 10.356050
v -38.462746 82.761841 4.364792
v -37.411884 78.891762 -0.416007
v -38.462746 82.761841 4.364792
v -35.716370 82.436607 0.791283
v -35.716370 82.436607 0.791283
v -35.855511 81.687042 -2.201880
v -37.411884 78.891762 -0.416007
v 25.685394 71.096802 7.593622
v 23.840565 74.436394 10.162474
v 28.124046 70.473961 11.308228
v 21.296095 76.449165 12.517840
v 28.124046 70.473961 11.308228
v 23.840565 74.436394 10.162474
v 28.124046 70.473961 11.308228
v 21.296095 76.449165 12.517840
v 27.876593 69.370148 14.159989
v 18.907570 77.571823 15.107899
v 27.876593 69.370148 14.159989
v 21.296095 76.449165 12.517840
v 27.876593 69.370148 14.159989
v 18.907570 77.571823 15.107899
v 19.757524 74.545334 17.541410
v 19.757524 74.545334 17.541410
v 23.478392 68.578636 17.139154
v 27.876593 69.370148 14.159989
v 23.478392 68.578636 17.139154
v 19.757524 74.545334 17.541410
v 20.999250 69.002167 19.869196
v 20.999250 69.002167 19.869196
v 21.691044 65.083420 20.771946
v 23.478392 68.578636 17.139154
v 25.259209 62.123055 17.085091
v 23.478392 68.578636 17.139154
v 21.691044 65.083420 20.771946
v 23.478392 68.578636 17.139154
v 25.259209 62.123055 17.085091
v 27.876593 69.370148 14.159989
v 27.876593 69.370148 14.159989
v 29.785088 59.944134 12.926444
v 29.149401 65.410408 10.212919
v 29.785088 59.944134 12.926444
v 27.876593 69.370148 14.159989
v 25.259209 62.123055 17.085091
v 29.149401 65.410408 10.212919
v 28.124046 70.473961 11.308228
v 27.876593 69.370148 14.159989
v 28.124046 70.473961 11.308228
v 29.149401 65.410408 10.212919
v 25.685394 71.096802 7.593622
v -25.648857 71.096802 7.593622
v -28.087509 70.473961 11.308228
v -23.804028 74.436394 10.162474
v -21.259556 76.449165 12.517840
v -23.804028 74.436394 10.162474
v -28.087509 70.473961 11.308228
v -27.840054 69.370148 14.159989
v -19.720985 74.545334 17.541410
v -18.871031 77.571823 15.107899
v -19.720985 74.545334 17.541410
v -27.840054 69.370148 14.159989
v -23.441854 68.578636 17.139154
v -23.441854 68.578636 17.139154
v -20.962713 69.002167 19.869196
v -19.720985 74.545334 17.541410
v -20.962713 69.002167 19.869196
v -23.441854 68.578636 17.139154
v -21.654507 65.083420 20.771946
v -25.222672 62.123055 17.085091
v -21.654507 65.083420 20.771946
v -23.441854 68.578636 17.139154
v -23.441854 68.578636 17.139154
v -27.840054 69.370148 14.159989
v -25.222672 62.123055 17.085091
v -28.087509 70.473961 11.308228
v -27.840054 69.370148 14.159989
v -21.259556 76.449165 12.517840
v -18.871031 77.571823 15.107899
v -21.259556 76.449165 12.517840
v -27.840054 69.370148 14.159989
v -27.840054 69.370148 14.159989
v -29.112862 65.410408 10.212919
v -29.748549 59.944134 12.926444
v -29.748549 59.944134 12.926444
v -25.222672 62.123055 17.085091
v -27.840054 69.370148 14.159989
v -29.112862 65.410408 10.212919
v -27.840054 69.370148 14.159989
v -28.087509 70.473961 11.308228
v -28.087509 70.473961 11.308228
v -25.648857 71.096802 7.593622
v -29.112862 65.410408 10.212919
v -22.862078 44.726048 23.945850
v -23.534714 51.475586 28.999826
v -22.496647 59.016285 23.022877
v -23.020580 63.254536 29.612932
v -22.496647 59.016285 23.022877
v -23.534714 51.475586 28.999826
v -23.534714 51.475586 28.999826
v -24.810007 50.053020 37.441769
v -23.020580 63.254536 29.612932
v -24.967712 65.114365 35.599258
v -23.020580 63.254536 29.612932
v -24.810007 50.053020 37.441769
v -24.810007 50.053020 37.441769
v -20.707932 63.938679 40.477100
v -24.967712 65.114365 35.599258
v -20.707932 63.938679 40.477100
v -24.810007 50.053020 37.441769
v -20.517387 51.803410 43.676659
v -20.517387 51.803410 43.676659
v -17.682812 61.452000 45.538189
v -20.707932 63.938679 40.477100
v -17.682812 61.452000 45.538189
v -20.517387 51.803410 43.676659
v -18.018023 47.146305 50.343712
v -19.801571 40.120457 46.074532
v -18.018023 47.146305 50.343712
v -20.517387 51.803410 43.676659
v -20.517387 51.803410 43.676659
v -24.810007 50.053020 37.441769
v -19.801571 40.120457 46.074532
v -23.991756 39.469051 30.249378
v -24.810007 50.053020 37.441769
v -23.534714 51.475586 28.999826
v -23.534714 51.475586 28.999826
v -22.862078 44.726048 23.945850
v -23.991756 39.469051 30.249378
v -24.810007 50.053020 37.441769
v -23.991756 39.469051 30.249378
v -24.425861 32.954151 39.651833
v -24.425861 32.954151 39.651833
v -19.801571 40.120457 46.074532
v -24.810007 50.053020 37.441769
v -24.357687 52.373207 32.345779
v -24.589035 54.694672 34.084064
v -24.231998 57.288254 32.028328
v -24.412203 58.745975 34.294937
v -24.231998 57.288254 32.028328
v -24.589035 54.694672 34.084064
v -24.589035 54.694672 34.084064
v -25.027666 54.205391 36.987621
v -24.412203 58.745975 34.294937
v -24.746233 50.565094 34.513840
v -25.027666 54.205391 36.987621
v -24.589035 54.694672 34.084064
v -24.589035 54.694672 34.084064
v -24.357687 52.373207 32.345779
v -24.746233 50.565094 34.513840
v -25.081907 59.385654 36.353901
v -24.412203 58.745975 34.294937
v -25.027666 54.205391 36.987621
v -25.027666 54.205391 36.987621
v -23.616779 58.981281 38.031609
v -25.081907 59.385654 36.353901
v -23.616779 58.981281 38.031609
v -25.027666 54.205391 36.987621
v -23.551243 54.807426 39.132076
v -23.551243 54.807426 39.132076
v -25.027666 54.205391 36.987621
v -23.305042 50.789143 39.956810
v -25.027666 54.205391 36.987621
v -24.746233 50.565094 34.513840
v -24.895540 48.324333 37.747761
v -24.895540 48.324333 37.747761
v -23.305042 50.789143 39.956810
v -25.027666 54.205391 36.987621
v -23.551243 54.807426 39.132076
v -22.576307 58.126003 39.772339
v -23.616779 58.981281 38.031609
v -22.576307 58.126003 39.772339
v -23.551243 54.807426 39.132076
v -22.691601 53.205643 41.425171
v -23.305042 50.789143 39.956810
v -22.691601 53.205643 41.425171
v -23.551243 54.807426 39.132076
v 20.324675 63.938679 40.424686
v 20.064537 51.803410 43.619339
v 24.491842 50.053020 37.479355
v 20.064537 51.803410 43.619339
v 20.324675 63.938679 40.424686
v 17.190117 61.452000 45.418736
v 17.190117 61.452000 45.418736
v 17.420654 47.146305 50.230412
v 20.064537 51.803410 43.619339
v 19.296701 40.120457 46.001064
v 20.064537 51.803410 43.619339
v 17.420654 47.146305 50.230412
v 20.064537 51.803410 43.619339
v 19.296701 40.120457 46.001064
v 24.491842 50.053020 37.479355
v 22.838114 44.726048 23.944237
v 22.492857 59.016285 23.013529
v 23.400591 51.475586 29.011654
v 22.873234 63.254536 29.613426
v 23.400591 51.475586 29.011654
v 22.492857 59.016285 23.013529
v 23.400591 51.475586 29.011654
v 22.873234 63.254536 29.613426
v 24.491842 50.053020 37.479355
v 23.830328 39.469051 30.270859
v 23.400591 51.475586 29.011654
v 24.491842 50.053020 37.479355
v 23.400591 51.475586 29.011654
v 23.830328 39.469051 30.270859
v 22.838114 44.726048 23.944237
v 24.689611 65.114365 35.640713
v 24.491842 50.053020 37.479355
v 22.873234 63.254536 29.613426
v 24.491842 50.053020 37.479355
v 24.689611 65.114365 35.640713
v 20.324675 63.938679 40.424686
v 24.491842 50.053020 37.479355
v 24.059687 32.954151 39.680534
v 23.830328 39.469051 30.270859
v 24.059687 32.954151 39.680534
v 24.491842 50.053020 37.479355
v 19.296701 40.120457 46.001064
v 24.344004 54.694672 34.117634
v 24.162622 58.745975 34.324612
v 24.719334 54.205391 37.030052
v 24.491810 50.565094 34.550732
v 24.344004 54.694672 34.117634
v 24.719334 54.205391 37.030052
v 24.787355 59.385654 36.397663
v 24.719334 54.205391 37.030052
v 24.162622 58.745975 34.324612
v 24.719334 54.205391 37.030052
v 24.787355 59.385654 36.397663
v 23.286060 58.981281 38.043083
v 23.286060 58.981281 38.043083
v 23.196587 54.807426 39.141865
v 24.719334 54.205391 37.030052
v 23.196587 54.807426 39.141865
v 22.932495 50.789143 39.961044
v 24.719334 54.205391 37.030052
v 24.719334 54.205391 37.030052
v 24.570696 48.324333 37.787136
v 24.491810 50.565094 34.550732
v 24.570696 48.324333 37.787136
v 24.719334 54.205391 37.030052
v 22.932495 50.789143 39.961044
v 24.344004 54.694672 34.117634
v 24.491810 50.565094 34.550732
v 24.150543 52.373207 32.374725
v 22.932495 50.789143 39.961044
v 23.196587 54.807426 39.141865
v 22.287239 53.205643 41.415707
v 24.150543 52.373207 32.374725
v 24.031794 57.288254 32.054615
v 24.344004 54.694672 34.117634
v 22.207947 58.126003 39.760757
v 22.287239 53.205643 41.415707
v 23.196587 54.807426 39.141865
v 24.162622 58.745975 34.324612
v 24.344004 54.694672 34.117634
v 24.031794 57.288254 32.054615
v 23.196587 54.807426 39.141865
v 23.286060 58.981281 38.043083
v 22.207947 58.126003 39.760757
vn 0.169849 0.360655 -0.917104
vn 0.139656 0.352317 -0.925402
vn 0.278942 0.420316 -0.863438
vn 0.343053 0.413861 -0.843228
vn 0.278942 0.420316 -0.863438
vn 0.139656 0.352317 -0.925402
vn 0.278942 0.420316 -0.863438
vn 0.343053 0.413861 -0.843228
vn 0.769329 0.632591 -0.089232
vn 0.767656 0.617704 -0.170722
vn 0.769329 0.632591 -0.089232
vn 0.343053 0.413861 -0.843228
vn 0.769329 0.632591 -0.089232
vn 0.767656 0.617704 -0.170722
vn 0.594299 0.439481 0.673547
vn 0.594299 0.439481 0.673547
vn 0.569082 0.369183 0.734745
vn 0.769329 0.632591 -0.089232
vn 0.569082 0.369183 0.734745
vn 0.594299 0.439481 0.673547
vn 0.447873 0.323376 0.833569
vn 0.447873 0.323376 0.833569
vn 0.495266 0.295864 0.816809
vn 0.569082 0.369183 0.734745
vn 0.611775 0.376893 0.695473
vn 0.569082 0.369183 0.734745
vn 0.495266 0.295864 0.816809
vn 0.569082 0.369183 0.734745
vn 0.611775 0.376893 0.695473
vn 0.769329 0.632591 -0.089232
vn 0.769329 0.632591 -0.089232
vn 0.782145 0.622195 0.033503
vn 0.419970 0.458488 -0.783208
vn 0.782145 0.622195 0.033503
vn 0.769329 0.632591 -0.089232
vn 0.611775 0.376893 0.695473
vn 0.419970 0.458488 -0.783208
vn 0.278942 0.420316 -0.863438
vn 0.769329 0.632591 -0.089232
vn 0.278942 0.420316 -0.863438
vn 0.419970 0.458488 -0.783208
vn 0.169849 0.360655 -0.917104
vn 0.217777 0.333908 -0.917104
vn 0.186724 0.329795 -0.925402
vn 0.334031 0.378018 -0.863438
vn 0.396648 0.362819 -0.843228
vn 0.334031 0.378018 -0.863438
vn 0.186724 0.329795 -0.925402
vn 0.334031 0.378018 -0.863438
vn 0.396648 0.362819 -0.843228
vn 0.848926 0.520924 -0.089232
vn 0.845224 0.506409 -0.170722
vn 0.848926 0.520924 -0.089232
vn 0.396648 0.362819 -0.843228
vn 0.848926 0.520924 -0.089232
vn 0.845224 0.506409 -0.170722
vn 0.649030 0.353686 0.673547
vn 0.649030 0.353686 0.673547
vn 0.614397 0.287518 0.734745
vn 0.848926 0.520924 -0.089232
vn 0.614397 0.287518 0.734745
vn 0.649030 0.353686 0.673547
vn 0.488046 0.258793 0.833569
vn 0.488046 0.258793 0.833569
vn 0.531210 0.225033 0.816809
vn 0.614397 0.287518 0.734745
vn 0.657745 0.289291 0.695473
vn 0.614397 0.287518 0.734745
vn 0.531210 0.225033 0.816809
vn 0.614397 0.287518 0.734745
vn 0.657745 0.289291 0.695473
vn 0.848926 0.520924 -0.089232
vn 0.848926 0.520924 -0.089232
vn 0.860193 0.508867 0.033503
vn 0.478965 0.396458 -0.783208
vn 0.860193 0.508867 0.033503
vn 0.848926 0.520924 -0.089232
vn 0.657745 0.289291 0.695473
vn 0.478965 0.396458 -0.783208
vn 0.334031 0.378018 -0.863438
vn 0.848926 0.520924 -0.089232
vn 0.334031 0.378018 -0.863438
vn 0.478965 0.396458 -0.783208
vn 0.217777 0.333908 -0.917104
vn -0.169849 0.360655 -0.917104
vn -0.278942 0.420316 -0.863438
vn -0.139656 0.352317 -0.925402
vn -0.343053 0.413861 -0.843228
vn -0.139656 0.352317 -0.925402
vn -0.278942 0.420316 -0.863438
vn -0.278942 0.420316 -0.863438
vn -0.769329 0.632591 -0.089232
vn -0.343053 0.413861 -0.843228
vn -0.767656 0.617704 -0.170722
vn -0.343053 0.413861 -0.843228
vn -0.769329 0.632591 -0.089232
vn -0.769329 0.632591 -0.089232
vn -0.594299 0.439481 0.673547
vn -0.767656 0.617704 -0.170722
vn -0.594299 0.439481 0.673547
vn -0.769329 0.632591 -0.089232
vn -0.569082 0.369183 0.734745
vn -0.569082 0.369183 0.734745
vn -0.447873 0.323376 0.833569
vn -0.594299 0.439481 0.673547
vn -0.447873 0.323376 0.833569
vn -0.569082 0.369183 0.734745
vn -0.495266 0.295864 0.816809
vn -0.611775 0.376893 0.695473
vn -0.495266 0.295864 0.816809
vn -0.569082 0.369183 0.734745
vn -0.569082 0.369183 0.734745
vn -0.769329 0.632591 -0.089232
vn -0.611775 0.376893 0.695473
vn -0.769329 0.632591 -0.089232
vn -0.419970 0.458488 -0.783208
vn -0.782145 0.622195 0.033503
vn -0.782145 0.622195 0.033503
vn -0.611775 0.376893 0.695473
vn -0.769329 0.632591 -0.089232
vn -0.419970 0.458488 -0.783208
vn -0.769329 0.632591 -0.089232
vn -0.278942 0.420316 -0.863438
vn -0.278942 0.420316 -0.863438
vn -0.169849 0.360655 -0.917104
vn -0.419970 0.458488 -0.783208
vn -0.217777 0.333908 -0.917104
vn -0.334031 0.378018 -0.863438
vn -0.186724 0.329795 -0.925402
vn -0.396648 0.362819 -0.843228
vn -0.186724 0.329795 -0.925402
vn -0.334031 0.378018 -0.863438
vn -0.334031 0.378018 -0.863438
vn -0.848926 0.520924 -0.089232
vn -0.396648 0.362819 -0.843228
vn -0.845224 0.506409 -0.170722
vn -0.396648 0.362819 -0.843228
vn -0.848926 0.520924 -0.089232
vn -0.848926 0.520924 -0.089232
vn -0.649030 0.353686 0.673547
vn -0.845224 0.506409 -0.170722
vn -0.649030 0.353686 0.673547
vn -0.848926 0.520924 -0.089232
vn -0.614397 0.287518 0.734745
vn -0.614397 0.287518 0.734745
vn -0.488046 0.258793 0.833569
vn -0.649030 0.353686 0.673547
vn -0.488046 0.258793 0.833569
vn -0.614397 0.287518 0.734745
vn -0.531210 0.225033 0.816809
vn -0.657745 0.289291 0.695473
vn -0.531210 0.225033 0.816809
vn -0.614397 0.287518 0.734745
vn -0.614397 0.287518 0.734745
vn -0.848926 0.520924 -0.089232
vn -0.657745 0.289291 0.695473
vn -0.848926 0.520924 -0.089232
vn -0.478965 0.396458 -0.783208
vn -0.860193 0.508867 0.033503
vn -0.860193 0.508867 0.033503
vn -0.657745 0.289291 0.695473
vn -0.848926 0.520924 -0.089232
vn -0.478965 0.396458 -0.783208
vn -0.848926 0.520924 -0.089232
vn -0.334031 0.378018 -0.863438
vn -0.334031 0.378018 -0.863438
vn -0.217777 0.333908 -0.917104
vn -0.478965 0.396458 -0.783208
vn 0.646128 0.649219 -0.401290
vn 0.629886 0.647284 -0.429263
vn 0.684908 0.675092 -0.274139
vn 0.721833 0.655840 -0.220976
vn 0.684908 0.675092 -0.274139
vn 0.629886 0.647284 -0.429263
vn 0.684908 0.675092 -0.274139
vn 0.721833 0.655840 -0.220976
vn 0.532635 0.547548 0.645361
vn 0.585251 0.563235 0.583308
vn 0.532635 0.547548 0.645361
vn 0.721833 0.655840 -0.220976
vn 0.532635 0.547548 0.645361
vn 0.585251 0.563235 0.583308
vn -0.048350 0.109912 0.992765
vn -0.048350 0.109912 0.992765
vn -0.094197 0.024972 0.995240
vn 0.532635 0.547548 0.645361
vn -0.094197 0.024972 0.995240
vn -0.048350 0.109912 0.992765
vn -0.240627 -0.041831 0.969716
vn -0.240627 -0.041831 0.969716
vn -0.189516 -0.065753 0.979674
vn -0.094197 0.024972 0.995240
vn -0.038387 0.042290 0.998368
vn -0.094197 0.024972 0.995240
vn -0.189516 -0.065753 0.979674
vn -0.094197 0.024972 0.995240
vn -0.038387 0.042290 0.998368
vn 0.532635 0.547548 0.645361
vn 0.532635 0.547548 0.645361
vn 0.466720 0.492500 0.734585
vn 0.734758 0.668472 -0.115224
vn 0.466720 0.492500 0.734585
vn 0.532635 0.547548 0.645361
vn -0.038387 0.042290 0.998368
vn 0.734758 0.668472 -0.115224
vn 0.684908 0.675092 -0.274139
vn 0.532635 0.547548 0.645361
vn 0.684908 0.675092 -0.274139
vn 0.734758 0.668472 -0.115224
vn 0.646128 0.649219 -0.401290
vn -0.646128 0.649219 -0.401290
vn -0.684908 0.675092 -0.274139
vn -0.629886 0.647284 -0.429263
vn -0.721833 0.655840 -0.220976
vn -0.629886 0.647284 -0.429263
vn -0.684908 0.675092 -0.274139
vn -0.532635 0.547548 0.645361
vn 0.048350 0.109912 0.992765
vn -0.585251 0.563235 0.583308
vn 0.048350 0.109912 0.992765
vn -0.532635 0.547548 0.645361
vn 0.094197 0.024972 0.995240
vn 0.094197 0.024972 0.995240
vn 0.240627 -0.041831 0.969716
vn 0.048350 0.109912 0.992765
vn 0.240627 -0.041831 0.969716
vn 0.094197 0.024972 0.995240
vn 0.189516 -0.065753 0.979674
vn 0.038387 0.042290 0.998368
vn 0.189516 -0.065753 0.979674
vn 0.094197 0.024972 0.995240
vn 0.094197 0.024972 0.995240
vn -0.532635 0.547548 0.645361
vn 0.038387 0.042290 0.998368
vn -0.684908 0.675092 -0.274139
vn -0.532635 0.547548 0.645361
vn -0.721833 0.655840 -0.220976
vn -0.585251 0.563235 0.583308
vn -0.721833 0.655840 -0.220976
vn -0.532635 0.547548 0.645361
vn -0.532635 0.547548 0.645361
vn -0.734758 0.668472 -0.115224
vn -0.466720 0.492500 0.734585
vn -0.466720 0.492500 0.734585
vn 0.038387 0.042290 0.998368
vn -0.532635 0.547548 0.645361
vn -0.734758 0.668472 -0.115224
vn -0.532635 0.547548 0.645361
vn -0.684908 0.675092 -0.274139
vn -0.684908 0.675092 -0.274139
vn -0.646128 0.649219 -0.401290
vn -0.734758 0.668472 -0.115224
vn -0.465751 0.205426 -0.860742
vn -0.577584 0.220756 -0.785916
vn -0.436836 0.209101 -0.874901
vn -0.628894 0.190951 -0.753677
vn -0.436836 0.209101 -0.874901
vn -0.577584 0.220756 -0.785916
vn -0.577584 0.220756 -0.785916
vn -0.959435 0.272517 0.072249
vn -0.628894 0.190951 -0.753677
vn -0.967091 0.254296 -0.008216
vn -0.628894 0.190951 -0.753677
vn -0.959435 0.272517 0.072249
vn -0.959435 0.272517 0.072249
vn -0.584203 0.212951 0.783172
vn -0.967091 0.254296 -0.008216
vn -0.584203 0.212951 0.783172
vn -0.959435 0.272517 0.072249
vn -0.522265 0.162281 0.837200
vn -0.522265 0.162281 0.837200
vn -0.376835 0.174187 0.909755
vn -0.584203 0.212951 0.783172
vn -0.376835 0.174187 0.909755
vn -0.522265 0.162281 0.837200
vn -0.411588 0.129262 0.902157
vn -0.570967 0.150073 0.807140
vn -0.411588 0.129262 0.902157
vn -0.522265 0.162281 0.837200
vn -0.522265 0.162281 0.837200
vn -0.959435 0.272517 0.072249
vn -0.570967 0.150073 0.807140
vn -0.704657 0.205532 -0.679128
vn -0.959435 0.272517 0.072249
vn -0.577584 0.220756 -0.785916
vn -0.577584 0.220756 -0.785916
vn -0.465751 0.205426 -0.860742
vn -0.704657 0.205532 -0.679128
vn -0.959435 0.272517 0.072249
vn -0.704657 0.205532 -0.679128
vn -0.944108 0.265809 0.194952
vn -0.944108 0.265809 0.194952
vn -0.570967 0.150073 0.807140
vn -0.959435 0.272517 0.072249
vn -0.465751 0.205426 -0.860742
vn -0.577584 0.220756 -0.785916
vn -0.436836 0.209101 -0.874901
vn -0.628894 0.190951 -0.753677
vn -0.436836 0.209101 -0.874901
vn -0.577584 0.220756 -0.785916
vn -0.577584 0.220756 -0.785916
vn -0.959435 0.272517 0.072249
vn -0.628894 0.190951 -0.753677
vn -0.704657 0.205532 -0.679128
vn -0.959435 0.272517 0.072249
vn -0.577584 0.220756 -0.785916
vn -0.577584 0.220756 -0.785916
vn -0.465751 0.205426 -0.860742
vn -0.704657 0.205532 -0.679128
vn -0.967091 0.254296 -0.008216
vn -0.628894 0.190951 -0.753677
vn -0.959435 0.272517 0.072249
vn -0.959435 0.272517 0.072249
vn -0.584203 0.212951 0.783172
vn -0.967091 0.254296 -0.008216
vn -0.584203 0.212951 0.783172
vn -0.959435 0.272517 0.072249
vn -0.522265 0.162281 0.837200
vn -0.522265 0.162281 0.837200
vn -0.959435 0.272517 0.072249
vn -0.570967 0.150073 0.807140
vn -0.959435 0.272517 0.072249
vn -0.704657 0.205532 -0.679128
vn -0.944108 0.265809 0.194952
vn -0.944108 0.265809 0.194952
vn -0.570967 0.150073 0.807140
vn -0.959435 0.272517 0.072249
vn -0.522265 0.162281 0.837200
vn -0.376835 0.174187 0.909755
vn -0.584203 0.212951 0.783172
vn -0.376835 0.174187 0.909755
vn -0.522265 0.162281 0.837200
vn -0.411588 0.129262 0.902157
vn -0.570967 0.150073 0.807140
vn -0.411588 0.129262 0.902157
vn -0.522265 0.162281 0.837200
vn 0.567019 0.212951 0.795702
vn 0.503920 0.162281 0.848369
vn 0.957635 0.272517 0.093114
vn 0.503920 0.162281 0.848369
vn 0.567019 0.212951 0.795702
vn 0.356945 0.174187 0.917742
vn 0.356945 0.174187 0.917742
vn 0.391855 0.129262 0.910901
vn 0.503920 0.162281 0.848369
vn 0.553264 0.150073 0.819376
vn 0.503920 0.162281 0.848369
vn 0.391855 0.129262 0.910901
vn 0.503920 0.162281 0.848369
vn 0.553264 0.150073 0.819376
vn 0.957635 0.272517 0.093114
vn 0.484374 0.205426 -0.850401
vn 0.455775 0.209101 -0.865186
vn 0.594553 0.220756 -0.773158
vn 0.645149 0.190951 -0.739811
vn 0.594553 0.220756 -0.773158
vn 0.455775 0.209101 -0.865186
vn 0.594553 0.220756 -0.773158
vn 0.645149 0.190951 -0.739811
vn 0.957635 0.272517 0.093114
vn 0.719271 0.205532 -0.663630
vn 0.594553 0.220756 -0.773158
vn 0.957635 0.272517 0.093114
vn 0.594553 0.220756 -0.773158
vn 0.719271 0.205532 -0.663630
vn 0.484374 0.205426 -0.850401
vn 0.967041 0.254296 0.012835
vn 0.957635 0.272517 0.093114
vn 0.645149 0.190951 -0.739811
vn 0.957635 0.272517 0.093114
vn 0.967041 0.254296 0.012835
vn 0.567019 0.212951 0.795702
vn 0.957635 0.272517 0.093114
vn 0.939641 0.265809 0.215454
vn 0.719271 0.205532 -0.663630
vn 0.939641 0.265809 0.215454
vn 0.957635 0.272517 0.093114
vn 0.553264 0.150073 0.819376
vn 0.594553 0.220756 -0.773158
vn 0.645149 0.190951 -0.739811
vn 0.957635 0.272517 0.093114
vn 0.719271 0.205532 -0.663630
vn 0.594553 0.220756 -0.773158
vn 0.957635 0.272517 0.093114
vn 0.967041 0.254296 0.012835
vn 0.957635 0.272517 0.093114
vn 0.645149 0.190951 -0.739811
vn 0.957635 0.272517 0.093114
vn 0.967041 0.254296 0.012835
vn 0.567019 0.212951 0.795702
vn 0.567019 0.212951 0.795702
vn 0.503920 0.162281 0.848369
vn 0.957635 0.272517 0.093114
vn 0.503920 0.162281 0.848369
vn 0.553264 0.150073 0.819376
vn 0.957635 0.272517 0.093114
vn 0.957635 0.272517 0.093114
vn 0.939641 0.265809 0.215454
vn 0.719271 0.205532 -0.663630
vn 0.939641 0.265809 0.215454
vn 0.957635 0.272517 0.093114
vn 0.553264 0.150073 0.819376
vn 0.594553 0.220756 -0.773158
vn 0.719271 0.205532 -0.663630
vn 0.484374 0.205426 -0.850401
vn 0.553264 0.150073 0.819376
vn 0.503920 0.162281 0.848369
vn 0.391855 0.129262 0.910901
vn 0.484374 0.205426 -0.850401
vn 0.455775 0.209101 -0.865186
vn 0.594553 0.220756 -0.773158
vn 0.356945 0.174187 0.917742
vn 0.391855 0.129262 0.910901
vn 0.503920 0.162281 0.848369
vn 0.645149 0.190951 -0.739811
vn 0.594553 0.220756 -0.773158
vn 0.455775 0.209101 -0.865186
vn 0.503920 0.162281 0.848369
vn 0.567019 0.212951 0.795702
vn 0.356945 0.174187 0.917742
vt 0.723553 0.876795
vt 0.723705 0.907427
vt 0.818197 0.906279
vt 0.723400 0.947337
vt 0.818197 0.906279
vt 0.723705 0.907427
vt 0.818197 0.906279
vt 0.723400 0.947337
vt 0.858504 0.915192
vt 0.724006 0.960433
vt 0.858504 0.915192
vt 0.723400 0.947337
vt 0.858504 0.915192
vt 0.724006 0.960433
vt 0.723400 0.947337
vt 0.723400 0.947337
vt 0.818197 0.906279
vt 0.858504 0.915192
vt 0.818197 0.906279
vt 0.723400 0.947337
vt 0.723705 0.907427
vt 0.723705 0.907427
vt 0.723553 0.876795
vt 0.818197 0.906279
vt 0.723261 0.864166
vt 0.818197 0.906279
vt 0.723553 0.876795
vt 0.818197 0.906279
vt 0.723261 0.864166
vt 0.858504 0.915192
vt 0.858504 0.915192
vt 0.723205 0.852227
vt 0.723261 0.864166
vt 0.723205 0.852227
vt 0.858504 0.915192
vt 0.723261 0.864166
vt 0.723261 0.864166
vt 0.818197 0.906279
vt 0.858504 0.915192
vt 0.818197 0.906279
vt 0.723261 0.864166
vt 0.723553 0.876795
vt 0.723553 0.876795
vt 0.723705 0.907427
vt 0.818197 0.906279
vt 0.723400 0.947337
vt 0.818197 0.906279
vt 0.723705 0.907427
vt 0.818197 0.906279
vt 0.723400 0.947337
vt 0.858504 0.915192
vt 0.724006 0.960433
vt 0.858504 0.915192
vt 0.723400 0.947337
vt 0.858504 0.915192
vt 0.724006 0.960433
vt 0.723400 0.947337
vt 0.723400 0.947337
vt 0.818197 0.906279
vt 0.858504 0.915192
vt 0.818197 0.906279
vt 0.723400 0.947337
vt 0.723705 0.907427
vt 0.723705 0.907427
vt 0.723553 0.876795
vt 0.818197 0.906279
vt 0.723261 0.864166
vt 0.818197 0.906279
vt 0.723553 0.876795
vt 0.818197 0.906279
vt 0.723261 0.864166
vt 0.858504 0.915192
vt 0.858504 0.915192
vt 0.723205 0.852227
vt 0.723261 0.864166
vt 0.723205 0.852227
vt 0.858504 0.915192
vt 0.723261 0.864166
vt 0.723261 0.864166
vt 0.818197 0.906279
vt 0.858504 0.915192
vt 0.818197 0.906279
vt 0.723261 0.864166
vt 0.723553 0.876795
vt 0.723553 0.876795
vt 0.818197 0.906279
vt 0.723705 0.907427
vt 0.723400 0.947337
vt 0.723705 0.907427
vt 0.818197 0.906279
vt 0.818197 0.906279
vt 0.858504 0.915192
vt 0.723400 0.947337
vt 0.724006 0.960433
vt 0.723400 0.947337
vt 0.858504 0.915192
vt 0.858504 0.915192
vt 0.723400 0.947337
vt 0.724006 0.960433
vt 0.723400 0.947337
vt 0.858504 0.915192
vt 0.818197 0.906279
vt 0.818197 0.906279
vt 0.723705 0.907427
vt 0.723400 0.947337
vt 0.723705 0.907427
vt 0.818197 0.906279
vt 0.723553 0.876795
vt 0.723261 0.864166
vt 0.723553 0.876795
vt 0.818197 0.906279
vt 0.818197 0.906279
vt 0.858504 0.915192
vt 0.723261 0.864166
vt 0.858504 0.915192
vt 0.723261 0.864166
vt 0.723205 0.852227
vt 0.723205 0.852227
vt 0.723261 0.864166
vt 0.858504 0.915192
vt 0.723261 0.864166
vt 0.858504 0.915192
vt 0.818197 0.906279
vt 0.818197 0.906279
vt 0.723553 0.876795
vt 0.723261 0.864166
vt 0.723553 0.876795
vt 0.818197 0.906279
vt 0.723705 0.907427
vt 0.723400 0.947337
vt 0.723705 0.907427
vt 0.818197 0.906279
vt 0.818197 0.906279
vt 0.858504 0.915192
vt 0.723400 0.947337
vt 0.724006 0.960433
vt 0.723400 0.947337
vt 0.858504 0.915192
vt 0.858504 0.915192
vt 0.723400 0.947337
vt 0.724006 0.960433
vt 0.723400 0.947337
vt 0.858504 0.915192
vt 0.818197 0.906279
vt 0.818197 0.906279
vt 0.723705 0.907427
vt 0.723400 0.947337
vt 0.723705 0.907427
vt 0.818197 0.906279
vt 0.723553 0.876795
vt 0.723261 0.864166
vt 0.723553 0.876795
vt 0.818197 0.906279
vt 0.818197 0.906279
vt 0.858504 0.915192
vt 0.723261 0.864166
vt 0.858504 0.915192
vt 0.723261 0.864166
vt 0.723205 0.852227
vt 0.723205 0.852227
vt 0.723261 0.864166
vt 0.858504 0.915192
vt 0.723261 0.864166
vt 0.858504 0.915192
vt 0.818197 0.906279
vt 0.818197 0.906279
vt 0.723553 0.876795
vt 0.723261 0.864166
vt 0.723553 0.876795
vt 0.723705 0.907427
vt 0.818197 0.906279
vt 0.723400 0.947337
vt 0.818197 0.906279
vt 0.723705 0.907427
vt 0.818197 0.906279
vt 0.723400 0.947337
vt 0.858504 0.915192
vt 0.724006 0.960433
vt 0.858504 0.915192
vt 0.723400 0.947337
vt 0.858504 0.915192
vt 0.724006 0.960433
vt 0.723400 0.947337
vt 0.723400 0.947337
vt 0.818197 0.906279
vt 0.858504 0.915192
vt 0.818197 0.906279
vt 0.723400 0.947337
vt 0.723705 0.907427
vt 0.723705 0.907427
vt 0.723553 0.876795
vt 0.818197 0.906279
vt 0.723261 0.864166
vt 0.818197 0.906279
vt 0.723553 0.876795
vt 0.818197 0.906279
vt 0.723261 0.864166
vt 0.858504 0.915192
vt 0.858504 0.915192
vt 0.723205 0.852227
vt 0.723261 0.864166
vt 0.723205 0.852227
vt 0.858504 0.915192
vt 0.723261 0.864166
vt 0.723261 0.864166
vt 0.818197 0.906279
vt 0.858504 0.915192
vt 0.818197 0.906279
vt 0.723261 0.864166
vt 0.723553 0.876795
vt 0.723553 0.876795
vt 0.818197 0.906279
vt 0.723705 0.907427
vt 0.723400 0.947337
vt 0.723705 0.907427
vt 0.818197 0.906279
vt 0.858504 0.915192
vt 0.723400 0.947337
vt 0.724006 0.960433
vt 0.723400 0.947337
vt 0.858504 0.915192
vt 0.818197 0.906279
vt 0.818197 0.906279
vt 0.723705 0.907427
vt 0.723400 0.947337
vt 0.723705 0.907427
vt 0.818197 0.906279
vt 0.723553 0.876795
vt 0.723261 0.864166
vt 0.723553 0.876795
vt 0.818197 0.906279
vt 0.818197 0.906279
vt 0.858504 0.915192
vt 0.723261 0.864166
vt 0.818197 0.906279
vt 0.858504 0.915192
vt 0.723400 0.947337
vt 0.724006 0.960433
vt 0.723400 0.947337
vt 0.858504 0.915192
vt 0.858504 0.915192
vt 0.723261 0.864166
vt 0.723205 0.852227
vt 0.723205 0.852227
vt 0.723261 0.864166
vt 0.858504 0.915192
vt 0.723261 0.864166
vt 0.858504 0.915192
vt 0.818197 0.906279
vt 0.818197 0.906279
vt 0.723553 0.876795
vt 0.723261 0.864166
vt 0.723553 0.876795
vt 0.818197 0.906279
vt 0.723705 0.907427
vt 0.723400 0.947337
vt 0.723705 0.907427
vt 0.818197 0.906279
vt 0.818197 0.906279
vt 0.858504 0.915192
vt 0.723400 0.947337
vt 0.724006 0.960433
vt 0.723400 0.947337
vt 0.858504 0.915192
vt 0.858504 0.915192
vt 0.723400 0.947337
vt 0.724006 0.960433
vt 0.723400 0.947337
vt 0.858504 0.915192
vt 0.818197 0.906279
vt 0.818197 0.906279
vt 0.723705 0.907427
vt 0.723400 0.947337
vt 0.723705 0.907427
vt 0.818197 0.906279
vt 0.723553 0.876795
vt 0.723261 0.864166
vt 0.723553 0.876795
vt 0.818197 0.906279
vt 0.818197 0.906279
vt 0.858504 0.915192
vt 0.723261 0.864166
vt 0.723261 0.864166
vt 0.858504 0.915192
vt 0.818197 0.906279
vt 0.818197 0.906279
vt 0.723553 0.876795
vt 0.723261 0.864166
vt 0.858504 0.915192
vt 0.723261 0.864166
vt 0.723205 0.852227
vt 0.723205 0.852227
vt 0.723261 0.864166
vt 0.858504 0.915192
vt 0.723553 0.876795
vt 0.818197 0.906279
vt 0.723705 0.907427
vt 0.723400 0.947337
vt 0.723705 0.907427
vt 0.818197 0.906279
vt 0.818197 0.906279
vt 0.858504 0.915192
vt 0.723400 0.947337
vt 0.723261 0.864166
vt 0.858504 0.915192
vt 0.818197 0.906279
vt 0.818197 0.906279
vt 0.723553 0.876795
vt 0.723261 0.864166
vt 0.724006 0.960433
vt 0.723400 0.947337
vt 0.858504 0.915192
vt 0.858504 0.915192
vt 0.723400 0.947337
vt 0.724006 0.960433
vt 0.723400 0.947337
vt 0.858504 0.915192
vt 0.818197 0.906279
vt 0.818197 0.906279
vt 0.858504 0.915192
vt 0.723261 0.864166
vt 0.858504 0.915192
vt 0.723261 0.864166
vt 0.723205 0.852227
vt 0.723205 0.852227
vt 0.723261 0.864166
vt 0.858504 0.915192
vt 0.818197 0.906279
vt 0.723705 0.907427
vt 0.723400 0.947337
vt 0.723705 0.907427
vt 0.818197 0.906279
vt 0.723553 0.876795
vt 0.723261 0.864166
vt 0.723553 0.876795
vt 0.818197 0.906279
vt 0.723400 0.947337
vt 0.818197 0.906279
vt 0.858504 0.915192
vt 0.818197 0.906279
vt 0.723400 0.947337
vt 0.723705 0.907427
vt 0.723705 0.907427
vt 0.723553 0.876795
vt 0.818197 0.906279
vt 0.723261 0.864166
vt 0.818197 0.906279
vt 0.723553 0.876795
vt 0.818197 0.906279
vt 0.723261 0.864166
vt 0.858504 0.915192
vt 0.723553 0.876795
vt 0.723705 0.907427
vt 0.818197 0.906279
vt 0.723400 0.947337
vt 0.818197 0.906279
vt 0.723705 0.907427
vt 0.818197 0.906279
vt 0.723400 0.947337
vt 0.858504 0.915192
vt 0.723261 0.864166
vt 0.818197 0.906279
vt 0.858504 0.915192
vt 0.818197 0.906279
vt 0.723261 0.864166
vt 0.723553 0.876795
vt 0.724006 0.960433
vt 0.858504 0.915192
vt 0.723400 0.947337
vt 0.858504 0.915192
vt 0.724006 0.960433
vt 0.723400 0.947337
vt 0.858504 0.915192
vt 0.723205 0.852227
vt 0.723261 0.864166
vt 0.723205 0.852227
vt 0.858504 0.915192
vt 0.723261 0.864166
vt 0.818197 0.906279
vt 0.723400 0.947337
vt 0.858504 0.915192
vt 0.723261 0.864166
vt 0.818197 0.906279
vt 0.858504 0.915192
vt 0.724006 0.960433
vt 0.858504 0.915192
vt 0.723400 0.947337
vt 0.858504 0.915192
vt 0.724006 0.960433
vt 0.723400 0.947337
vt 0.723400 0.947337
vt 0.818197 0.906279
vt 0.858504 0.915192
vt 0.818197 0.906279
vt 0.723261 0.864166
vt 0.858504 0.915192
vt 0.858504 0.915192
vt 0.723205 0.852227
vt 0.723261 0.864166
vt 0.723205 0.852227
vt 0.858504 0.915192
vt 0.723261 0.864166
vt 0.818197 0.906279
vt 0.723261 0.864166
vt 0.723553 0.876795
vt 0.723261 0.864166
vt 0.818197 0.906279
vt 0.723553 0.876795
vt 0.723553 0.876795
vt 0.723705 0.907427
vt 0.818197 0.906279
vt 0.723705 0.907427
vt 0.723553 0.876795
vt 0.818197 0.906279
vt 0.723400 0.947337
vt 0.818197 0.906279
vt 0.723705 0.907427
vt 0.818197 0.906279
vt 0.723400 0.947337
vt 0.723705 0.907427
f 2809/2809/2809 2810/2810/2810 2811/2811/2811
f 2812/2812/2812 2813/2813/2813 2814/2814/2814
f 2815/2815/2815 2816/2816/2816 2817/2817/2817
f 2818/2818/2818 2819/2819/2819 2820/2820/2820
f 2821/2821/2821 2822/2822/2822 2823/2823/2823
f 2824/2824/2824 2825/2825/2825 2826/2826/2826
f 2827/2827/2827 2828/2828/2828 2829/2829/2829
f 2830/2830/2830 2831/2831/2831 2832/2832/2832
f 2833/2833/2833 2834/2834/2834 2835/2835/2835
f 2836/2836/2836 2837/2837/2837 2838/2838/2838
f 2839/2839/2839 2840/2840/2840 2841/2841/2841
f 2842/2842/2842 2843/2843/2843 2844/2844/2844
f 2845/2845/2845 2846/2846/2846 2847/2847/2847
f 2848/2848/2848 2849/2849/2849 2850/2850/2850
f 2851/2851/2851 2852/2852/2852 2853/2853/2853
f 2854/2854/2854 2855/2855/2855 2856/2856/2856
f 2857/2857/2857 2858/2858/2858 2859/2859/2859
f 2860/2860/2860 2861/2861/2861 2862/2862/2862
f 2863/2863/2863 2864/2864/2864 2865/2865/2865
f 2866/2866/2866 2867/2867/2867 2868/2868/2868
f 2869/2869/2869 2870/2870/2870 2871/2871/2871
f 2872/2872/2872 2873/2873/2873 2874/2874/2874
f 2875/2875/2875 2876/2876/2876 2877/2877/2877
f 2878/2878/2878 2879/2879/2879 2880/2880/2880
f 2881/2881/2881 2882/2882/2882 2883/2883/2883
f 2884/2884/2884 2885/2885/2885 2886/2886/2886
f 2887/2887/2887 2888/2888/2888 2889/2889/2889
f 2890/2890/2890 2891/2891/2891 2892/2892/2892
f 2893/2893/2893 2894/2894/2894 2895/2895/2895
f 2896/2896/2896 2897/2897/2897 2898/2898/2898
f 2899/2899/2899 2900/2900/2900 2901/2901/2901
f 2902/2902/2902 2903/2903/2903 2904/2904/2904
f 2905/2905/2905 2906/2906/2906 2907/2907/2907
f 2908/2908/2908 2909/2909/2909 2910/2910/2910
f 2911/2911/2911 2912/2912/2912 2913/2913/2913
f 2914/2914/2914 2915/2915/2915 2916/2916/2916
f 2917/2917/2917 2918/2918/2918 2919/2919/2919
f 2920/2920/2920 2921/2921/2921 2922/2922/2922
f 2923/2923/2923 2924/2924/2924 2925/2925/2925
f 2926/2926/2926 2927/2927/2927 2928/2928/2928
f 2929/2929/2929 2930/2930/2930 2931/2931/2931
f 2932/2932/2932 2933/2933/2933 2934/2934/2934
f 2935/2935/2935 2936/2936/2936 2937/2937/2937
f 2938/2938/2938 2939/2939/2939 2940/2940/2940
f 2941/2941/2941 2942/2942/2942 2943/2943/2943
f 2944/2944/2944 2945/2945/2945 2946/2946/2946
f 2947/2947/2947 2948/2948/2948 2949/2949/2949
f 2950/2950/2950 2951/2951/2951 2952/2952/2952
f 2953/2953/2953 2954/2954/2954 2955/2955/2955
f 2956/2956/2956 2957/2957/2957 2958/2958/2958
f 2959/2959/2959 2960/2960/2960 2961/2961/2961
f 2962/2962/2962 2963/2963/2963 2964/2964/2964
f 2965/2965/2965 2966/2966/2966 2967/2967/2967
f 2968/2968/2968 2969/2969/2969 2970/2970/2970
f 2971/2971/2971 2972/2972/2972 2973/2973/2973
f 2974/2974/2974 2975/2975/2975 2976/2976/2976
f 2977/2977/2977 2978/2978/2978 2979/2979/2979
f 2980/2980/2980 2981/2981/2981 2982/2982/2982
f 2983/2983/2983 2984/2984/2984 2985/2985/2985
f 2986/2986/2986 2987/2987/2987 2988/2988/2988
f 2989/2989/2989 2990/2990/2990 2991/2991/2991
f 2992/2992/2992 2993/2993/2993 2994/2994/2994
f 2995/2995/2995 2996/2996/2996 2997/2997/2997
f 2998/2998/2998 2999/2999/2999 3000/3000/3000
f 3001/3001/3001 3002/3002/3002 3003/3003/3003
f 3004/3004/3004 3005/3005/3005 3006/3006/3006
f 3007/3007/3007 3008/3008/3008 3009/3009/3009
f 3010/3010/3010 3011/3011/3011 3012/3012/3012
f 3013/3013/3013 3014/3014/3014 3015/3015/3015
f 3016/3016/3016 3017/3017/3017 3018/3018/3018
f 3019/3019/3019 3020/3020/3020 3021/3021/3021
f 3022/3022/3022 3023/3023/3023 3024/3024/3024
f 3025/3025/3025 3026/3026/3026 3027/3027/3027
f 3028/3028/3028 3029/3029/3029 3030/3030/3030
f 3031/3031/3031 3032/3032/3032 3033/3033/3033
f 3034/3034/3034 3035/3035/3035 3036/3036/3036
f 3037/3037/3037 3038/3038/3038 3039/3039/3039
f 3040/3040/3040 3041/3041/3041 3042/3042/3042
f 3043/3043/3043 3044/3044/3044 3045/3045/3045
f 3046/3046/3046 3047/3047/3047 3048/3048/3048
f 3049/3049/3049 3050/3050/3050 3051/3051/3051
f 3052/3052/3052 3053/3053/3053 3054/3054/3054
f 3055/3055/3055 3056/3056/3056 3057/3057/3057
f 3058/3058/3058 3059/3059/3059 3060/3060/3060
f 3061/3061/3061 3062/3062/3062 3063/3063/3063
f 3064/3064/3064 3065/3065/3065 3066/3066/3066
f 3067/3067/3067 3068/3068/3068 3069/3069/3069
f 3070/3070/3070 3071/3071/3071 3072/3072/3072
f 3073/3073/3073 3074/3074/3074 3075/3075/3075
f 3076/3076/3076 3077/3077/3077 3078/3078/3078
f 3079/3079/3079 3080/3080/3080 3081/3081/3081
f 3082/3082/3082 3083/3083/3083 3084/3084/3084
f 3085/3085/3085 3086/3086/3086 3087/3087/3087
f 3088/3088/3088 3089/3089/3089 3090/3090/3090
f 3091/3091/3091 3092/3092/3092 3093/3093/3093
f 3094/3094/3094 3095/3095/3095 3096/3096/3096
f 3097/3097/3097 3098/3098/3098 3099/3099/3099
f 3100/3100/3100 3101/3101/3101 3102/3102/3102
f 3103/3103/3103 3104/3104/3104 3105/3105/3105
f 3106/3106/3106 3107/3107/3107 3108/3108/3108
f 3109/3109/3109 3110/3110/3110 3111/3111/3111
f 3112/3112/3112 3113/3113/3113 3114/3114/3114
f 3115/3115/3115 3116/3116/3116 3117/3117/3117
f 3118/3118/3118 3119/3119/3119 3120/3120/3120
f 3121/3121/3121 3122/3122/3122 3123/3123/3123
f 3124/3124/3124 3125/3125/3125 3126/3126/3126
f 3127/3127/3127 3128/3128/3128 3129/3129/3129
f 3130/3130/3130 3131/3131/3131 3132/3132/3132
f 3133/3133/3133 3134/3134/3134 3135/3135/3135
f 3136/3136/3136 3137/3137/3137 3138/3138/3138
f 3139/3139/3139 3140/3140/3140 3141/3141/3141
f 3142/3142/3142 3143/3143/3143 3144/3144/3144
f 3145/3145/3145 3146/3146/3146 3147/3147/3147
f 3148/3148/3148 3149/3149/3149 3150/3150/3150
f 3151/3151/3151 3152/3152/3152 3153/3153/3153
f 3154/3154/3154 3155/3155/3155 3156/3156/3156
f 3157/3157/3157 3158/3158/3158 3159/3159/3159
f 3160/3160/3160 3161/3161/3161 3162/3162/3162
f 3163/3163/3163 3164/3164/3164 3165/3165/3165
f 3166/3166/3166 3167/3167/3167 3168/3168/3168
f 3169/3169/3169 3170/3170/3170 3171/3171/3171
f 3172/3172/3172 3173/3173/3173 3174/3174/3174
f 3175/3175/3175 3176/3176/3176 3177/3177/3177
f 3178/3178/3178 3179/3179/3179 3180/3180/3180
f 3181/3181/3181 3182/3182/3182 3183/3183/3183
f 3184/3184/3184 3185/3185/3185 3186/3186/3186
f 3187/3187/3187 3188/3188/3188 3189/3189/3189
f 3190/3190/3190 3191/3191/3191 3192/3192/3192
f 3193/3193/3193 3194/3194/3194 3195/3195/3195
f 3196/3196/3196 3197/3197/3197 3198/3198/3198
f 3199/3199/3199 3200/3200/3200 3201/3201/3201
f 3202/3202/3202 3203/3203/3203 3204/3204/3204
f 3205/3205/3205 3206/3206/3206 3207/3207/3207
f 3208/3208/3208 3209/3209/3209 3210/3210/3210
f 3211/3211/3211 3212/3212/3212 3213/3213/3213
f 3214/3214/3214 3215/3215/3215 3216/3216/3216
f 3217/3217/3217 3218/3218/3218 3219/3219/3219
f 3220/3220/3220 3221/3221/3221 3222/3222/3222
f 3223/3223/3223 3224/3224/3224 3225/3225/3225
f 3226/3226/3226 3227/3227/3227 3228/3228/3228
